Country Name,Country Code,year,population,continent,region,pop_millions,growth_rate,decade,status
Algeria,DZA,1960,11424922.0,Africa,Sub-Saharan Africa,11.424922,,1960,Standard
Algeria,DZA,1961,11628883.0,Africa,Sub-Saharan Africa,11.628883,1.7852288181923637,1960,Standard
Algeria,DZA,1962,11800771.0,Africa,Sub-Saharan Africa,11.800771,1.478112730173664,1960,Standard
Algeria,DZA,1963,11982118.0,Africa,Sub-Saharan Africa,11.982118,1.536738574115204,1960,Standard
Algeria,DZA,1964,12179813.0,Africa,Sub-Saharan Africa,12.179813,1.6499169846265982,1960,Standard
Algeria,DZA,1965,12365976.0,Africa,Sub-Saharan Africa,12.365976,1.5284553219331087,1960,Standard
Algeria,DZA,1966,12590069.0,Africa,Sub-Saharan Africa,12.590069,1.8121739844877638,1960,Standard
Algeria,DZA,1967,12876118.0,Africa,Sub-Saharan Africa,12.876118,2.272020907907657,1960,Standard
Algeria,DZA,1968,13172614.0,Africa,Sub-Saharan Africa,13.172614,2.3026816001531003,1960,Standard
Algeria,DZA,1969,13475960.0,Africa,Sub-Saharan Africa,13.47596,2.30285348071384,1960,Standard
Algeria,DZA,1970,13783719.0,Africa,Sub-Saharan Africa,13.783719,2.2837630862662106,1970,Standard
Algeria,DZA,1971,14098936.0,Africa,Sub-Saharan Africa,14.098936,2.286879179704693,1970,Standard
Algeria,DZA,1972,14427072.0,Africa,Sub-Saharan Africa,14.427072,2.3273813002626653,1970,Standard
Algeria,DZA,1973,14771147.0,Africa,Sub-Saharan Africa,14.771147,2.3849260612271106,1970,Standard
Algeria,DZA,1974,15133502.0,Africa,Sub-Saharan Africa,15.133502,2.4531270320443,1970,Standard
Algeria,DZA,1975,15678596.0,Africa,Sub-Saharan Africa,15.678596,3.6019025867244814,1970,Standard
Algeria,DZA,1976,16409170.0,Africa,Sub-Saharan Africa,16.40917,4.65969019164727,1970,Standard
Algeria,DZA,1977,17015994.0,Africa,Sub-Saharan Africa,17.015994,3.69807857435811,1970,Standard
Algeria,DZA,1978,17506974.0,Africa,Sub-Saharan Africa,17.506974,2.8854029920320823,1970,Standard
Algeria,DZA,1979,18036655.0,Africa,Sub-Saharan Africa,18.036655,3.0255428493810577,1970,Standard
Algeria,DZA,1980,18607174.0,Africa,Sub-Saharan Africa,18.607174,3.1631086806284126,1980,Standard
Algeria,DZA,1981,19220704.0,Africa,Sub-Saharan Africa,19.220704,3.2972766310456425,1980,Standard
Algeria,DZA,1982,19872348.0,Africa,Sub-Saharan Africa,19.872348,3.3903232680759343,1980,Standard
Algeria,DZA,1983,20558115.0,Africa,Sub-Saharan Africa,20.558115,3.4508604619846617,1980,Standard
Algeria,DZA,1984,21271969.0,Africa,Sub-Saharan Africa,21.271969,3.472370886143983,1980,Standard
Algeria,DZA,1985,22008544.0,Africa,Sub-Saharan Africa,22.008544,3.462655478672416,1980,Standard
Algeria,DZA,1986,22745499.0,Africa,Sub-Saharan Africa,22.745499,3.3484950208428232,1980,Standard
Algeria,DZA,1987,23443624.0,Africa,Sub-Saharan Africa,23.443624,3.069288565619077,1980,Standard
Algeria,DZA,1988,24109536.0,Africa,Sub-Saharan Africa,24.109536,2.840482341808581,1980,Standard
Algeria,DZA,1989,24754485.0,Africa,Sub-Saharan Africa,24.754485,2.6750784419907525,1980,Standard
Algeria,DZA,1990,25375810.0,Africa,Sub-Saharan Africa,25.37581,2.509949207184081,1990,Standard
Algeria,DZA,1991,25987928.0,Africa,Sub-Saharan Africa,25.987928,2.4122106841121482,1990,Standard
Algeria,DZA,1992,26628568.0,Africa,Sub-Saharan Africa,26.628568,2.465144585593748,1990,Standard
Algeria,DZA,1993,27277048.0,Africa,Sub-Saharan Africa,27.277048,2.4352792835123482,1990,Standard
Algeria,DZA,1994,27887279.0,Africa,Sub-Saharan Africa,27.887279,2.237159240985309,1990,Standard
Algeria,DZA,1995,28470191.0,Africa,Sub-Saharan Africa,28.470191,2.090243368669986,1990,Standard
Algeria,DZA,1996,29033044.0,Africa,Sub-Saharan Africa,29.033044,1.9769906004494242,1990,Standard
Algeria,DZA,1997,29579301.0,Africa,Sub-Saharan Africa,29.579301,1.8815009545674943,1990,Standard
Algeria,DZA,1998,30054133.0,Africa,Sub-Saharan Africa,30.054133,1.6052847225835443,1990,Large Population
Algeria,DZA,1999,30474354.0,Africa,Sub-Saharan Africa,30.474354,1.3982136832894065,1990,Large Population
Algeria,DZA,2000,30903893.0,Africa,Sub-Saharan Africa,30.903893,1.4095097799283973,2000,Large Population
Algeria,DZA,2001,31331221.0,Africa,Sub-Saharan Africa,31.331221,1.3827643009248103,2000,Large Population
Algeria,DZA,2002,31750835.0,Africa,Sub-Saharan Africa,31.750835,1.3392839047032368,2000,Large Population
Algeria,DZA,2003,32175818.0,Africa,Sub-Saharan Africa,32.175818,1.338493932521767,2000,Large Population
Algeria,DZA,2004,32628286.0,Africa,Sub-Saharan Africa,32.628286,1.4062361988745664,2000,Large Population
Algeria,DZA,2005,33109249.0,Africa,Sub-Saharan Africa,33.109249,1.4740676234111794,2000,Large Population
Algeria,DZA,2006,33623506.0,Africa,Sub-Saharan Africa,33.623506,1.553212517746938,2000,Large Population
Algeria,DZA,2007,34189416.0,Africa,Sub-Saharan Africa,34.189416,1.683078498714563,2000,Large Population
Algeria,DZA,2008,34816961.0,Africa,Sub-Saharan Africa,34.816961,1.8354949379655983,2000,Large Population
Algeria,DZA,2009,35490445.0,Africa,Sub-Saharan Africa,35.490445,1.9343560743282584,2000,Large Population
Algeria,DZA,2010,36188236.0,Africa,Sub-Saharan Africa,36.188236,1.9661376463439684,2010,Large Population
Algeria,DZA,2011,36903376.0,Africa,Sub-Saharan Africa,36.903376,1.9761670615832116,2010,Large Population
Algeria,DZA,2012,37646166.0,Africa,Sub-Saharan Africa,37.646166,2.0127968779875216,2010,Large Population
Algeria,DZA,2013,38414171.0,Africa,Sub-Saharan Africa,38.414171,2.040061662587367,2010,Large Population
Algeria,DZA,2014,39205031.0,Africa,Sub-Saharan Africa,39.205031,2.058771488261457,2010,Large Population
Algeria,DZA,2015,40019529.0,Africa,Sub-Saharan Africa,40.019529,2.077534385829205,2010,Large Population
Algeria,DZA,2016,40850721.0,Africa,Sub-Saharan Africa,40.850721,2.076965973287681,2010,Large Population
Algeria,DZA,2017,41689299.0,Africa,Sub-Saharan Africa,41.689299,2.0527862898674476,2010,Large Population
Algeria,DZA,2018,42505035.0,Africa,Sub-Saharan Africa,42.505035,1.9567035655840614,2010,Large Population
Algeria,DZA,2019,43294546.0,Africa,Sub-Saharan Africa,43.294546,1.857452887640254,2010,Large Population
Algeria,DZA,2020,44042091.0,Africa,Sub-Saharan Africa,44.042091,1.7266493567111185,2020,Large Population
Algeria,DZA,2021,44761099.0,Africa,Sub-Saharan Africa,44.761099,1.632547373829274,2020,Large Population
Algeria,DZA,2022,45477389.0,Africa,Sub-Saharan Africa,45.477389,1.600251146648568,2020,Large Population
Algeria,DZA,2023,46164219.0,Africa,Sub-Saharan Africa,46.164219,1.510267003235377,2020,Large Population
Algeria,DZA,2024,46814308.0,Africa,Sub-Saharan Africa,46.814308,1.4082096785824616,2020,Large Population
Angola,AGO,1960,5231654.0,Africa,Sub-Saharan Africa,5.231654,,1960,Standard
Angola,AGO,1961,5301583.0,Africa,Sub-Saharan Africa,5.301583,1.3366518504472902,1960,Standard
Angola,AGO,1962,5354310.0,Africa,Sub-Saharan Africa,5.35431,0.9945520045616663,1960,Standard
Angola,AGO,1963,5408320.0,Africa,Sub-Saharan Africa,5.40832,1.0087200778438277,1960,Standard
Angola,AGO,1964,5464187.0,Africa,Sub-Saharan Africa,5.464187,1.032982515827463,1960,Standard
Angola,AGO,1965,5521981.0,Africa,Sub-Saharan Africa,5.521981,1.0576870813535422,1960,Standard
Angola,AGO,1966,5581386.0,Africa,Sub-Saharan Africa,5.581386,1.0757914596229101,1960,Standard
Angola,AGO,1967,5641807.0,Africa,Sub-Saharan Africa,5.641807,1.0825447299290802,1960,Standard
Angola,AGO,1968,5702699.0,Africa,Sub-Saharan Africa,5.702699,1.0792995931977023,1960,Standard
Angola,AGO,1969,5763685.0,Africa,Sub-Saharan Africa,5.763685,1.0694234431801508,1960,Standard
Angola,AGO,1970,5852788.0,Africa,Sub-Saharan Africa,5.852788,1.545938058724583,1970,Standard
Angola,AGO,1971,5991102.0,Africa,Sub-Saharan Africa,5.991102,2.3632156162157303,1970,Standard
Angola,AGO,1972,6174262.0,Africa,Sub-Saharan Africa,6.174262,3.057200495000756,1970,Standard
Angola,AGO,1973,6388528.0,Africa,Sub-Saharan Africa,6.388528,3.470309488000356,1970,Standard
Angola,AGO,1974,6613367.0,Africa,Sub-Saharan Africa,6.613367,3.5194179316424767,1970,Standard
Angola,AGO,1975,6842947.0,Africa,Sub-Saharan Africa,6.842947,3.4714541019725598,1970,Standard
Angola,AGO,1976,7074664.0,Africa,Sub-Saharan Africa,7.074664,3.386216494150829,1970,Standard
Angola,AGO,1977,7317829.0,Africa,Sub-Saharan Africa,7.317829,3.4371243637860482,1970,Standard
Angola,AGO,1978,7576734.0,Africa,Sub-Saharan Africa,7.576734,3.538002869430268,1970,Standard
Angola,AGO,1979,7847207.0,Africa,Sub-Saharan Africa,7.847207,3.5697834977445497,1970,Standard
Angola,AGO,1980,8133872.0,Africa,Sub-Saharan Africa,8.133872,3.653083192529527,1980,Standard
Angola,AGO,1981,8435607.0,Africa,Sub-Saharan Africa,8.435607,3.7096108716734078,1980,Standard
Angola,AGO,1982,8751648.0,Africa,Sub-Saharan Africa,8.751648,3.7465116618163874,1980,Standard
Angola,AGO,1983,9082983.0,Africa,Sub-Saharan Africa,9.082983,3.7859726533791216,1980,Standard
Angola,AGO,1984,9425917.0,Africa,Sub-Saharan Africa,9.425917,3.775565802556269,1980,Standard
Angola,AGO,1985,9779120.0,Africa,Sub-Saharan Africa,9.77912,3.747147359774128,1980,Standard
Angola,AGO,1986,10139450.0,Africa,Sub-Saharan Africa,10.13945,3.684687374733109,1980,Standard
Angola,AGO,1987,10497858.0,Africa,Sub-Saharan Africa,10.497858,3.5347873898485593,1980,Standard
Angola,AGO,1988,10861291.0,Africa,Sub-Saharan Africa,10.861291,3.461972909140121,1980,Standard
Angola,AGO,1989,11238562.0,Africa,Sub-Saharan Africa,11.238562,3.4735373538928194,1980,Standard
Angola,AGO,1990,11626360.0,Africa,Sub-Saharan Africa,11.62636,3.450601598318359,1990,Standard
Angola,AGO,1991,12023529.0,Africa,Sub-Saharan Africa,12.023529,3.416107878992225,1990,Standard
Angola,AGO,1992,12423712.0,Africa,Sub-Saharan Africa,12.423712,3.328332305764814,1990,Standard
Angola,AGO,1993,12827135.0,Africa,Sub-Saharan Africa,12.827135,3.247201802488653,1990,Standard
Angola,AGO,1994,13249764.0,Africa,Sub-Saharan Africa,13.249764,3.294804334716983,1990,Standard
Angola,AGO,1995,13699778.0,Africa,Sub-Saharan Africa,13.699778,3.3963925697091613,1990,Standard
Angola,AGO,1996,14170973.0,Africa,Sub-Saharan Africa,14.170973,3.4394352959588037,1990,Standard
Angola,AGO,1997,14660413.0,Africa,Sub-Saharan Africa,14.660413,3.4538207080064387,1990,Standard
Angola,AGO,1998,15159370.0,Africa,Sub-Saharan Africa,15.15937,3.403430721903944,1990,Standard
Angola,AGO,1999,15667235.0,Africa,Sub-Saharan Africa,15.667235,3.350172203726154,1990,Standard
Angola,AGO,2000,16194869.0,Africa,Sub-Saharan Africa,16.194869,3.3677544250788394,2000,Standard
Angola,AGO,2001,16747208.0,Africa,Sub-Saharan Africa,16.747208,3.4105802276017227,2000,Standard
Angola,AGO,2002,17327699.0,Africa,Sub-Saharan Africa,17.327699,3.466195678706563,2000,Standard
Angola,AGO,2003,17943712.0,Africa,Sub-Saharan Africa,17.943712,3.555076758893372,2000,Standard
Angola,AGO,2004,18600423.0,Africa,Sub-Saharan Africa,18.600423,3.6598391681721187,2000,Standard
Angola,AGO,2005,19291161.0,Africa,Sub-Saharan Africa,19.291161,3.7135607077322996,2000,Standard
Angola,AGO,2006,20015279.0,Africa,Sub-Saharan Africa,20.015279,3.7536258185808524,2000,Standard
Angola,AGO,2007,20778561.0,Africa,Sub-Saharan Africa,20.778561,3.813496679211914,2000,Standard
Angola,AGO,2008,21578655.0,Africa,Sub-Saharan Africa,21.578655,3.8505746379645878,2000,Standard
Angola,AGO,2009,22414773.0,Africa,Sub-Saharan Africa,22.414773,3.874745668810231,2000,Standard
Angola,AGO,2010,23294825.0,Africa,Sub-Saharan Africa,23.294825,3.9262141981094345,2010,Standard
Angola,AGO,2011,24218352.0,Africa,Sub-Saharan Africa,24.218352,3.9645157239859063,2010,Standard
Angola,AGO,2012,25177394.0,Africa,Sub-Saharan Africa,25.177394,3.959980431368737,2010,Standard
Angola,AGO,2013,26165620.0,Africa,Sub-Saharan Africa,26.16562,3.9250527675739555,2010,Standard
Angola,AGO,2014,27160769.0,Africa,Sub-Saharan Africa,27.160769,3.803269328225367,2010,Standard
Angola,AGO,2015,28157798.0,Africa,Sub-Saharan Africa,28.157798,3.6708423093617215,2010,Standard
Angola,AGO,2016,29183070.0,Africa,Sub-Saharan Africa,29.18307,3.6411654064710586,2010,Standard
Angola,AGO,2017,30234839.0,Africa,Sub-Saharan Africa,30.234839,3.604038231755613,2010,Large Population
Angola,AGO,2018,31297155.0,Africa,Sub-Saharan Africa,31.297155,3.5135493858591493,2010,Large Population
Angola,AGO,2019,32375632.0,Africa,Sub-Saharan Africa,32.375632,3.4459266345455264,2010,Large Population
Angola,AGO,2020,33451132.0,Africa,Sub-Saharan Africa,33.451132,3.3219428735784984,2020,Large Population
Angola,AGO,2021,34532429.0,Africa,Sub-Saharan Africa,34.532429,3.232467588839749,2020,Large Population
Angola,AGO,2022,35635029.0,Africa,Sub-Saharan Africa,35.635029,3.1929407572227175,2020,Large Population
Angola,AGO,2023,36749906.0,Africa,Sub-Saharan Africa,36.749906,3.1285985483553214,2020,Large Population
Angola,AGO,2024,37885849.0,Africa,Sub-Saharan Africa,37.885849,3.091009266799216,2020,Large Population
Benin,BEN,1960,2517286.0,Africa,West Africa,2.517286,,1960,Standard
Benin,BEN,1961,2559223.0,Africa,West Africa,2.559223,1.6659608800907,1960,Standard
Benin,BEN,1962,2604659.0,Africa,West Africa,2.604659,1.7753826063613865,1960,Standard
Benin,BEN,1963,2652908.0,Africa,West Africa,2.652908,1.8524113905121542,1960,Standard
Benin,BEN,1964,2704003.0,Africa,West Africa,2.704003,1.9259996954285707,1960,Standard
Benin,BEN,1965,2757936.0,Africa,West Africa,2.757936,1.9945613965665077,1960,Standard
Benin,BEN,1966,2814317.0,Africa,West Africa,2.814317,2.0443186498888988,1960,Standard
Benin,BEN,1967,2872997.0,Africa,West Africa,2.872997,2.085052963116807,1960,Standard
Benin,BEN,1968,2934257.0,Africa,West Africa,2.934257,2.1322681506454666,1960,Standard
Benin,BEN,1969,2998222.0,Africa,West Africa,2.998222,2.17993856707166,1960,Standard
Benin,BEN,1970,3065057.0,Africa,West Africa,3.065057,2.2291544788878292,1970,Standard
Benin,BEN,1971,3134767.0,Africa,West Africa,3.134767,2.274345958329649,1970,Standard
Benin,BEN,1972,3207543.0,Africa,West Africa,3.207543,2.3215760533398466,1970,Standard
Benin,BEN,1973,3283496.0,Africa,West Africa,3.283496,2.3679495489226543,1970,Standard
Benin,BEN,1974,3362633.0,Africa,West Africa,3.362633,2.4101445532444643,1970,Standard
Benin,BEN,1975,3445407.0,Africa,West Africa,3.445407,2.461582932184392,1970,Standard
Benin,BEN,1976,3532196.0,Africa,West Africa,3.532196,2.518976713055965,1970,Standard
Benin,BEN,1977,3623202.0,Africa,West Africa,3.623202,2.5764708413689386,1970,Standard
Benin,BEN,1978,3718305.0,Africa,West Africa,3.718305,2.6248329516267654,1970,Standard
Benin,BEN,1979,3818528.0,Africa,West Africa,3.818528,2.6953948102697245,1970,Standard
Benin,BEN,1980,3925251.0,Africa,West Africa,3.925251,2.7948727886766944,1980,Standard
Benin,BEN,1981,4038307.0,Africa,West Africa,4.038307,2.8802234557739004,1980,Standard
Benin,BEN,1982,4156596.0,Africa,West Africa,4.156596,2.9291730420693662,1980,Standard
Benin,BEN,1983,4278978.0,Africa,West Africa,4.278978,2.9442842171815586,1980,Standard
Benin,BEN,1984,4405895.0,Africa,West Africa,4.405895,2.9660587177592346,1980,Standard
Benin,BEN,1985,4538012.0,Africa,West Africa,4.538012,2.998641592684348,1980,Standard
Benin,BEN,1986,4675420.0,Africa,West Africa,4.67542,3.0279338177157777,1980,Standard
Benin,BEN,1987,4818486.0,Africa,West Africa,4.818486,3.059960388585403,1980,Standard
Benin,BEN,1988,4967341.0,Africa,West Africa,4.967341,3.0892483655654557,1980,Standard
Benin,BEN,1989,5121657.0,Africa,West Africa,5.121657,3.106611766737988,1980,Standard
Benin,BEN,1990,5281479.0,Africa,West Africa,5.281479,3.120513536927594,1990,Standard
Benin,BEN,1991,5446932.0,Africa,West Africa,5.446932,3.1327020328964617,1990,Standard
Benin,BEN,1992,5617844.0,Africa,West Africa,5.617844,3.137766360953287,1990,Standard
Benin,BEN,1993,5872706.0,Africa,West Africa,5.872706,4.536651427131111,1990,Standard
Benin,BEN,1994,6096506.0,Africa,West Africa,6.096506,3.81084971731942,1990,Standard
Benin,BEN,1995,6226773.0,Africa,West Africa,6.226773,2.136748491677043,1990,Standard
Benin,BEN,1996,6391858.0,Africa,West Africa,6.391858,2.65121275498561,1990,Standard
Benin,BEN,1997,6583365.0,Africa,West Africa,6.583365,2.996108486765503,1990,Standard
Benin,BEN,1998,6789489.0,Africa,West Africa,6.789489,3.1309824079327253,1990,Standard
Benin,BEN,1999,7002818.0,Africa,West Africa,7.002818,3.142047950884086,1990,Standard
Benin,BEN,2000,7221619.0,Africa,West Africa,7.221619,3.1244707487757095,2000,Standard
Benin,BEN,2001,7445596.0,Africa,West Africa,7.445596,3.1014790450728524,2000,Standard
Benin,BEN,2002,7675426.0,Africa,West Africa,7.675426,3.0867911715865226,2000,Standard
Benin,BEN,2003,7913070.0,Africa,West Africa,7.91307,3.096166909823639,2000,Standard
Benin,BEN,2004,8159094.0,Africa,West Africa,8.159094,3.109084084937952,2000,Standard
Benin,BEN,2005,8426144.0,Africa,West Africa,8.426144,3.273034971775046,2000,Standard
Benin,BEN,2006,8693242.0,Africa,West Africa,8.693242,3.1698722452405237,2000,Standard
Benin,BEN,2007,8953969.0,Africa,West Africa,8.953969,2.999191785987332,2000,Standard
Benin,BEN,2008,9228466.0,Africa,West Africa,9.228466,3.0656460838763167,2000,Standard
Benin,BEN,2009,9509423.0,Africa,West Africa,9.509423,3.04446047696334,2000,Standard
Benin,BEN,2010,9797484.0,Africa,West Africa,9.797484,3.029216388838729,2010,Standard
Benin,BEN,2011,10093623.0,Africa,West Africa,10.093623,3.022602537549446,2010,Standard
Benin,BEN,2012,10397657.0,Africa,West Africa,10.397657,3.0121394468566987,2010,Standard
Benin,BEN,2013,10708834.0,Africa,West Africa,10.708834,2.992760772931824,2010,Standard
Benin,BEN,2014,11030004.0,Africa,West Africa,11.030004,2.9991126951823155,2010,Standard
Benin,BEN,2015,11360681.0,Africa,West Africa,11.360681,2.9979771539520694,2010,Standard
Benin,BEN,2016,11697842.0,Africa,West Africa,11.697842,2.9677886387268426,2010,Standard
Benin,BEN,2017,12039780.0,Africa,West Africa,12.03978,2.9230861555490373,2010,Standard
Benin,BEN,2018,12383347.0,Africa,West Africa,12.383347,2.8535986537959968,2010,Standard
Benin,BEN,2019,12726755.0,Africa,West Africa,12.726755,2.7731436420218136,2010,Standard
Benin,BEN,2020,13070169.0,Africa,West Africa,13.070169,2.698362622679551,2020,Standard
Benin,BEN,2021,13413417.0,Africa,West Africa,13.413417,2.626194045386865,2020,Standard
Benin,BEN,2022,13759501.0,Africa,West Africa,13.759501,2.5801330115957866,2020,Standard
Benin,BEN,2023,14111034.0,Africa,West Africa,14.111034,2.5548382895571597,2020,Standard
Benin,BEN,2024,14462724.0,Africa,West Africa,14.462724,2.49230495794992,2020,Standard
Botswana,BWA,1960,516165.0,Africa,Sub-Saharan Africa,0.516165,,1960,Standard
Botswana,BWA,1961,527942.0,Africa,Sub-Saharan Africa,0.527942,2.281634748578454,1960,Standard
Botswana,BWA,1962,540186.0,Africa,Sub-Saharan Africa,0.540186,2.31919415390327,1960,Standard
Botswana,BWA,1963,552966.0,Africa,Sub-Saharan Africa,0.552966,2.365851762170812,1960,Standard
Botswana,BWA,1964,566266.0,Africa,Sub-Saharan Africa,0.566266,2.405211170307031,1960,Standard
Botswana,BWA,1965,574664.0,Africa,Sub-Saharan Africa,0.574664,1.483048602600201,1960,Standard
Botswana,BWA,1966,577866.0,Africa,Sub-Saharan Africa,0.577866,0.557195160998436,1960,Standard
Botswana,BWA,1967,580933.0,Africa,Sub-Saharan Africa,0.580933,0.5307458822633615,1960,Standard
Botswana,BWA,1968,583966.0,Africa,Sub-Saharan Africa,0.583966,0.5220911877961809,1960,Standard
Botswana,BWA,1969,587066.0,Africa,Sub-Saharan Africa,0.587066,0.5308528236232846,1960,Standard
Botswana,BWA,1970,590334.0,Africa,Sub-Saharan Africa,0.590334,0.5566665417517047,1970,Standard
Botswana,BWA,1971,600481.0,Africa,Sub-Saharan Africa,0.600481,1.7188574603529627,1970,Standard
Botswana,BWA,1972,622407.0,Africa,Sub-Saharan Africa,0.622407,3.6514061227582495,1970,Standard
Botswana,BWA,1973,652408.0,Africa,Sub-Saharan Africa,0.652408,4.820157870975095,1970,Standard
Botswana,BWA,1974,685448.0,Africa,Sub-Saharan Africa,0.685448,5.064315581660561,1970,Standard
Botswana,BWA,1975,720380.0,Africa,Sub-Saharan Africa,0.72038,5.096229035608824,1970,Standard
Botswana,BWA,1976,758508.0,Africa,Sub-Saharan Africa,0.758508,5.292762153307984,1970,Standard
Botswana,BWA,1977,799574.0,Africa,Sub-Saharan Africa,0.799574,5.414049687017153,1970,Standard
Botswana,BWA,1978,849239.0,Africa,Sub-Saharan Africa,0.849239,6.2114325878530385,1970,Standard
Botswana,BWA,1979,901742.0,Africa,Sub-Saharan Africa,0.901742,6.182358558662515,1970,Standard
Botswana,BWA,1980,937485.0,Africa,Sub-Saharan Africa,0.937485,3.963772342865246,1980,Standard
Botswana,BWA,1981,969996.0,Africa,Sub-Saharan Africa,0.969996,3.4678954863277767,1980,Standard
Botswana,BWA,1982,1009269.0,Africa,Sub-Saharan Africa,1.009269,4.048779582596218,1980,Standard
Botswana,BWA,1983,1046137.0,Africa,Sub-Saharan Africa,1.046137,3.652940890882417,1980,Standard
Botswana,BWA,1984,1083660.0,Africa,Sub-Saharan Africa,1.08366,3.5868151112139257,1980,Standard
Botswana,BWA,1985,1121945.0,Africa,Sub-Saharan Africa,1.121945,3.5329346843105736,1980,Standard
Botswana,BWA,1986,1160650.0,Africa,Sub-Saharan Africa,1.16065,3.4498126022220355,1980,Standard
Botswana,BWA,1987,1199167.0,Africa,Sub-Saharan Africa,1.199167,3.318571490113298,1980,Standard
Botswana,BWA,1988,1235476.0,Africa,Sub-Saharan Africa,1.235476,3.027851833814643,1980,Standard
Botswana,BWA,1989,1270274.0,Africa,Sub-Saharan Africa,1.270274,2.8165662465317043,1980,Standard
Botswana,BWA,1990,1305696.0,Africa,Sub-Saharan Africa,1.305696,2.788532237926611,1990,Standard
Botswana,BWA,1991,1341756.0,Africa,Sub-Saharan Africa,1.341756,2.7617454598926505,1990,Standard
Botswana,BWA,1992,1380033.0,Africa,Sub-Saharan Africa,1.380033,2.852754152021686,1990,Standard
Botswana,BWA,1993,1420115.0,Africa,Sub-Saharan Africa,1.420115,2.9044233000225406,1990,Standard
Botswana,BWA,1994,1460023.0,Africa,Sub-Saharan Africa,1.460023,2.8101949490006106,1990,Standard
Botswana,BWA,1995,1498836.0,Africa,Sub-Saharan Africa,1.498836,2.6583827789014247,1990,Standard
Botswana,BWA,1996,1535914.0,Africa,Sub-Saharan Africa,1.535914,2.4737863248547542,1990,Standard
Botswana,BWA,1997,1571691.0,Africa,Sub-Saharan Africa,1.571691,2.3293621908518247,1990,Standard
Botswana,BWA,1998,1606899.0,Africa,Sub-Saharan Africa,1.606899,2.240134988366038,1990,Standard
Botswana,BWA,1999,1641997.0,Africa,Sub-Saharan Africa,1.641997,2.1842069725601876,1990,Standard
Botswana,BWA,2000,1677382.0,Africa,Sub-Saharan Africa,1.677382,2.1549978471337106,2000,Standard
Botswana,BWA,2001,1712254.0,Africa,Sub-Saharan Africa,1.712254,2.078953989013832,2000,Standard
Botswana,BWA,2002,1744763.0,Africa,Sub-Saharan Africa,1.744763,1.898608500841581,2000,Standard
Botswana,BWA,2003,1775736.0,Africa,Sub-Saharan Africa,1.775736,1.7751981214640722,2000,Standard
Botswana,BWA,2004,1807146.0,Africa,Sub-Saharan Africa,1.807146,1.7688440173539322,2000,Standard
Botswana,BWA,2005,1839877.0,Africa,Sub-Saharan Africa,1.839877,1.8111984311173446,2000,Standard
Botswana,BWA,2006,1874516.0,Africa,Sub-Saharan Africa,1.874516,1.8826802009047405,2000,Standard
Botswana,BWA,2007,1911201.0,Africa,Sub-Saharan Africa,1.911201,1.9570385102074317,2000,Standard
Botswana,BWA,2008,1949970.0,Africa,Sub-Saharan Africa,1.94997,2.0285150541465846,2000,Standard
Botswana,BWA,2009,1990673.0,Africa,Sub-Saharan Africa,1.990673,2.087365446647893,2000,Standard
Botswana,BWA,2010,2033111.0,Africa,Sub-Saharan Africa,2.033111,2.131841844441551,2010,Standard
Botswana,BWA,2011,2073535.0,Africa,Sub-Saharan Africa,2.073535,1.988282981106293,2010,Standard
Botswana,BWA,2012,2108617.0,Africa,Sub-Saharan Africa,2.108617,1.6918933126279567,2010,Standard
Botswana,BWA,2013,2140682.0,Africa,Sub-Saharan Africa,2.140682,1.5206649666582361,2010,Standard
Botswana,BWA,2014,2172044.0,Africa,Sub-Saharan Africa,2.172044,1.4650471204971094,2010,Standard
Botswana,BWA,2015,2203273.0,Africa,Sub-Saharan Africa,2.203273,1.4377701372532137,2010,Standard
Botswana,BWA,2016,2234776.0,Africa,Sub-Saharan Africa,2.234776,1.4298273523072336,2010,Standard
Botswana,BWA,2017,2266747.0,Africa,Sub-Saharan Africa,2.266747,1.4306131800234212,2010,Standard
Botswana,BWA,2018,2299141.0,Africa,Sub-Saharan Africa,2.299141,1.429096409965469,2010,Standard
Botswana,BWA,2019,2332083.0,Africa,Sub-Saharan Africa,2.332083,1.4327959877188823,2010,Standard
Botswana,BWA,2020,2365894.0,Africa,Sub-Saharan Africa,2.365894,1.4498197534135837,2020,Standard
Botswana,BWA,2021,2401441.0,Africa,Sub-Saharan Africa,2.401441,1.5024764423089199,2020,Standard
Botswana,BWA,2022,2439892.0,Africa,Sub-Saharan Africa,2.439892,1.6011636346676905,2020,Standard
Botswana,BWA,2023,2480244.0,Africa,Sub-Saharan Africa,2.480244,1.6538436947209245,2020,Standard
Botswana,BWA,2024,2521139.0,Africa,Sub-Saharan Africa,2.521139,1.648829711915445,2020,Standard
Burkina Faso,BFA,1960,4778621.0,Africa,Sub-Saharan Africa,4.778621,,1960,Standard
Burkina Faso,BFA,1961,4848224.0,Africa,Sub-Saharan Africa,4.848224,1.45654991262123,1960,Standard
Burkina Faso,BFA,1962,4919672.0,Africa,Sub-Saharan Africa,4.919672,1.4736942847525247,1960,Standard
Burkina Faso,BFA,1963,4993623.0,Africa,Sub-Saharan Africa,4.993623,1.5031693169788474,1960,Standard
Burkina Faso,BFA,1964,5071034.0,Africa,Sub-Saharan Africa,5.071034,1.5501971214086474,1960,Standard
Burkina Faso,BFA,1965,5152833.0,Africa,Sub-Saharan Africa,5.152833,1.613063529055414,1960,Standard
Burkina Faso,BFA,1966,5237933.0,Africa,Sub-Saharan Africa,5.237933,1.6515186888455435,1960,Standard
Burkina Faso,BFA,1967,5326348.0,Africa,Sub-Saharan Africa,5.326348,1.6879750084623169,1960,Standard
Burkina Faso,BFA,1968,5418644.0,Africa,Sub-Saharan Africa,5.418644,1.732819560419263,1960,Standard
Burkina Faso,BFA,1969,5513177.0,Africa,Sub-Saharan Africa,5.513177,1.744587760332661,1960,Standard
Burkina Faso,BFA,1970,5610304.0,Africa,Sub-Saharan Africa,5.610304,1.7617246825197164,1970,Standard
Burkina Faso,BFA,1971,5707999.0,Africa,Sub-Saharan Africa,5.707999,1.7413494883699698,1970,Standard
Burkina Faso,BFA,1972,5807234.0,Africa,Sub-Saharan Africa,5.807234,1.738525181942041,1970,Standard
Burkina Faso,BFA,1973,5911927.0,Africa,Sub-Saharan Africa,5.911927,1.802803193396385,1970,Standard
Burkina Faso,BFA,1974,6024904.0,Africa,Sub-Saharan Africa,6.024904,1.911001269129331,1970,Standard
Burkina Faso,BFA,1975,6147569.0,Africa,Sub-Saharan Africa,6.147569,2.0359660502474286,1970,Standard
Burkina Faso,BFA,1976,6280635.0,Africa,Sub-Saharan Africa,6.280635,2.1645304021801204,1970,Standard
Burkina Faso,BFA,1977,6428734.0,Africa,Sub-Saharan Africa,6.428734,2.3580259002473403,1970,Standard
Burkina Faso,BFA,1978,6590984.0,Africa,Sub-Saharan Africa,6.590984,2.52382506415727,1970,Standard
Burkina Faso,BFA,1979,6763903.0,Africa,Sub-Saharan Africa,6.763903,2.6235688024731862,1970,Standard
Burkina Faso,BFA,1980,6947900.0,Africa,Sub-Saharan Africa,6.9479,2.720278513751606,1980,Standard
Burkina Faso,BFA,1981,7140271.0,Africa,Sub-Saharan Africa,7.140271,2.7687646627038376,1980,Standard
Burkina Faso,BFA,1982,7340197.0,Africa,Sub-Saharan Africa,7.340197,2.799977759947758,1980,Standard
Burkina Faso,BFA,1983,7551129.0,Africa,Sub-Saharan Africa,7.551129,2.8736558432968407,1980,Standard
Burkina Faso,BFA,1984,7772256.0,Africa,Sub-Saharan Africa,7.772256,2.9283965351406316,1980,Standard
Burkina Faso,BFA,1985,7999935.0,Africa,Sub-Saharan Africa,7.999935,2.929381121774677,1980,Standard
Burkina Faso,BFA,1986,8228847.0,Africa,Sub-Saharan Africa,8.228847,2.861423249063888,1980,Standard
Burkina Faso,BFA,1987,8457109.0,Africa,Sub-Saharan Africa,8.457109,2.7739244635366367,1980,Standard
Burkina Faso,BFA,1988,8687435.0,Africa,Sub-Saharan Africa,8.687435,2.7234602273661146,1980,Standard
Burkina Faso,BFA,1989,8921175.0,Africa,Sub-Saharan Africa,8.921175,2.690552504853283,1980,Standard
Burkina Faso,BFA,1990,9159356.0,Africa,Sub-Saharan Africa,9.159356,2.669838894540244,1990,Standard
Burkina Faso,BFA,1991,9394632.0,Africa,Sub-Saharan Africa,9.394632,2.5686958777451085,1990,Standard
Burkina Faso,BFA,1992,9629275.0,Africa,Sub-Saharan Africa,9.629275,2.4976284329178533,1990,Standard
Burkina Faso,BFA,1993,9871713.0,Africa,Sub-Saharan Africa,9.871713,2.5177181044263364,1990,Standard
Burkina Faso,BFA,1994,10123798.0,Africa,Sub-Saharan Africa,10.123798,2.5536094900652007,1990,Standard
Burkina Faso,BFA,1995,10386722.0,Africa,Sub-Saharan Africa,10.386722,2.597088563007688,1990,Standard
Burkina Faso,BFA,1996,10655942.0,Africa,Sub-Saharan Africa,10.655942,2.5919630851773956,1990,Standard
Burkina Faso,BFA,1997,10934223.0,Africa,Sub-Saharan Africa,10.934223,2.6115100851712647,1990,Standard
Burkina Faso,BFA,1998,11240664.0,Africa,Sub-Saharan Africa,11.240664,2.8025859725012037,1990,Standard
Burkina Faso,BFA,1999,11574928.0,Africa,Sub-Saharan Africa,11.574928,2.973703332828026,1990,Standard
Burkina Faso,BFA,2000,11925546.0,Africa,Sub-Saharan Africa,11.925546,3.0291160342422963,2000,Standard
Burkina Faso,BFA,2001,12295001.0,Africa,Sub-Saharan Africa,12.295001,3.0980132901252455,2000,Standard
Burkina Faso,BFA,2002,12680897.0,Africa,Sub-Saharan Africa,12.680897,3.1386414690002917,2000,Standard
Burkina Faso,BFA,2003,13082532.0,Africa,Sub-Saharan Africa,13.082532,3.167244399193536,2000,Standard
Burkina Faso,BFA,2004,13500533.0,Africa,Sub-Saharan Africa,13.500533,3.1951077971756447,2000,Standard
Burkina Faso,BFA,2005,13932123.0,Africa,Sub-Saharan Africa,13.932123,3.1968367471121306,2000,Standard
Burkina Faso,BFA,2006,14373707.0,Africa,Sub-Saharan Africa,14.373707,3.169538483115608,2000,Standard
Burkina Faso,BFA,2007,14816307.0,Africa,Sub-Saharan Africa,14.816307,3.079233492097755,2000,Standard
Burkina Faso,BFA,2008,15258093.0,Africa,Sub-Saharan Africa,15.258093,2.9817551701648792,2000,Standard
Burkina Faso,BFA,2009,15710066.0,Africa,Sub-Saharan Africa,15.710066,2.9621853792606956,2000,Standard
Burkina Faso,BFA,2010,16176498.0,Africa,Sub-Saharan Africa,16.176498,2.9690008940764567,2010,Standard
Burkina Faso,BFA,2011,16661908.0,Africa,Sub-Saharan Africa,16.661908,3.00071127879471,2010,Standard
Burkina Faso,BFA,2012,17172287.0,Africa,Sub-Saharan Africa,17.172287,3.0631485901854605,2010,Standard
Burkina Faso,BFA,2013,17695409.0,Africa,Sub-Saharan Africa,17.695409,3.0463152636570845,2010,Standard
Burkina Faso,BFA,2014,18229461.0,Africa,Sub-Saharan Africa,18.229461,3.018025748938613,2010,Standard
Burkina Faso,BFA,2015,18777487.0,Africa,Sub-Saharan Africa,18.777487,3.0062655171208874,2010,Standard
Burkina Faso,BFA,2016,19334856.0,Africa,Sub-Saharan Africa,19.334856,2.968283242587244,2010,Standard
Burkina Faso,BFA,2017,19894407.0,Africa,Sub-Saharan Africa,19.894407,2.8940013827876365,2010,Standard
Burkina Faso,BFA,2018,20438288.0,Africa,Sub-Saharan Africa,20.438288,2.73383871155346,2010,Standard
Burkina Faso,BFA,2019,20961952.0,Africa,Sub-Saharan Africa,20.961952,2.5621715478321816,2010,Standard
Burkina Faso,BFA,2020,21478690.0,Africa,Sub-Saharan Africa,21.47869,2.465123477050235,2020,Standard
Burkina Faso,BFA,2021,21995243.0,Africa,Sub-Saharan Africa,21.995243,2.404955795721242,2020,Standard
Burkina Faso,BFA,2022,22509038.0,Africa,Sub-Saharan Africa,22.509038,2.3359369114494433,2020,Standard
Burkina Faso,BFA,2023,23025776.0,Africa,Sub-Saharan Africa,23.025776,2.295691179694126,2020,Standard
Burkina Faso,BFA,2024,23548781.0,Africa,Sub-Saharan Africa,23.548781,2.2713892465556773,2020,Standard
Burundi,BDI,1960,2764258.0,Africa,Sub-Saharan Africa,2.764258,,1960,Standard
Burundi,BDI,1961,2835119.0,Africa,Sub-Saharan Africa,2.835119,2.563472729390681,1960,Standard
Burundi,BDI,1962,2907943.0,Africa,Sub-Saharan Africa,2.907943,2.5686399759586864,1960,Standard
Burundi,BDI,1963,2969841.0,Africa,Sub-Saharan Africa,2.969841,2.1285836758148324,1960,Standard
Burundi,BDI,1964,3055650.0,Africa,Sub-Saharan Africa,3.05565,2.8893466013837132,1960,Standard
Burundi,BDI,1965,3141367.0,Africa,Sub-Saharan Africa,3.141367,2.805196930276699,1960,Standard
Burundi,BDI,1966,3217960.0,Africa,Sub-Saharan Africa,3.21796,2.438206042146618,1960,Standard
Burundi,BDI,1967,3300690.0,Africa,Sub-Saharan Africa,3.30069,2.5708834168230776,1960,Standard
Burundi,BDI,1968,3380387.0,Africa,Sub-Saharan Africa,3.380387,2.414555744404967,1960,Standard
Burundi,BDI,1969,3454590.0,Africa,Sub-Saharan Africa,3.45459,2.1951036967069237,1960,Standard
Burundi,BDI,1970,3530432.0,Africa,Sub-Saharan Africa,3.530432,2.1953980067099144,1970,Standard
Burundi,BDI,1971,3617289.0,Africa,Sub-Saharan Africa,3.617289,2.460237160778056,1970,Standard
Burundi,BDI,1972,3617128.0,Africa,Sub-Saharan Africa,3.617128,-0.004450847029369154,1970,Standard
Burundi,BDI,1973,3611991.0,Africa,Sub-Saharan Africa,3.611991,-0.14201875078792003,1970,Standard
Burundi,BDI,1974,3703590.0,Africa,Sub-Saharan Africa,3.70359,2.535969774011071,1970,Standard
Burundi,BDI,1975,3796612.0,Africa,Sub-Saharan Africa,3.796612,2.511671108303015,1970,Standard
Burundi,BDI,1976,3882626.0,Africa,Sub-Saharan Africa,3.882626,2.265546229111637,1970,Standard
Burundi,BDI,1977,3983582.0,Africa,Sub-Saharan Africa,3.983582,2.6001989375232126,1970,Standard
Burundi,BDI,1978,4100338.0,Africa,Sub-Saharan Africa,4.100338,2.930930002193999,1970,Standard
Burundi,BDI,1979,4203530.0,Africa,Sub-Saharan Africa,4.20353,2.5166705769134046,1970,Standard
Burundi,BDI,1980,4383706.0,Africa,Sub-Saharan Africa,4.383706,4.286302226937844,1980,Standard
Burundi,BDI,1981,4566014.0,Africa,Sub-Saharan Africa,4.566014,4.1587642966932625,1980,Standard
Burundi,BDI,1982,4681390.0,Africa,Sub-Saharan Africa,4.68139,2.5268428874725357,1980,Standard
Burundi,BDI,1983,4808528.0,Africa,Sub-Saharan Africa,4.808528,2.715817310670543,1980,Standard
Burundi,BDI,1984,4926465.0,Africa,Sub-Saharan Africa,4.926465,2.452663268260058,1980,Standard
Burundi,BDI,1985,5034042.0,Africa,Sub-Saharan Africa,5.034042,2.1836550142952493,1980,Standard
Burundi,BDI,1986,5129414.0,Africa,Sub-Saharan Africa,5.129414,1.89454120565542,1980,Standard
Burundi,BDI,1987,5247787.0,Africa,Sub-Saharan Africa,5.247787,2.307729498925215,1980,Standard
Burundi,BDI,1988,5365327.0,Africa,Sub-Saharan Africa,5.365327,2.2398012724220706,1980,Standard
Burundi,BDI,1989,5471706.0,Africa,Sub-Saharan Africa,5.471706,1.982712330487968,1980,Standard
Burundi,BDI,1990,5587052.0,Africa,Sub-Saharan Africa,5.587052,2.1080445477150933,1990,Standard
Burundi,BDI,1991,5703857.0,Africa,Sub-Saharan Africa,5.703857,2.090637423814923,1990,Standard
Burundi,BDI,1992,5858407.0,Africa,Sub-Saharan Africa,5.858407,2.7095700330495687,1990,Standard
Burundi,BDI,1993,5676843.0,Africa,Sub-Saharan Africa,5.676843,-3.0992042717414514,1990,Standard
Burundi,BDI,1994,5713854.0,Africa,Sub-Saharan Africa,5.713854,0.6519644809623859,1990,Standard
Burundi,BDI,1995,6066316.0,Africa,Sub-Saharan Africa,6.066316,6.168551034030623,1990,Standard
Burundi,BDI,1996,6070506.0,Africa,Sub-Saharan Africa,6.070506,0.06906992645947518,1990,Standard
Burundi,BDI,1997,6070042.0,Africa,Sub-Saharan Africa,6.070042,-0.007643514395672124,1990,Standard
Burundi,BDI,1998,6187108.0,Africa,Sub-Saharan Africa,6.187108,1.9285863260913194,1990,Standard
Burundi,BDI,1999,6337155.0,Africa,Sub-Saharan Africa,6.337155,2.425155662387013,1990,Standard
Burundi,BDI,2000,6470194.0,Africa,Sub-Saharan Africa,6.470194,2.0993489980914104,2000,Standard
Burundi,BDI,2001,6634365.0,Africa,Sub-Saharan Africa,6.634365,2.5373427751934408,2000,Standard
Burundi,BDI,2002,6824132.0,Africa,Sub-Saharan Africa,6.824132,2.8603641795409196,2000,Standard
Burundi,BDI,2003,7043154.0,Africa,Sub-Saharan Africa,7.043154,3.2095217384423336,2000,Standard
Burundi,BDI,2004,7310656.0,Africa,Sub-Saharan Africa,7.310656,3.7980427518694126,2000,Standard
Burundi,BDI,2005,7587299.0,Africa,Sub-Saharan Africa,7.587299,3.784106378415286,2000,Standard
Burundi,BDI,2006,7865547.0,Africa,Sub-Saharan Africa,7.865547,3.6672866062086085,2000,Standard
Burundi,BDI,2007,8161874.0,Africa,Sub-Saharan Africa,8.161874,3.7674048607172494,2000,Standard
Burundi,BDI,2008,8505637.0,Africa,Sub-Saharan Africa,8.505637,4.211814590619745,2000,Standard
Burundi,BDI,2009,8947646.0,Africa,Sub-Saharan Africa,8.947646,5.196659579993823,2000,Standard
Burundi,BDI,2010,9376444.0,Africa,Sub-Saharan Africa,9.376444,4.792299561247737,2010,Standard
Burundi,BDI,2011,9717978.0,Africa,Sub-Saharan Africa,9.717978,3.6424682960832566,2010,Standard
Burundi,BDI,2012,10071028.0,Africa,Sub-Saharan Africa,10.071028,3.6329573909305024,2010,Standard
Burundi,BDI,2013,10439341.0,Africa,Sub-Saharan Africa,10.439341,3.6571539668045716,2010,Standard
Burundi,BDI,2014,10799785.0,Africa,Sub-Saharan Africa,10.799785,3.45274668199842,2010,Standard
Burundi,BDI,2015,11047580.0,Africa,Sub-Saharan Africa,11.04758,2.294443824576131,2010,Standard
Burundi,BDI,2016,11239451.0,Africa,Sub-Saharan Africa,11.239451,1.7367695006508255,2010,Standard
Burundi,BDI,2017,11506762.0,Africa,Sub-Saharan Africa,11.506762,2.378327909432576,2010,Standard
Burundi,BDI,2018,11859446.0,Africa,Sub-Saharan Africa,11.859446,3.065015162388862,2010,Standard
Burundi,BDI,2019,12255336.0,Africa,Sub-Saharan Africa,12.255336,3.338182913434573,2010,Standard
Burundi,BDI,2020,12617036.0,Africa,Sub-Saharan Africa,12.617036,2.9513674696475034,2020,Standard
Burundi,BDI,2021,12965481.0,Africa,Sub-Saharan Africa,12.965481,2.761702510795727,2020,Standard
Burundi,BDI,2022,13321097.0,Africa,Sub-Saharan Africa,13.321097,2.742790645406834,2020,Standard
Burundi,BDI,2023,13689450.0,Africa,Sub-Saharan Africa,13.68945,2.7651851795689186,2020,Standard
Burundi,BDI,2024,14047786.0,Africa,Sub-Saharan Africa,14.047786,2.617606989323895,2020,Standard
Cabo Verde,CPV,1960,210024.0,Africa,Sub-Saharan Africa,0.210024,,1960,Standard
Cabo Verde,CPV,1961,215087.0,Africa,Sub-Saharan Africa,0.215087,2.4106768750238095,1960,Standard
Cabo Verde,CPV,1962,221919.0,Africa,Sub-Saharan Africa,0.221919,3.1763890890662783,1960,Standard
Cabo Verde,CPV,1963,229373.0,Africa,Sub-Saharan Africa,0.229373,3.3588831961210985,1960,Standard
Cabo Verde,CPV,1964,237006.0,Africa,Sub-Saharan Africa,0.237006,3.327767435574369,1960,Standard
Cabo Verde,CPV,1965,244856.0,Africa,Sub-Saharan Africa,0.244856,3.312152434959459,1960,Standard
Cabo Verde,CPV,1966,252976.0,Africa,Sub-Saharan Africa,0.252976,3.3162348482373316,1960,Standard
Cabo Verde,CPV,1967,261404.0,Africa,Sub-Saharan Africa,0.261404,3.331541331984056,1960,Standard
Cabo Verde,CPV,1968,270164.0,Africa,Sub-Saharan Africa,0.270164,3.3511346421630783,1960,Standard
Cabo Verde,CPV,1969,279248.0,Africa,Sub-Saharan Africa,0.279248,3.3624020965043355,1960,Standard
Cabo Verde,CPV,1970,287885.0,Africa,Sub-Saharan Africa,0.287885,3.0929496361657094,1970,Standard
Cabo Verde,CPV,1971,294046.0,Africa,Sub-Saharan Africa,0.294046,2.1400906612015325,1970,Standard
Cabo Verde,CPV,1972,297386.0,Africa,Sub-Saharan Africa,0.297386,1.135876699564009,1970,Standard
Cabo Verde,CPV,1973,299881.0,Africa,Sub-Saharan Africa,0.299881,0.8389769525128932,1970,Standard
Cabo Verde,CPV,1974,302570.0,Africa,Sub-Saharan Africa,0.30257,0.8966890199779254,1970,Standard
Cabo Verde,CPV,1975,305847.0,Africa,Sub-Saharan Africa,0.305847,1.083055160789237,1970,Standard
Cabo Verde,CPV,1976,309455.0,Africa,Sub-Saharan Africa,0.309455,1.1796748047226302,1970,Standard
Cabo Verde,CPV,1977,312834.0,Africa,Sub-Saharan Africa,0.312834,1.0919196652178886,1970,Standard
Cabo Verde,CPV,1978,316147.0,Africa,Sub-Saharan Africa,0.316147,1.0590281107552224,1970,Standard
Cabo Verde,CPV,1979,319480.0,Africa,Sub-Saharan Africa,0.31948,1.0542564060389559,1970,Standard
Cabo Verde,CPV,1980,323301.0,Africa,Sub-Saharan Africa,0.323301,1.1960060097658598,1980,Standard
Cabo Verde,CPV,1981,327846.0,Africa,Sub-Saharan Africa,0.327846,1.4058106841611906,1980,Standard
Cabo Verde,CPV,1982,332724.0,Africa,Sub-Saharan Africa,0.332724,1.4878937061913122,1980,Standard
Cabo Verde,CPV,1983,337654.0,Africa,Sub-Saharan Africa,0.337654,1.4817085632536253,1980,Standard
Cabo Verde,CPV,1984,342505.0,Africa,Sub-Saharan Africa,0.342505,1.436677782582163,1980,Standard
Cabo Verde,CPV,1985,347365.0,Africa,Sub-Saharan Africa,0.347365,1.4189573874833883,1980,Standard
Cabo Verde,CPV,1986,352312.0,Africa,Sub-Saharan Africa,0.352312,1.4241503893599017,1980,Standard
Cabo Verde,CPV,1987,357302.0,Africa,Sub-Saharan Africa,0.357302,1.4163582279343334,1980,Standard
Cabo Verde,CPV,1988,362329.0,Africa,Sub-Saharan Africa,0.362329,1.4069330706237393,1980,Standard
Cabo Verde,CPV,1989,367803.0,Africa,Sub-Saharan Africa,0.367803,1.5107816376828787,1980,Standard
Cabo Verde,CPV,1990,375428.0,Africa,Sub-Saharan Africa,0.375428,2.0731206651386724,1990,Standard
Cabo Verde,CPV,1991,384586.0,Africa,Sub-Saharan Africa,0.384586,2.4393492227537728,1990,Standard
Cabo Verde,CPV,1992,393415.0,Africa,Sub-Saharan Africa,0.393415,2.295715392656006,1990,Standard
Cabo Verde,CPV,1993,401965.0,Africa,Sub-Saharan Africa,0.401965,2.1732775821969197,1990,Standard
Cabo Verde,CPV,1994,410228.0,Africa,Sub-Saharan Africa,0.410228,2.0556516114587087,1990,Standard
Cabo Verde,CPV,1995,418104.0,Africa,Sub-Saharan Africa,0.418104,1.919907953625799,1990,Standard
Cabo Verde,CPV,1996,425581.0,Africa,Sub-Saharan Africa,0.425581,1.7883110422287185,1990,Standard
Cabo Verde,CPV,1997,432798.0,Africa,Sub-Saharan Africa,0.432798,1.6957993895404089,1990,Standard
Cabo Verde,CPV,1998,439784.0,Africa,Sub-Saharan Africa,0.439784,1.614147939685484,1990,Standard
Cabo Verde,CPV,1999,446519.0,Africa,Sub-Saharan Africa,0.446519,1.5314336128644968,1990,Standard
Cabo Verde,CPV,2000,453317.0,Africa,Sub-Saharan Africa,0.453317,1.522443613821589,2000,Standard
Cabo Verde,CPV,2001,460293.0,Africa,Sub-Saharan Africa,0.460293,1.5388789743159936,2000,Standard
Cabo Verde,CPV,2002,467046.0,Africa,Sub-Saharan Africa,0.467046,1.4671089936192816,2000,Standard
Cabo Verde,CPV,2003,473383.0,Africa,Sub-Saharan Africa,0.473383,1.3568256659943545,2000,Standard
Cabo Verde,CPV,2004,479370.0,Africa,Sub-Saharan Africa,0.47937,1.264726447717801,2000,Standard
Cabo Verde,CPV,2005,485115.0,Africa,Sub-Saharan Africa,0.485115,1.1984479629513656,2000,Standard
Cabo Verde,CPV,2006,490728.0,Africa,Sub-Saharan Africa,0.490728,1.1570452366964634,2000,Standard
Cabo Verde,CPV,2007,496190.0,Africa,Sub-Saharan Africa,0.49619,1.1130402177988552,2000,Standard
Cabo Verde,CPV,2008,501355.0,Africa,Sub-Saharan Africa,0.501355,1.0409319010862728,2000,Standard
Cabo Verde,CPV,2009,506141.0,Africa,Sub-Saharan Africa,0.506141,0.9546129987733298,2000,Standard
Cabo Verde,CPV,2010,509784.0,Africa,Sub-Saharan Africa,0.509784,0.7197599088001105,2010,Standard
Cabo Verde,CPV,2011,511447.0,Africa,Sub-Saharan Africa,0.511447,0.3262165936945838,2010,Standard
Cabo Verde,CPV,2012,511955.0,Africa,Sub-Saharan Africa,0.511955,0.09932602987210437,2010,Standard
Cabo Verde,CPV,2013,512225.0,Africa,Sub-Saharan Africa,0.512225,0.05273901026456862,2010,Standard
Cabo Verde,CPV,2014,512326.0,Africa,Sub-Saharan Africa,0.512326,0.01971789740835561,2010,Standard
Cabo Verde,CPV,2015,512394.0,Africa,Sub-Saharan Africa,0.512394,0.013272798960040078,2010,Standard
Cabo Verde,CPV,2016,512554.0,Africa,Sub-Saharan Africa,0.512554,0.031225970639781053,2010,Standard
Cabo Verde,CPV,2017,512893.0,Africa,Sub-Saharan Africa,0.512893,0.06613937263195702,2010,Standard
Cabo Verde,CPV,2018,513415.0,Africa,Sub-Saharan Africa,0.513415,0.10177561401696344,2010,Standard
Cabo Verde,CPV,2019,514104.0,Africa,Sub-Saharan Africa,0.514104,0.1341994293115656,2010,Standard
Cabo Verde,CPV,2020,514679.0,Africa,Sub-Saharan Africa,0.514679,0.11184507414843115,2020,Standard
Cabo Verde,CPV,2021,516649.0,Africa,Sub-Saharan Africa,0.516649,0.3827628482996115,2020,Standard
Cabo Verde,CPV,2022,519741.0,Africa,Sub-Saharan Africa,0.519741,0.5984720767871377,2020,Standard
Cabo Verde,CPV,2023,522331.0,Africa,Sub-Saharan Africa,0.522331,0.49832512732304046,2020,Standard
Cabo Verde,CPV,2024,524877.0,Africa,Sub-Saharan Africa,0.524877,0.48743038418168627,2020,Standard
Cameroon,CMR,1960,5159057.0,Africa,Central Africa,5.159057,,1960,Standard
Cameroon,CMR,1961,5239273.0,Africa,Central Africa,5.239273,1.554857796686493,1960,Standard
Cameroon,CMR,1962,5338620.0,Africa,Central Africa,5.33862,1.8961981939097372,1960,Standard
Cameroon,CMR,1963,5456623.0,Africa,Central Africa,5.456623,2.2103652254702455,1960,Standard
Cameroon,CMR,1964,5578257.0,Africa,Central Africa,5.578257,2.2291076367196405,1960,Standard
Cameroon,CMR,1965,5704686.0,Africa,Central Africa,5.704686,2.26646065249414,1960,Standard
Cameroon,CMR,1966,5837295.0,Africa,Central Africa,5.837295,2.3245626490222326,1960,Standard
Cameroon,CMR,1967,5977318.0,Africa,Central Africa,5.977318,2.3987651814753264,1960,Standard
Cameroon,CMR,1968,6125863.0,Africa,Central Africa,6.125863,2.485144675254025,1960,Standard
Cameroon,CMR,1969,6283462.0,Africa,Central Africa,6.283462,2.5726824122576764,1960,Standard
Cameroon,CMR,1970,6449793.0,Africa,Central Africa,6.449793,2.6471235124840398,1970,Standard
Cameroon,CMR,1971,6624408.0,Africa,Central Africa,6.624408,2.707296187645092,1970,Standard
Cameroon,CMR,1972,6806872.0,Africa,Central Africa,6.806872,2.7544197156938344,1970,Standard
Cameroon,CMR,1973,6996660.0,Africa,Central Africa,6.99666,2.7881822957740443,1970,Standard
Cameroon,CMR,1974,7193583.0,Africa,Central Africa,7.193583,2.814528646525627,1970,Standard
Cameroon,CMR,1975,7397120.0,Africa,Central Africa,7.39712,2.8294245023655185,1970,Standard
Cameroon,CMR,1976,7597962.0,Africa,Central Africa,7.597962,2.7151377833535273,1970,Standard
Cameroon,CMR,1977,7796501.0,Africa,Central Africa,7.796501,2.613055974746903,1970,Standard
Cameroon,CMR,1978,8011921.0,Africa,Central Africa,8.011921,2.7630343406612745,1970,Standard
Cameroon,CMR,1979,8239641.0,Africa,Central Africa,8.239641,2.8422646703580856,1970,Standard
Cameroon,CMR,1980,8512219.0,Africa,Central Africa,8.512219,3.3081295653536458,1980,Standard
Cameroon,CMR,1981,8816377.0,Africa,Central Africa,8.816377,3.573192841960471,1980,Standard
Cameroon,CMR,1982,9028678.0,Africa,Central Africa,9.028678,2.408029965143288,1980,Standard
Cameroon,CMR,1983,9215397.0,Africa,Central Africa,9.215397,2.0680657788438195,1980,Standard
Cameroon,CMR,1984,9475078.0,Africa,Central Africa,9.475078,2.8179035585770285,1980,Standard
Cameroon,CMR,1985,9761730.0,Africa,Central Africa,9.76173,3.0253260184243347,1980,Standard
Cameroon,CMR,1986,10060342.0,Africa,Central Africa,10.060342,3.0590069588074975,1980,Standard
Cameroon,CMR,1987,10370749.0,Africa,Central Africa,10.370749,3.0854517669478776,1980,Standard
Cameroon,CMR,1988,10684968.0,Africa,Central Africa,10.684968,3.0298583062804862,1980,Standard
Cameroon,CMR,1989,11002745.0,Africa,Central Africa,11.002745,2.974056637324507,1980,Standard
Cameroon,CMR,1990,11331821.0,Africa,Central Africa,11.331821,2.990853646067415,1990,Standard
Cameroon,CMR,1991,11667180.0,Africa,Central Africa,11.66718,2.959444911810727,1990,Standard
Cameroon,CMR,1992,12006353.0,Africa,Central Africa,12.006353,2.9070692318109437,1990,Standard
Cameroon,CMR,1993,12353131.0,Africa,Central Africa,12.353131,2.88828755909476,1990,Standard
Cameroon,CMR,1994,12704903.0,Africa,Central Africa,12.704903,2.8476343365904544,1990,Standard
Cameroon,CMR,1995,13058516.0,Africa,Central Africa,13.058516,2.783279809377537,1990,Standard
Cameroon,CMR,1996,13414757.0,Africa,Central Africa,13.414757,2.7280358656374126,1990,Standard
Cameroon,CMR,1997,13775214.0,Africa,Central Africa,13.775214,2.6870184827052723,1990,Standard
Cameroon,CMR,1998,14144860.0,Africa,Central Africa,14.14486,2.6834138475090086,1990,Standard
Cameroon,CMR,1999,14525140.0,Africa,Central Africa,14.52514,2.6884677543644875,1990,Standard
Cameroon,CMR,2000,14912631.0,Africa,Central Africa,14.912631,2.6677264384370902,2000,Standard
Cameroon,CMR,2001,15309490.0,Africa,Central Africa,15.30949,2.6612272509123347,2000,Standard
Cameroon,CMR,2002,15725528.0,Africa,Central Africa,15.725528,2.717517043350237,2000,Standard
Cameroon,CMR,2003,16160340.0,Africa,Central Africa,16.16034,2.7650073180372603,2000,Standard
Cameroon,CMR,2004,16610487.0,Africa,Central Africa,16.610487,2.7855045129000944,2000,Standard
Cameroon,CMR,2005,17074594.0,Africa,Central Africa,17.074594,2.7940601621132544,2000,Standard
Cameroon,CMR,2006,17550407.0,Africa,Central Africa,17.550407,2.7866724093117634,2000,Standard
Cameroon,CMR,2007,18049896.0,Africa,Central Africa,18.049896,2.846025166253985,2000,Standard
Cameroon,CMR,2008,18574056.0,Africa,Central Africa,18.574056,2.903950249907261,2000,Standard
Cameroon,CMR,2009,19113974.0,Africa,Central Africa,19.113974,2.9068395185198215,2000,Standard
Cameroon,CMR,2010,19668066.0,Africa,Central Africa,19.668066,2.8988843450346913,2010,Standard
Cameroon,CMR,2011,20232304.0,Africa,Central Africa,20.232304,2.8688026570584,2010,Standard
Cameroon,CMR,2012,20809529.0,Africa,Central Africa,20.809529,2.8529869855652645,2010,Standard
Cameroon,CMR,2013,21402376.0,Africa,Central Africa,21.402376,2.8489207996970967,2010,Standard
Cameroon,CMR,2014,22059893.0,Africa,Central Africa,22.059893,3.072168248983198,2010,Standard
Cameroon,CMR,2015,22763414.0,Africa,Central Africa,22.763414,3.1891405819602037,2010,Standard
Cameroon,CMR,2016,23454161.0,Africa,Central Africa,23.454161,3.034461351008244,2010,Standard
Cameroon,CMR,2017,24128601.0,Africa,Central Africa,24.128601,2.8755665146154685,2010,Standard
Cameroon,CMR,2018,24806383.0,Africa,Central Africa,24.806383,2.809039778145439,2010,Standard
Cameroon,CMR,2019,25506095.0,Africa,Central Africa,25.506095,2.8206933675094747,2010,Standard
Cameroon,CMR,2020,26210558.0,Africa,Central Africa,26.210558,2.7619398422220165,2020,Standard
Cameroon,CMR,2021,26915758.0,Africa,Central Africa,26.915758,2.690518835959166,2020,Standard
Cameroon,CMR,2022,27632771.0,Africa,Central Africa,27.632771,2.663915316819243,2020,Standard
Cameroon,CMR,2023,28372687.0,Africa,Central Africa,28.372687,2.677675720614481,2020,Standard
Cameroon,CMR,2024,29123744.0,Africa,Central Africa,29.123744,2.64711269679887,2020,Standard
Central African Republic,CAF,1960,1702346.0,Africa,Sub-Saharan Africa,1.702346,,1960,Standard
Central African Republic,CAF,1961,1734580.0,Africa,Sub-Saharan Africa,1.73458,1.8935046106960618,1960,Standard
Central African Republic,CAF,1962,1768115.0,Africa,Sub-Saharan Africa,1.768115,1.9333210344867346,1960,Standard
Central African Republic,CAF,1963,1803063.0,Africa,Sub-Saharan Africa,1.803063,1.9765682662044037,1960,Standard
Central African Republic,CAF,1964,1839583.0,Africa,Sub-Saharan Africa,1.839583,2.025442261307564,1960,Standard
Central African Republic,CAF,1965,1877854.0,Africa,Sub-Saharan Africa,1.877854,2.0804171380144343,1960,Standard
Central African Republic,CAF,1966,1918082.0,Africa,Sub-Saharan Africa,1.918082,2.142232569731184,1960,Standard
Central African Republic,CAF,1967,1960444.0,Africa,Sub-Saharan Africa,1.960444,2.2085604265094094,1960,Standard
Central African Republic,CAF,1968,2005100.0,Africa,Sub-Saharan Africa,2.0051,2.2778513438792336,1960,Standard
Central African Republic,CAF,1969,2051515.0,Africa,Sub-Saharan Africa,2.051515,2.31484713979353,1960,Standard
Central African Republic,CAF,1970,2097505.0,Africa,Sub-Saharan Africa,2.097505,2.241757920366161,1970,Standard
Central African Republic,CAF,1971,2141450.0,Africa,Sub-Saharan Africa,2.14145,2.0951082357372197,1970,Standard
Central African Republic,CAF,1972,2183769.0,Africa,Sub-Saharan Africa,2.183769,1.9761843610637708,1970,Standard
Central African Republic,CAF,1973,2226008.0,Africa,Sub-Saharan Africa,2.226008,1.9342247279817704,1970,Standard
Central African Republic,CAF,1974,2269338.0,Africa,Sub-Saharan Africa,2.269338,1.9465338848737357,1970,Standard
Central African Republic,CAF,1975,2313916.0,Africa,Sub-Saharan Africa,2.313916,1.964361412887805,1970,Standard
Central African Republic,CAF,1976,2348566.0,Africa,Sub-Saharan Africa,2.348566,1.4974614463100666,1970,Standard
Central African Republic,CAF,1977,2372930.0,Africa,Sub-Saharan Africa,2.37293,1.0373989915548387,1970,Standard
Central African Republic,CAF,1978,2397961.0,Africa,Sub-Saharan Africa,2.397961,1.0548562325900956,1970,Standard
Central African Republic,CAF,1979,2423794.0,Africa,Sub-Saharan Africa,2.423794,1.077290247839735,1970,Standard
Central African Republic,CAF,1980,2450535.0,Africa,Sub-Saharan Africa,2.450535,1.103270327428807,1980,Standard
Central African Republic,CAF,1981,2478402.0,Africa,Sub-Saharan Africa,2.478402,1.1371802483947313,1980,Standard
Central African Republic,CAF,1982,2507375.0,Africa,Sub-Saharan Africa,2.507375,1.1690193923342473,1980,Standard
Central African Republic,CAF,1983,2537399.0,Africa,Sub-Saharan Africa,2.537399,1.1974275886135866,1980,Standard
Central African Republic,CAF,1984,2568610.0,Africa,Sub-Saharan Africa,2.56861,1.2300391069753003,1980,Standard
Central African Republic,CAF,1985,2600932.0,Africa,Sub-Saharan Africa,2.600932,1.2583459536480879,1980,Standard
Central African Republic,CAF,1986,2634258.0,Africa,Sub-Saharan Africa,2.634258,1.2813099304403108,1980,Standard
Central African Republic,CAF,1987,2669155.0,Africa,Sub-Saharan Africa,2.669155,1.3247373643735738,1980,Standard
Central African Republic,CAF,1988,2713965.0,Africa,Sub-Saharan Africa,2.713965,1.6788084618540422,1980,Standard
Central African Republic,CAF,1989,2783970.0,Africa,Sub-Saharan Africa,2.78397,2.5794363597172465,1980,Standard
Central African Republic,CAF,1990,2871910.0,Africa,Sub-Saharan Africa,2.87191,3.158798406592034,1990,Standard
Central African Republic,CAF,1991,2963191.0,Africa,Sub-Saharan Africa,2.963191,3.1784074013461394,1990,Standard
Central African Republic,CAF,1992,3058831.0,Africa,Sub-Saharan Africa,3.058831,3.2276015957121817,1990,Standard
Central African Republic,CAF,1993,3157839.0,Africa,Sub-Saharan Africa,3.157839,3.236792094757779,1990,Standard
Central African Republic,CAF,1994,3257954.0,Africa,Sub-Saharan Africa,3.257954,3.1703642902630502,1990,Standard
Central African Republic,CAF,1995,3348052.0,Africa,Sub-Saharan Africa,3.348052,2.7654779656189232,1990,Standard
Central African Republic,CAF,1996,3435965.0,Africa,Sub-Saharan Africa,3.435965,2.625795537225817,1990,Standard
Central African Republic,CAF,1997,3531700.0,Africa,Sub-Saharan Africa,3.5317,2.7862623746167436,1990,Standard
Central African Republic,CAF,1998,3628827.0,Africa,Sub-Saharan Africa,3.628827,2.750148653622908,1990,Standard
Central African Republic,CAF,1999,3729450.0,Africa,Sub-Saharan Africa,3.72945,2.772879500731218,1990,Standard
Central African Republic,CAF,2000,3833416.0,Africa,Sub-Saharan Africa,3.833416,2.7877032806445934,2000,Standard
Central African Republic,CAF,2001,3919487.0,Africa,Sub-Saharan Africa,3.919487,2.245282014787864,2000,Standard
Central African Republic,CAF,2002,4006077.0,Africa,Sub-Saharan Africa,4.006077,2.2092176858859336,2000,Standard
Central African Republic,CAF,2003,4103086.0,Africa,Sub-Saharan Africa,4.103086,2.4215460661390242,2000,Standard
Central African Republic,CAF,2004,4192826.0,Africa,Sub-Saharan Africa,4.192826,2.1871342691817786,2000,Standard
Central African Republic,CAF,2005,4288810.0,Africa,Sub-Saharan Africa,4.28881,2.2892435793901322,2000,Standard
Central African Republic,CAF,2006,4377579.0,Africa,Sub-Saharan Africa,4.377579,2.0697815944282993,2000,Standard
Central African Republic,CAF,2007,4462770.0,Africa,Sub-Saharan Africa,4.46277,1.946075673334513,2000,Standard
Central African Republic,CAF,2008,4558984.0,Africa,Sub-Saharan Africa,4.558984,2.1559255798528687,2000,Standard
Central African Republic,CAF,2009,4529047.0,Africa,Sub-Saharan Africa,4.529047,-0.6566594662319458,2000,Standard
Central African Republic,CAF,2010,4492995.0,Africa,Sub-Saharan Africa,4.492995,-0.7960173519948044,2010,Standard
Central African Republic,CAF,2011,4565021.0,Africa,Sub-Saharan Africa,4.565021,1.6030732284367133,2010,Standard
Central African Republic,CAF,2012,4610848.0,Africa,Sub-Saharan Africa,4.610848,1.0038727094574096,2010,Standard
Central African Republic,CAF,2013,4642419.0,Africa,Sub-Saharan Africa,4.642419,0.6847113589517617,2010,Standard
Central African Republic,CAF,2014,4623182.0,Africa,Sub-Saharan Africa,4.623182,-0.41437448881714856,2010,Standard
Central African Republic,CAF,2015,4629320.0,Africa,Sub-Saharan Africa,4.62932,0.132765701198867,2010,Standard
Central African Republic,CAF,2016,4713663.0,Africa,Sub-Saharan Africa,4.713663,1.8219306507219146,2010,Standard
Central African Republic,CAF,2017,4793511.0,Africa,Sub-Saharan Africa,4.793511,1.6939692124787076,2010,Standard
Central African Republic,CAF,2018,4878657.0,Africa,Sub-Saharan Africa,4.878657,1.776276303527835,2010,Standard
Central African Republic,CAF,2019,4944703.0,Africa,Sub-Saharan Africa,4.944703,1.353774204663294,2010,Standard
Central African Republic,CAF,2020,5026628.0,Africa,Sub-Saharan Africa,5.026628,1.6568234735230725,2020,Standard
Central African Republic,CAF,2021,5112100.0,Africa,Sub-Saharan Africa,5.1121,1.7003844326654027,2020,Standard
Central African Republic,CAF,2022,5098039.0,Africa,Sub-Saharan Africa,5.098039,-0.27505330490404933,2020,Standard
Central African Republic,CAF,2023,5152421.0,Africa,Sub-Saharan Africa,5.152421,1.0667238912844823,2020,Standard
Central African Republic,CAF,2024,5330690.0,Africa,Sub-Saharan Africa,5.33069,3.4599074881497494,2020,Standard
Chad,TCD,1960,3049838.0,Africa,Sub-Saharan Africa,3.049838,,1960,Standard
Chad,TCD,1961,3111947.0,Africa,Sub-Saharan Africa,3.111947,2.0364688222784366,1960,Standard
Chad,TCD,1962,3175598.0,Africa,Sub-Saharan Africa,3.175598,2.0453754514456746,1960,Standard
Chad,TCD,1963,3240905.0,Africa,Sub-Saharan Africa,3.240905,2.056526046432827,1960,Standard
Chad,TCD,1964,3307479.0,Africa,Sub-Saharan Africa,3.307479,2.0541793110257833,1960,Standard
Chad,TCD,1965,3374220.0,Africa,Sub-Saharan Africa,3.37422,2.0178812926703316,1960,Standard
Chad,TCD,1966,3440903.0,Africa,Sub-Saharan Africa,3.440903,1.9762493257700964,1960,Standard
Chad,TCD,1967,3508512.0,Africa,Sub-Saharan Africa,3.508512,1.964862130667444,1960,Standard
Chad,TCD,1968,3578231.0,Africa,Sub-Saharan Africa,3.578231,1.9871387072354363,1960,Standard
Chad,TCD,1969,3651113.0,Africa,Sub-Saharan Africa,3.651113,2.0368165163177077,1960,Standard
Chad,TCD,1970,3727828.0,Africa,Sub-Saharan Africa,3.727828,2.1011401180955014,1970,Standard
Chad,TCD,1971,3807316.0,Africa,Sub-Saharan Africa,3.807316,2.1322872192601094,1970,Standard
Chad,TCD,1972,3893252.0,Africa,Sub-Saharan Africa,3.893252,2.257128118601126,1970,Standard
Chad,TCD,1973,3985909.0,Africa,Sub-Saharan Africa,3.985909,2.3799384165217097,1970,Standard
Chad,TCD,1974,4078356.0,Africa,Sub-Saharan Africa,4.078356,2.3193454742694852,1970,Standard
Chad,TCD,1975,4167234.0,Africa,Sub-Saharan Africa,4.167234,2.179260466717481,1970,Standard
Chad,TCD,1976,4251297.0,Africa,Sub-Saharan Africa,4.251297,2.0172373329647497,1970,Standard
Chad,TCD,1977,4331667.0,Africa,Sub-Saharan Africa,4.331667,1.8904818929376122,1970,Standard
Chad,TCD,1978,4411366.0,Africa,Sub-Saharan Africa,4.411366,1.8399152104720873,1970,Standard
Chad,TCD,1979,4505384.0,Africa,Sub-Saharan Africa,4.505384,2.131267276394655,1970,Standard
Chad,TCD,1980,4515453.0,Africa,Sub-Saharan Africa,4.515453,0.2234881643828901,1980,Standard
Chad,TCD,1981,4520959.0,Africa,Sub-Saharan Africa,4.520959,0.12193682450021281,1980,Standard
Chad,TCD,1982,4738483.0,Africa,Sub-Saharan Africa,4.738483,4.811457038208045,1980,Standard
Chad,TCD,1983,4979130.0,Africa,Sub-Saharan Africa,4.97913,5.07856628376635,1980,Standard
Chad,TCD,1984,5045145.0,Africa,Sub-Saharan Africa,5.045145,1.32583403124642,1980,Standard
Chad,TCD,1985,5096269.0,Africa,Sub-Saharan Africa,5.096269,1.0133306376724605,1980,Standard
Chad,TCD,1986,5251069.0,Africa,Sub-Saharan Africa,5.251069,3.037516269255014,1980,Standard
Chad,TCD,1987,5438309.0,Africa,Sub-Saharan Africa,5.438309,3.565750135829493,1980,Standard
Chad,TCD,1988,5625602.0,Africa,Sub-Saharan Africa,5.625602,3.443956568117046,1980,Standard
Chad,TCD,1989,5819586.0,Africa,Sub-Saharan Africa,5.819586,3.448235406628486,1980,Standard
Chad,TCD,1990,5982833.0,Africa,Sub-Saharan Africa,5.982833,2.8051308117106544,1990,Standard
Chad,TCD,1991,6205676.0,Africa,Sub-Saharan Africa,6.205676,3.7247070075330457,1990,Standard
Chad,TCD,1992,6474656.0,Africa,Sub-Saharan Africa,6.474656,4.3344190060841115,1990,Standard
Chad,TCD,1993,6629146.0,Africa,Sub-Saharan Africa,6.629146,2.386072711816656,1990,Standard
Chad,TCD,1994,6783450.0,Africa,Sub-Saharan Africa,6.78345,2.3276603049623645,1990,Standard
Chad,TCD,1995,7089064.0,Africa,Sub-Saharan Africa,7.089064,4.50528860682986,1990,Standard
Chad,TCD,1996,7410108.0,Africa,Sub-Saharan Africa,7.410108,4.528721986428663,1990,Standard
Chad,TCD,1997,7670366.0,Africa,Sub-Saharan Africa,7.670366,3.5122025212048102,1990,Standard
Chad,TCD,1998,7938840.0,Africa,Sub-Saharan Africa,7.93884,3.500145886128503,1990,Standard
Chad,TCD,1999,8222705.0,Africa,Sub-Saharan Africa,8.222705,3.5756483314942633,1990,Standard
Chad,TCD,2000,8512093.0,Africa,Sub-Saharan Africa,8.512093,3.5193771392747264,2000,Standard
Chad,TCD,2001,8804124.0,Africa,Sub-Saharan Africa,8.804124,3.430777835721477,2000,Standard
Chad,TCD,2002,9116192.0,Africa,Sub-Saharan Africa,9.116192,3.544566160131324,2000,Standard
Chad,TCD,2003,9487833.0,Africa,Sub-Saharan Africa,9.487833,4.0767131714645855,2000,Standard
Chad,TCD,2004,9920036.0,Africa,Sub-Saharan Africa,9.920036,4.555339454225216,2000,Standard
Chad,TCD,2005,10328092.0,Africa,Sub-Saharan Africa,10.328092,4.11345281408253,2000,Standard
Chad,TCD,2006,10706424.0,Africa,Sub-Saharan Africa,10.706424,3.663135456190747,2000,Standard
Chad,TCD,2007,11081660.0,Africa,Sub-Saharan Africa,11.08166,3.504774329878968,2000,Standard
Chad,TCD,2008,11476296.0,Africa,Sub-Saharan Africa,11.476296,3.56116321922888,2000,Standard
Chad,TCD,2009,11893754.0,Africa,Sub-Saharan Africa,11.893754,3.637567382367979,2000,Standard
Chad,TCD,2010,12312575.0,Africa,Sub-Saharan Africa,12.312575,3.5213524678583408,2010,Standard
Chad,TCD,2011,12754997.0,Africa,Sub-Saharan Africa,12.754997,3.593253239066563,2010,Standard
Chad,TCD,2012,13210998.0,Africa,Sub-Saharan Africa,13.210998,3.5750772814764353,2010,Standard
Chad,TCD,2013,13691079.0,Africa,Sub-Saharan Africa,13.691079,3.6339495320489856,2010,Standard
Chad,TCD,2014,14188678.0,Africa,Sub-Saharan Africa,14.188678,3.634476143187837,2010,Standard
Chad,TCD,2015,14647621.0,Africa,Sub-Saharan Africa,14.647621,3.2345719594172095,2010,Standard
Chad,TCD,2016,15114655.0,Africa,Sub-Saharan Africa,15.114655,3.188463164086519,2010,Standard
Chad,TCD,2017,15622759.0,Africa,Sub-Saharan Africa,15.622759,3.3616645566835635,2010,Standard
Chad,TCD,2018,16156531.0,Africa,Sub-Saharan Africa,16.156531,3.416630826859701,2010,Standard
Chad,TCD,2019,16685223.0,Africa,Sub-Saharan Africa,16.685223,3.2723113643640556,2010,Standard
Chad,TCD,2020,17224679.0,Africa,Sub-Saharan Africa,17.224679,3.2331362907166428,2020,Standard
Chad,TCD,2021,17828273.0,Africa,Sub-Saharan Africa,17.828273,3.5042394694263956,2020,Standard
Chad,TCD,2022,18455316.0,Africa,Sub-Saharan Africa,18.455316,3.5171269813963457,2020,Standard
Chad,TCD,2023,19319064.0,Africa,Sub-Saharan Africa,19.319064,4.680212465611544,2020,Standard
Chad,TCD,2024,20299123.0,Africa,Sub-Saharan Africa,20.299123,5.073014924532582,2020,Standard
Comoros,COM,1960,197700.0,Africa,Sub-Saharan Africa,0.1977,,1960,Standard
Comoros,COM,1961,201201.0,Africa,Sub-Saharan Africa,0.201201,1.770864946889228,1960,Standard
Comoros,COM,1962,204702.0,Africa,Sub-Saharan Africa,0.204702,1.7400509937823383,1960,Standard
Comoros,COM,1963,208185.0,Africa,Sub-Saharan Africa,0.208185,1.7014977870269954,1960,Standard
Comoros,COM,1964,211644.0,Africa,Sub-Saharan Africa,0.211644,1.6615029901289713,1960,Standard
Comoros,COM,1965,214967.0,Africa,Sub-Saharan Africa,0.214967,1.5700893953998207,1960,Standard
Comoros,COM,1966,218663.0,Africa,Sub-Saharan Africa,0.218663,1.7193336651672109,1960,Standard
Comoros,COM,1967,223859.0,Africa,Sub-Saharan Africa,0.223859,2.3762593580075375,1960,Standard
Comoros,COM,1968,230244.0,Africa,Sub-Saharan Africa,0.230244,2.8522418129268923,1960,Standard
Comoros,COM,1969,237001.0,Africa,Sub-Saharan Africa,0.237001,2.9347127395285,1960,Standard
Comoros,COM,1970,244185.0,Africa,Sub-Saharan Africa,0.244185,3.0312108387728243,1970,Standard
Comoros,COM,1971,251865.0,Africa,Sub-Saharan Africa,0.251865,3.1451563363843027,1970,Standard
Comoros,COM,1972,260077.0,Africa,Sub-Saharan Africa,0.260077,3.2604768427530573,1970,Standard
Comoros,COM,1973,268820.0,Africa,Sub-Saharan Africa,0.26882,3.3616967282766197,1970,Standard
Comoros,COM,1974,278075.0,Africa,Sub-Saharan Africa,0.278075,3.44282419462838,1970,Standard
Comoros,COM,1975,287692.0,Africa,Sub-Saharan Africa,0.287692,3.458419491144471,1970,Standard
Comoros,COM,1976,297538.0,Africa,Sub-Saharan Africa,0.297538,3.422410077443927,1970,Standard
Comoros,COM,1977,307579.0,Africa,Sub-Saharan Africa,0.307579,3.374694996941563,1970,Standard
Comoros,COM,1978,317688.0,Africa,Sub-Saharan Africa,0.317688,3.2866353034505025,1970,Standard
Comoros,COM,1979,327791.0,Africa,Sub-Saharan Africa,0.327791,3.1801641862456265,1970,Standard
Comoros,COM,1980,337721.0,Africa,Sub-Saharan Africa,0.337721,3.029369323745934,1980,Standard
Comoros,COM,1981,347382.0,Africa,Sub-Saharan Africa,0.347382,2.8606453255793918,1980,Standard
Comoros,COM,1982,357139.0,Africa,Sub-Saharan Africa,0.357139,2.8087235377768582,1980,Standard
Comoros,COM,1983,367233.0,Africa,Sub-Saharan Africa,0.367233,2.8263505245856635,1980,Standard
Comoros,COM,1984,377637.0,Africa,Sub-Saharan Africa,0.377637,2.8330787265850255,1980,Standard
Comoros,COM,1985,388352.0,Africa,Sub-Saharan Africa,0.388352,2.837380871048123,1980,Standard
Comoros,COM,1986,399318.0,Africa,Sub-Saharan Africa,0.399318,2.823726928147652,1980,Standard
Comoros,COM,1987,410439.0,Africa,Sub-Saharan Africa,0.410439,2.7849984223100366,1980,Standard
Comoros,COM,1988,421687.0,Africa,Sub-Saharan Africa,0.421687,2.7404803149798207,1980,Standard
Comoros,COM,1989,433103.0,Africa,Sub-Saharan Africa,0.433103,2.7072212328101086,1980,Standard
Comoros,COM,1990,444596.0,Africa,Sub-Saharan Africa,0.444596,2.6536412816350774,1990,Standard
Comoros,COM,1991,455556.0,Africa,Sub-Saharan Africa,0.455556,2.465159380651194,1990,Standard
Comoros,COM,1992,465113.0,Africa,Sub-Saharan Africa,0.465113,2.0978760020721854,1990,Standard
Comoros,COM,1993,473682.0,Africa,Sub-Saharan Africa,0.473682,1.8423479885533167,1990,Standard
Comoros,COM,1994,482142.0,Africa,Sub-Saharan Africa,0.482142,1.7860083347055689,1990,Standard
Comoros,COM,1995,490586.0,Africa,Sub-Saharan Africa,0.490586,1.7513512616615046,1990,Standard
Comoros,COM,1996,499107.0,Africa,Sub-Saharan Africa,0.499107,1.7369023983562437,1990,Standard
Comoros,COM,1997,507777.0,Africa,Sub-Saharan Africa,0.507777,1.7371024650024935,1990,Standard
Comoros,COM,1998,516597.0,Africa,Sub-Saharan Africa,0.516597,1.7369829669323433,1990,Standard
Comoros,COM,1999,525886.0,Africa,Sub-Saharan Africa,0.525886,1.798113423035752,1990,Standard
Comoros,COM,2000,536080.0,Africa,Sub-Saharan Africa,0.53608,1.938442932498674,2000,Standard
Comoros,COM,2001,547220.0,Africa,Sub-Saharan Africa,0.54722,2.0780480525294687,2000,Standard
Comoros,COM,2002,558923.0,Africa,Sub-Saharan Africa,0.558923,2.1386279741237635,2000,Standard
Comoros,COM,2003,569798.0,Africa,Sub-Saharan Africa,0.569798,1.945706295858285,2000,Standard
Comoros,COM,2004,580704.0,Africa,Sub-Saharan Africa,0.580704,1.9140116321924694,2000,Standard
Comoros,COM,2005,592677.0,Africa,Sub-Saharan Africa,0.592677,2.0618077368160126,2000,Standard
Comoros,COM,2006,604753.0,Africa,Sub-Saharan Africa,0.604753,2.037534778639971,2000,Standard
Comoros,COM,2007,616927.0,Africa,Sub-Saharan Africa,0.616927,2.0130532630677322,2000,Standard
Comoros,COM,2008,629307.0,Africa,Sub-Saharan Africa,0.629307,2.0067204061420485,2000,Standard
Comoros,COM,2009,641947.0,Africa,Sub-Saharan Africa,0.641947,2.0085586208321127,2000,Standard
Comoros,COM,2010,654836.0,Africa,Sub-Saharan Africa,0.654836,2.0077981515608023,2010,Standard
Comoros,COM,2011,668056.0,Africa,Sub-Saharan Africa,0.668056,2.018826087753278,2010,Standard
Comoros,COM,2012,681630.0,Africa,Sub-Saharan Africa,0.68163,2.0318655921060413,2010,Standard
Comoros,COM,2013,696192.0,Africa,Sub-Saharan Africa,0.696192,2.13634963249858,2010,Standard
Comoros,COM,2014,711503.0,Africa,Sub-Saharan Africa,0.711503,2.1992496322853494,2010,Standard
Comoros,COM,2015,726682.0,Africa,Sub-Saharan Africa,0.726682,2.133371187472144,2010,Standard
Comoros,COM,2016,741741.0,Africa,Sub-Saharan Africa,0.741741,2.072295722200357,2010,Standard
Comoros,COM,2017,756669.0,Africa,Sub-Saharan Africa,0.756669,2.0125623364489753,2010,Standard
Comoros,COM,2018,771590.0,Africa,Sub-Saharan Africa,0.77159,1.971932245142849,2010,Standard
Comoros,COM,2019,786578.0,Africa,Sub-Saharan Africa,0.786578,1.9424824064593782,2010,Standard
Comoros,COM,2020,802163.0,Africa,Sub-Saharan Africa,0.802163,1.9813673914093721,2020,Standard
Comoros,COM,2021,818174.0,Africa,Sub-Saharan Africa,0.818174,1.9959783734727177,2020,Standard
Comoros,COM,2022,834188.0,Africa,Sub-Saharan Africa,0.834188,1.9572853696157466,2020,Standard
Comoros,COM,2023,850387.0,Africa,Sub-Saharan Africa,0.850387,1.9418883992577296,2020,Standard
Comoros,COM,2024,866628.0,Africa,Sub-Saharan Africa,0.866628,1.9098363450993583,2020,Standard
"Congo, Dem. Rep.",COD,1960,15264846.0,Africa,Sub-Saharan Africa,15.264846,,1960,Standard
"Congo, Dem. Rep.",COD,1961,15662374.0,Africa,Sub-Saharan Africa,15.662374,2.604205767945511,1960,Standard
"Congo, Dem. Rep.",COD,1962,16075724.0,Africa,Sub-Saharan Africa,16.075724,2.6391273762202294,1960,Standard
"Congo, Dem. Rep.",COD,1963,16507599.0,Africa,Sub-Saharan Africa,16.507599,2.68650419726042,1960,Standard
"Congo, Dem. Rep.",COD,1964,16955327.0,Africa,Sub-Saharan Africa,16.955327,2.7122539140913116,1960,Standard
"Congo, Dem. Rep.",COD,1965,17427802.0,Africa,Sub-Saharan Africa,17.427802,2.7865873657287876,1960,Standard
"Congo, Dem. Rep.",COD,1966,17931929.0,Africa,Sub-Saharan Africa,17.931929,2.8926596710245,1960,Standard
"Congo, Dem. Rep.",COD,1967,18462782.0,Africa,Sub-Saharan Africa,18.462782,2.9603786631098084,1960,Standard
"Congo, Dem. Rep.",COD,1968,19012189.0,Africa,Sub-Saharan Africa,19.012189,2.975754141493958,1960,Standard
"Congo, Dem. Rep.",COD,1969,19570445.0,Africa,Sub-Saharan Africa,19.570445,2.936305756270352,1960,Standard
"Congo, Dem. Rep.",COD,1970,20137436.0,Africa,Sub-Saharan Africa,20.137436,2.897179905720071,1970,Standard
"Congo, Dem. Rep.",COD,1971,20695569.0,Africa,Sub-Saharan Africa,20.695569,2.771618988633895,1970,Standard
"Congo, Dem. Rep.",COD,1972,21251160.0,Africa,Sub-Saharan Africa,21.25116,2.6845891504601704,1970,Standard
"Congo, Dem. Rep.",COD,1973,21827665.0,Africa,Sub-Saharan Africa,21.827665,2.712816618010505,1970,Standard
"Congo, Dem. Rep.",COD,1974,22418878.0,Africa,Sub-Saharan Africa,22.418878,2.708548990466908,1970,Standard
"Congo, Dem. Rep.",COD,1975,23021101.0,Africa,Sub-Saharan Africa,23.021101,2.686231666009342,1970,Standard
"Congo, Dem. Rep.",COD,1976,23624031.0,Africa,Sub-Saharan Africa,23.624031,2.6190319915628812,1970,Standard
"Congo, Dem. Rep.",COD,1977,24229061.0,Africa,Sub-Saharan Africa,24.229061,2.561078589847776,1970,Standard
"Congo, Dem. Rep.",COD,1978,24992689.0,Africa,Sub-Saharan Africa,24.992689,3.151702824967084,1970,Standard
"Congo, Dem. Rep.",COD,1979,25886782.0,Africa,Sub-Saharan Africa,25.886782,3.577418180172609,1970,Standard
"Congo, Dem. Rep.",COD,1980,26711099.0,Africa,Sub-Saharan Africa,26.711099,3.1843162274862946,1980,Standard
"Congo, Dem. Rep.",COD,1981,27500515.0,Africa,Sub-Saharan Africa,27.500515,2.955385699405322,1980,Standard
"Congo, Dem. Rep.",COD,1982,28338190.0,Africa,Sub-Saharan Africa,28.33819,3.0460338651839836,1980,Standard
"Congo, Dem. Rep.",COD,1983,29250963.0,Africa,Sub-Saharan Africa,29.250963,3.2209996474722002,1980,Standard
"Congo, Dem. Rep.",COD,1984,30245081.0,Africa,Sub-Saharan Africa,30.245081,3.3985821253132764,1980,Large Population
"Congo, Dem. Rep.",COD,1985,31264816.0,Africa,Sub-Saharan Africa,31.264816,3.371573050176324,1980,Large Population
"Congo, Dem. Rep.",COD,1986,32265196.0,Africa,Sub-Saharan Africa,32.265196,3.199698984315158,1980,Large Population
"Congo, Dem. Rep.",COD,1987,33298904.0,Africa,Sub-Saharan Africa,33.298904,3.203786519691376,1980,Large Population
"Congo, Dem. Rep.",COD,1988,34382752.0,Africa,Sub-Saharan Africa,34.382752,3.2549059272341196,1980,Large Population
"Congo, Dem. Rep.",COD,1989,35486866.0,Africa,Sub-Saharan Africa,35.486866,3.2112438236473917,1980,Large Population
"Congo, Dem. Rep.",COD,1990,36684063.0,Africa,Sub-Saharan Africa,36.684063,3.3736340650650787,1990,Large Population
"Congo, Dem. Rep.",COD,1991,37925817.0,Africa,Sub-Saharan Africa,37.925817,3.384995822300274,1990,Large Population
"Congo, Dem. Rep.",COD,1992,39228910.0,Africa,Sub-Saharan Africa,39.22891,3.435899614239024,1990,Large Population
"Congo, Dem. Rep.",COD,1993,40656336.0,Africa,Sub-Saharan Africa,40.656336,3.6387093090274547,1990,Large Population
"Congo, Dem. Rep.",COD,1994,42626876.0,Africa,Sub-Saharan Africa,42.626876,4.8468214154861355,1990,Large Population
"Congo, Dem. Rep.",COD,1995,44433704.0,Africa,Sub-Saharan Africa,44.433704,4.238706115831703,1990,Large Population
"Congo, Dem. Rep.",COD,1996,45296124.0,Africa,Sub-Saharan Africa,45.296124,1.9409140412872228,1990,Large Population
"Congo, Dem. Rep.",COD,1997,46029902.0,Africa,Sub-Saharan Africa,46.029902,1.619957592839505,1990,Large Population
"Congo, Dem. Rep.",COD,1998,47297600.0,Africa,Sub-Saharan Africa,47.2976,2.754074948932117,1990,Large Population
"Congo, Dem. Rep.",COD,1999,48912971.0,Africa,Sub-Saharan Africa,48.912971,3.415333970434009,1990,Large Population
"Congo, Dem. Rep.",COD,2000,50507442.0,Africa,Sub-Saharan Africa,50.507442,3.2598122080950587,2000,Large Population
"Congo, Dem. Rep.",COD,2001,52132646.0,Africa,Sub-Saharan Africa,52.132646,3.2177515543154955,2000,Large Population
"Congo, Dem. Rep.",COD,2002,53750524.0,Africa,Sub-Saharan Africa,53.750524,3.1033874628193736,2000,Large Population
"Congo, Dem. Rep.",COD,2003,55343867.0,Africa,Sub-Saharan Africa,55.343867,2.9643301709951775,2000,Large Population
"Congo, Dem. Rep.",COD,2004,56997741.0,Africa,Sub-Saharan Africa,56.997741,2.9883600291248147,2000,Large Population
"Congo, Dem. Rep.",COD,2005,58775724.0,Africa,Sub-Saharan Africa,58.775724,3.119392047484837,2000,Large Population
"Congo, Dem. Rep.",COD,2006,60615908.0,Africa,Sub-Saharan Africa,60.615908,3.1308572226179665,2000,Large Population
"Congo, Dem. Rep.",COD,2007,62477752.0,Africa,Sub-Saharan Africa,62.477752,3.071543529464238,2000,Large Population
"Congo, Dem. Rep.",COD,2008,64390664.0,Africa,Sub-Saharan Africa,64.390664,3.0617490846981843,2000,Large Population
"Congo, Dem. Rep.",COD,2009,66412044.0,Africa,Sub-Saharan Africa,66.412044,3.1392439127510885,2000,Large Population
"Congo, Dem. Rep.",COD,2010,68563038.0,Africa,Sub-Saharan Africa,68.563038,3.238861312565544,2010,Large Population
"Congo, Dem. Rep.",COD,2011,70849311.0,Africa,Sub-Saharan Africa,70.849311,3.334556149626855,2010,Large Population
"Congo, Dem. Rep.",COD,2012,73254618.0,Africa,Sub-Saharan Africa,73.254618,3.394961737877744,2010,Large Population
"Congo, Dem. Rep.",COD,2013,75789395.0,Africa,Sub-Saharan Africa,75.789395,3.460228268475851,2010,Large Population
"Congo, Dem. Rep.",COD,2014,78403242.0,Africa,Sub-Saharan Africa,78.403242,3.448829483333382,2010,Large Population
"Congo, Dem. Rep.",COD,2015,81035531.0,Africa,Sub-Saharan Africa,81.035531,3.3573726453811625,2010,Large Population
"Congo, Dem. Rep.",COD,2016,83956415.0,Africa,Sub-Saharan Africa,83.956415,3.6044485227103573,2010,Large Population
"Congo, Dem. Rep.",COD,2017,87083398.0,Africa,Sub-Saharan Africa,87.083398,3.7245313535600566,2010,Large Population
"Congo, Dem. Rep.",COD,2018,90047644.0,Africa,Sub-Saharan Africa,90.047644,3.4039163239817594,2010,Large Population
"Congo, Dem. Rep.",COD,2019,92947442.0,Africa,Sub-Saharan Africa,92.947442,3.2202930262117624,2010,Large Population
"Congo, Dem. Rep.",COD,2020,95989998.0,Africa,Sub-Saharan Africa,95.989998,3.2734155287458044,2020,Large Population
"Congo, Dem. Rep.",COD,2021,99148932.0,Africa,Sub-Saharan Africa,99.148932,3.2908991205521154,2020,Large Population
"Congo, Dem. Rep.",COD,2022,102396968.0,Africa,Sub-Saharan Africa,102.396968,3.2759162751243798,2020,Large Population
"Congo, Dem. Rep.",COD,2023,105789731.0,Africa,Sub-Saharan Africa,105.789731,3.3133432232095084,2020,Large Population
"Congo, Dem. Rep.",COD,2024,109276265.0,Africa,Sub-Saharan Africa,109.276265,3.2957206404088613,2020,Large Population
"Congo, Rep.",COG,1960,1056732.0,Africa,Sub-Saharan Africa,1.056732,,1960,Standard
"Congo, Rep.",COG,1961,1084389.0,Africa,Sub-Saharan Africa,1.084389,2.6172198816729386,1960,Standard
"Congo, Rep.",COG,1962,1113175.0,Africa,Sub-Saharan Africa,1.113175,2.6545824422785635,1960,Standard
"Congo, Rep.",COG,1963,1143263.0,Africa,Sub-Saharan Africa,1.143263,2.7028993644305777,1960,Standard
"Congo, Rep.",COG,1964,1174816.0,Africa,Sub-Saharan Africa,1.174816,2.7599073878888714,1960,Standard
"Congo, Rep.",COG,1965,1207880.0,Africa,Sub-Saharan Africa,1.20788,2.814398169585708,1960,Standard
"Congo, Rep.",COG,1966,1242534.0,Africa,Sub-Saharan Africa,1.242534,2.8689936086366163,1960,Standard
"Congo, Rep.",COG,1967,1278691.0,Africa,Sub-Saharan Africa,1.278691,2.909940492574048,1960,Standard
"Congo, Rep.",COG,1968,1316519.0,Africa,Sub-Saharan Africa,1.316519,2.958337862704896,1960,Standard
"Congo, Rep.",COG,1969,1356182.0,Africa,Sub-Saharan Africa,1.356182,3.0127176288378577,1960,Standard
"Congo, Rep.",COG,1970,1397638.0,Africa,Sub-Saharan Africa,1.397638,3.056816857914346,1970,Standard
"Congo, Rep.",COG,1971,1441039.0,Africa,Sub-Saharan Africa,1.441039,3.105310531053096,1970,Standard
"Congo, Rep.",COG,1972,1486468.0,Africa,Sub-Saharan Africa,1.486468,3.1525170380537926,1970,Standard
"Congo, Rep.",COG,1973,1533680.0,Africa,Sub-Saharan Africa,1.53368,3.176119499377039,1970,Standard
"Congo, Rep.",COG,1974,1582301.0,Africa,Sub-Saharan Africa,1.582301,3.1702180376610434,1970,Standard
"Congo, Rep.",COG,1975,1627032.0,Africa,Sub-Saharan Africa,1.627032,2.8269589667199835,1970,Standard
"Congo, Rep.",COG,1976,1667225.0,Africa,Sub-Saharan Africa,1.667225,2.470326336544093,1970,Standard
"Congo, Rep.",COG,1977,1707568.0,Africa,Sub-Saharan Africa,1.707568,2.4197693772586293,1970,Standard
"Congo, Rep.",COG,1978,1748089.0,Africa,Sub-Saharan Africa,1.748089,2.3730240904022537,1970,Standard
"Congo, Rep.",COG,1979,1788524.0,Africa,Sub-Saharan Africa,1.788524,2.313097330856717,1970,Standard
"Congo, Rep.",COG,1980,1828985.0,Africa,Sub-Saharan Africa,1.828985,2.262256475171709,1980,Standard
"Congo, Rep.",COG,1981,1869759.0,Africa,Sub-Saharan Africa,1.869759,2.2293239146302435,1980,Standard
"Congo, Rep.",COG,1982,1910430.0,Africa,Sub-Saharan Africa,1.91043,2.175200119373666,1980,Standard
"Congo, Rep.",COG,1983,1950321.0,Africa,Sub-Saharan Africa,1.950321,2.088063943719476,1980,Standard
"Congo, Rep.",COG,1984,1999528.0,Africa,Sub-Saharan Africa,1.999528,2.5230205694344754,1980,Standard
"Congo, Rep.",COG,1985,2059311.0,Africa,Sub-Saharan Africa,2.059311,2.9898556059229975,1980,Standard
"Congo, Rep.",COG,1986,2120602.0,Africa,Sub-Saharan Africa,2.120602,2.976286728910793,1980,Standard
"Congo, Rep.",COG,1987,2183473.0,Africa,Sub-Saharan Africa,2.183473,2.9647713243692086,1980,Standard
"Congo, Rep.",COG,1988,2247653.0,Africa,Sub-Saharan Africa,2.247653,2.9393539558309145,1980,Standard
"Congo, Rep.",COG,1989,2313558.0,Africa,Sub-Saharan Africa,2.313558,2.932169689894293,1980,Standard
"Congo, Rep.",COG,1990,2380560.0,Africa,Sub-Saharan Africa,2.38056,2.89605879774788,1990,Standard
"Congo, Rep.",COG,1991,2449229.0,Africa,Sub-Saharan Africa,2.449229,2.884573377692634,1990,Standard
"Congo, Rep.",COG,1992,2519465.0,Africa,Sub-Saharan Africa,2.519465,2.8676779508980177,1990,Standard
"Congo, Rep.",COG,1993,2595124.0,Africa,Sub-Saharan Africa,2.595124,3.0029788070086383,1990,Standard
"Congo, Rep.",COG,1994,2673144.0,Africa,Sub-Saharan Africa,2.673144,3.0064074009565678,1990,Standard
"Congo, Rep.",COG,1995,2749461.0,Africa,Sub-Saharan Africa,2.749461,2.8549528196011975,1990,Standard
"Congo, Rep.",COG,1996,2826785.0,Africa,Sub-Saharan Africa,2.826785,2.81233303545676,1990,Standard
"Congo, Rep.",COG,1997,2887862.0,Africa,Sub-Saharan Africa,2.887862,2.160652472685398,1990,Standard
"Congo, Rep.",COG,1998,2952061.0,Africa,Sub-Saharan Africa,2.952061,2.2230632904203906,1990,Standard
"Congo, Rep.",COG,1999,3032874.0,Africa,Sub-Saharan Africa,3.032874,2.7375111828651155,1990,Standard
"Congo, Rep.",COG,2000,3151345.0,Africa,Sub-Saharan Africa,3.151345,3.9062288772959253,2000,Standard
"Congo, Rep.",COG,2001,3272537.0,Africa,Sub-Saharan Africa,3.272537,3.8457230166801804,2000,Standard
"Congo, Rep.",COG,2002,3350771.0,Africa,Sub-Saharan Africa,3.350771,2.3906223214588573,2000,Standard
"Congo, Rep.",COG,2003,3445753.0,Africa,Sub-Saharan Africa,3.445753,2.8346311938356905,2000,Standard
"Congo, Rep.",COG,2004,3565554.0,Africa,Sub-Saharan Africa,3.565554,3.476772711218712,2000,Standard
"Congo, Rep.",COG,2005,3696393.0,Africa,Sub-Saharan Africa,3.696393,3.6695279331065978,2000,Standard
"Congo, Rep.",COG,2006,3837409.0,Africa,Sub-Saharan Africa,3.837409,3.814962315965853,2000,Standard
"Congo, Rep.",COG,2007,3980430.0,Africa,Sub-Saharan Africa,3.98043,3.7270199762391654,2000,Standard
"Congo, Rep.",COG,2008,4113517.0,Africa,Sub-Saharan Africa,4.113517,3.3435332363588754,2000,Standard
"Congo, Rep.",COG,2009,4281219.0,Africa,Sub-Saharan Africa,4.281219,4.076851997937525,2000,Standard
"Congo, Rep.",COG,2010,4462290.0,Africa,Sub-Saharan Africa,4.46229,4.229426245188583,2010,Standard
"Congo, Rep.",COG,2011,4609724.0,Africa,Sub-Saharan Africa,4.609724,3.3039986195428694,2010,Standard
"Congo, Rep.",COG,2012,4740450.0,Africa,Sub-Saharan Africa,4.74045,2.835874772546032,2010,Standard
"Congo, Rep.",COG,2013,4857099.0,Africa,Sub-Saharan Africa,4.857099,2.460715754833398,2010,Standard
"Congo, Rep.",COG,2014,4975880.0,Africa,Sub-Saharan Africa,4.97588,2.4455132580167627,2010,Standard
"Congo, Rep.",COG,2015,5097581.0,Africa,Sub-Saharan Africa,5.097581,2.4458186290666095,2010,Standard
"Congo, Rep.",COG,2016,5222536.0,Africa,Sub-Saharan Africa,5.222536,2.4512607058132074,2010,Standard
"Congo, Rep.",COG,2017,5351011.0,Africa,Sub-Saharan Africa,5.351011,2.4600117643995167,2010,Standard
"Congo, Rep.",COG,2018,5483118.0,Africa,Sub-Saharan Africa,5.483118,2.468823181264246,2010,Standard
"Congo, Rep.",COG,2019,5616661.0,Africa,Sub-Saharan Africa,5.616661,2.4355302949890856,2010,Standard
"Congo, Rep.",COG,2020,5752791.0,Africa,Sub-Saharan Africa,5.752791,2.423681970480329,2020,Standard
"Congo, Rep.",COG,2021,5892183.0,Africa,Sub-Saharan Africa,5.892183,2.423032576709283,2020,Standard
"Congo, Rep.",COG,2022,6035104.0,Africa,Sub-Saharan Africa,6.035104,2.4256035496521333,2020,Standard
"Congo, Rep.",COG,2023,6182885.0,Africa,Sub-Saharan Africa,6.182885,2.4486901965566688,2020,Standard
"Congo, Rep.",COG,2024,6332961.0,Africa,Sub-Saharan Africa,6.332961,2.4272811155310103,2020,Standard
Cote d'Ivoire,CIV,1960,3673666.0,Africa,Sub-Saharan Africa,3.673666,,1960,Standard
Cote d'Ivoire,CIV,1961,3810151.0,Africa,Sub-Saharan Africa,3.810151,3.715226152840234,1960,Standard
Cote d'Ivoire,CIV,1962,3956939.0,Africa,Sub-Saharan Africa,3.956939,3.852550725679893,1960,Standard
Cote d'Ivoire,CIV,1963,4112061.0,Africa,Sub-Saharan Africa,4.112061,3.9202524982063114,1960,Standard
Cote d'Ivoire,CIV,1964,4273952.0,Africa,Sub-Saharan Africa,4.273952,3.936979534107099,1960,Standard
Cote d'Ivoire,CIV,1965,4442377.0,Africa,Sub-Saharan Africa,4.442377,3.9407321373754245,1960,Standard
Cote d'Ivoire,CIV,1966,4617519.0,Africa,Sub-Saharan Africa,4.617519,3.942528965911718,1960,Standard
Cote d'Ivoire,CIV,1967,4799744.0,Africa,Sub-Saharan Africa,4.799744,3.9463833283631233,1960,Standard
Cote d'Ivoire,CIV,1968,4990021.0,Africa,Sub-Saharan Africa,4.990021,3.9643155968318355,1960,Standard
Cote d'Ivoire,CIV,1969,5192221.0,Africa,Sub-Saharan Africa,5.192221,4.052087155545037,1960,Standard
Cote d'Ivoire,CIV,1970,5411567.0,Africa,Sub-Saharan Africa,5.411567,4.2245120151857884,1970,Standard
Cote d'Ivoire,CIV,1971,5650868.0,Africa,Sub-Saharan Africa,5.650868,4.422027852561006,1970,Standard
Cote d'Ivoire,CIV,1972,5909716.0,Africa,Sub-Saharan Africa,5.909716,4.580676809297257,1970,Standard
Cote d'Ivoire,CIV,1973,6184944.0,Africa,Sub-Saharan Africa,6.184944,4.657211954009299,1970,Standard
Cote d'Ivoire,CIV,1974,6474057.0,Africa,Sub-Saharan Africa,6.474057,4.674464312045501,1970,Standard
Cote d'Ivoire,CIV,1975,6776297.0,Africa,Sub-Saharan Africa,6.776297,4.6684791314009155,1970,Standard
Cote d'Ivoire,CIV,1976,7057958.0,Africa,Sub-Saharan Africa,7.057958,4.156562204991898,1970,Standard
Cote d'Ivoire,CIV,1977,7321950.0,Africa,Sub-Saharan Africa,7.32195,3.7403452953389538,1970,Standard
Cote d'Ivoire,CIV,1978,7603130.0,Africa,Sub-Saharan Africa,7.60313,3.8402338174939654,1970,Standard
Cote d'Ivoire,CIV,1979,7902267.0,Africa,Sub-Saharan Africa,7.902267,3.934392809277232,1970,Standard
Cote d'Ivoire,CIV,1980,8220714.0,Africa,Sub-Saharan Africa,8.220714,4.029818278729391,1980,Standard
Cote d'Ivoire,CIV,1981,8556596.0,Africa,Sub-Saharan Africa,8.556596,4.085800819734153,1980,Standard
Cote d'Ivoire,CIV,1982,8907936.0,Africa,Sub-Saharan Africa,8.907936,4.1060720875450984,1980,Standard
Cote d'Ivoire,CIV,1983,9272744.0,Africa,Sub-Saharan Africa,9.272744,4.095314559960905,1980,Standard
Cote d'Ivoire,CIV,1984,9650516.0,Africa,Sub-Saharan Africa,9.650516,4.074004415521437,1980,Standard
Cote d'Ivoire,CIV,1985,10040483.0,Africa,Sub-Saharan Africa,10.040483,4.0408927356837765,1980,Standard
Cote d'Ivoire,CIV,1986,10440917.0,Africa,Sub-Saharan Africa,10.440917,3.9881945918338824,1980,Standard
Cote d'Ivoire,CIV,1987,10851475.0,Africa,Sub-Saharan Africa,10.851475,3.9322025067338506,1980,Standard
Cote d'Ivoire,CIV,1988,11275189.0,Africa,Sub-Saharan Africa,11.275189,3.904667337850376,1980,Standard
Cote d'Ivoire,CIV,1989,11719771.0,Africa,Sub-Saharan Africa,11.719771,3.943011509607519,1980,Standard
Cote d'Ivoire,CIV,1990,12189778.0,Africa,Sub-Saharan Africa,12.189778,4.010376994567566,1990,Standard
Cote d'Ivoire,CIV,1991,12683870.0,Africa,Sub-Saharan Africa,12.68387,4.053330585675963,1990,Standard
Cote d'Ivoire,CIV,1992,13200310.0,Africa,Sub-Saharan Africa,13.20031,4.071627981049941,1990,Standard
Cote d'Ivoire,CIV,1993,13735951.0,Africa,Sub-Saharan Africa,13.735951,4.0577910670279715,1990,Standard
Cote d'Ivoire,CIV,1994,14287201.0,Africa,Sub-Saharan Africa,14.287201,4.013191369130542,1990,Standard
Cote d'Ivoire,CIV,1995,14855565.0,Africa,Sub-Saharan Africa,14.855565,3.978133995595079,1990,Standard
Cote d'Ivoire,CIV,1996,15442312.0,Africa,Sub-Saharan Africa,15.442312,3.949678117257749,1990,Standard
Cote d'Ivoire,CIV,1997,16047170.0,Africa,Sub-Saharan Africa,16.04717,3.916887574865724,1990,Standard
Cote d'Ivoire,CIV,1998,16663948.0,Africa,Sub-Saharan Africa,16.663948,3.84353128931767,1990,Standard
Cote d'Ivoire,CIV,1999,17215935.0,Africa,Sub-Saharan Africa,17.215935,3.3124623288550925,1990,Standard
Cote d'Ivoire,CIV,2000,17699004.0,Africa,Sub-Saharan Africa,17.699004,2.8059411237321807,2000,Standard
Cote d'Ivoire,CIV,2001,18178913.0,Africa,Sub-Saharan Africa,18.178913,2.7115028619689507,2000,Standard
Cote d'Ivoire,CIV,2002,18654771.0,Africa,Sub-Saharan Africa,18.654771,2.6176372591694586,2000,Standard
Cote d'Ivoire,CIV,2003,19125542.0,Africa,Sub-Saharan Africa,19.125542,2.523595706428128,2000,Standard
Cote d'Ivoire,CIV,2004,19595000.0,Africa,Sub-Saharan Africa,19.595,2.454612789535582,2000,Standard
Cote d'Ivoire,CIV,2005,20068458.0,Africa,Sub-Saharan Africa,20.068458,2.416218423067118,2000,Standard
Cote d'Ivoire,CIV,2006,20546802.0,Africa,Sub-Saharan Africa,20.546802,2.3835613079988605,2000,Standard
Cote d'Ivoire,CIV,2007,21030558.0,Africa,Sub-Saharan Africa,21.030558,2.354410189965339,2000,Standard
Cote d'Ivoire,CIV,2008,21514439.0,Africa,Sub-Saharan Africa,21.514439,2.300847176760601,2000,Standard
Cote d'Ivoire,CIV,2009,21997940.0,Africa,Sub-Saharan Africa,21.99794,2.2473325937060196,2000,Standard
Cote d'Ivoire,CIV,2010,22488065.0,Africa,Sub-Saharan Africa,22.488065,2.2280495355474272,2010,Standard
Cote d'Ivoire,CIV,2011,22982000.0,Africa,Sub-Saharan Africa,22.982,2.196431751686956,2010,Standard
Cote d'Ivoire,CIV,2012,23467078.0,Africa,Sub-Saharan Africa,23.467078,2.110686624314684,2010,Standard
Cote d'Ivoire,CIV,2013,23939775.0,Africa,Sub-Saharan Africa,23.939775,2.0142984993700486,2010,Standard
Cote d'Ivoire,CIV,2014,24527395.0,Africa,Sub-Saharan Africa,24.527395,2.4545761186143045,2010,Standard
Cote d'Ivoire,CIV,2015,25246342.0,Africa,Sub-Saharan Africa,25.246342,2.9311999908673503,2010,Standard
Cote d'Ivoire,CIV,2016,25989405.0,Africa,Sub-Saharan Africa,25.989405,2.943250154814514,2010,Standard
Cote d'Ivoire,CIV,2017,26733372.0,Africa,Sub-Saharan Africa,26.733372,2.8625780390124422,2010,Standard
Cote d'Ivoire,CIV,2018,27464173.0,Africa,Sub-Saharan Africa,27.464173,2.733665622129533,2010,Standard
Cote d'Ivoire,CIV,2019,28193009.0,Africa,Sub-Saharan Africa,28.193009,2.6537700589054802,2010,Standard
Cote d'Ivoire,CIV,2020,28915449.0,Africa,Sub-Saharan Africa,28.915449,2.562479230223347,2020,Standard
Cote d'Ivoire,CIV,2021,29639736.0,Africa,Sub-Saharan Africa,29.639736,2.504844382668936,2020,Standard
Cote d'Ivoire,CIV,2022,30395002.0,Africa,Sub-Saharan Africa,30.395002,2.548153600288483,2020,Large Population
Cote d'Ivoire,CIV,2023,31165654.0,Africa,Sub-Saharan Africa,31.165654,2.5354563227204308,2020,Large Population
Cote d'Ivoire,CIV,2024,31934230.0,Africa,Sub-Saharan Africa,31.93423,2.4660993797851916,2020,Large Population
Djibouti,DJI,1960,86024.0,Africa,Sub-Saharan Africa,0.086024,,1960,Standard
Djibouti,DJI,1961,89390.0,Africa,Sub-Saharan Africa,0.08939,3.9128615270157097,1960,Standard
Djibouti,DJI,1962,93283.0,Africa,Sub-Saharan Africa,0.093283,4.3550732744154885,1960,Standard
Djibouti,DJI,1963,97872.0,Africa,Sub-Saharan Africa,0.097872,4.9194386972974735,1960,Standard
Djibouti,DJI,1964,103198.0,Africa,Sub-Saharan Africa,0.103198,5.441801536700996,1960,Standard
Djibouti,DJI,1965,109092.0,Africa,Sub-Saharan Africa,0.109092,5.711350995174325,1960,Standard
Djibouti,DJI,1966,115269.0,Africa,Sub-Saharan Africa,0.115269,5.662193378066216,1960,Standard
Djibouti,DJI,1967,121649.0,Africa,Sub-Saharan Africa,0.121649,5.534879282374283,1960,Standard
Djibouti,DJI,1968,128250.0,Africa,Sub-Saharan Africa,0.12825,5.426267375810734,1960,Standard
Djibouti,DJI,1969,136078.0,Africa,Sub-Saharan Africa,0.136078,6.1037037037037,1960,Standard
Djibouti,DJI,1970,145175.0,Africa,Sub-Saharan Africa,0.145175,6.685136465850472,1970,Standard
Djibouti,DJI,1971,155136.0,Africa,Sub-Saharan Africa,0.155136,6.861374203547443,1970,Standard
Djibouti,DJI,1972,166256.0,Africa,Sub-Saharan Africa,0.166256,7.167904290429039,1970,Standard
Djibouti,DJI,1973,178449.0,Africa,Sub-Saharan Africa,0.178449,7.333870657299579,1970,Standard
Djibouti,DJI,1974,192613.0,Africa,Sub-Saharan Africa,0.192613,7.937281800402363,1970,Standard
Djibouti,DJI,1975,209908.0,Africa,Sub-Saharan Africa,0.209908,8.979144709858634,1970,Standard
Djibouti,DJI,1976,230737.0,Africa,Sub-Saharan Africa,0.230737,9.922918611963327,1970,Standard
Djibouti,DJI,1977,254613.0,Africa,Sub-Saharan Africa,0.254613,10.347711897094957,1970,Standard
Djibouti,DJI,1978,280031.0,Africa,Sub-Saharan Africa,0.280031,9.98299379843135,1970,Standard
Djibouti,DJI,1979,304513.0,Africa,Sub-Saharan Africa,0.304513,8.742603497469915,1970,Standard
Djibouti,DJI,1980,325815.0,Africa,Sub-Saharan Africa,0.325815,6.995432050520001,1980,Standard
Djibouti,DJI,1981,343047.0,Africa,Sub-Saharan Africa,0.343047,5.288890935039814,1980,Standard
Djibouti,DJI,1982,356880.0,Africa,Sub-Saharan Africa,0.35688,4.032392062895163,1980,Standard
Djibouti,DJI,1983,369553.0,Africa,Sub-Saharan Africa,0.369553,3.5510535754315287,1980,Standard
Djibouti,DJI,1984,384053.0,Africa,Sub-Saharan Africa,0.384053,3.9236591233192453,1980,Standard
Djibouti,DJI,1985,402687.0,Africa,Sub-Saharan Africa,0.402687,4.851934498623889,1980,Standard
Djibouti,DJI,1986,426341.0,Africa,Sub-Saharan Africa,0.426341,5.874041128717833,1980,Standard
Djibouti,DJI,1987,454399.0,Africa,Sub-Saharan Africa,0.454399,6.581116993204961,1980,Standard
Djibouti,DJI,1988,484523.0,Africa,Sub-Saharan Africa,0.484523,6.629415997834509,1980,Standard
Djibouti,DJI,1989,523355.0,Africa,Sub-Saharan Africa,0.523355,8.014480220753196,1980,Standard
Djibouti,DJI,1990,579538.0,Africa,Sub-Saharan Africa,0.579538,10.735160646215292,1990,Standard
Djibouti,DJI,1991,631092.0,Africa,Sub-Saharan Africa,0.631092,8.895706580068952,1990,Standard
Djibouti,DJI,1992,626010.0,Africa,Sub-Saharan Africa,0.62601,-0.8052708638360162,1990,Standard
Djibouti,DJI,1993,614245.0,Africa,Sub-Saharan Africa,0.614245,-1.8793629494736508,1990,Standard
Djibouti,DJI,1994,626710.0,Africa,Sub-Saharan Africa,0.62671,2.02932054798981,1990,Standard
Djibouti,DJI,1995,633074.0,Africa,Sub-Saharan Africa,0.633074,1.0154616967975594,1990,Standard
Djibouti,DJI,1996,648348.0,Africa,Sub-Saharan Africa,0.648348,2.4126721362747405,1990,Standard
Djibouti,DJI,1997,671817.0,Africa,Sub-Saharan Africa,0.671817,3.619815284384309,1990,Standard
Djibouti,DJI,1998,699352.0,Africa,Sub-Saharan Africa,0.699352,4.09858637099092,1990,Standard
Djibouti,DJI,1999,724218.0,Africa,Sub-Saharan Africa,0.724218,3.5555771628593247,1990,Standard
Djibouti,DJI,2000,747318.0,Africa,Sub-Saharan Africa,0.747318,3.189647316139621,2000,Standard
Djibouti,DJI,2001,771313.0,Africa,Sub-Saharan Africa,0.771313,3.2108152085190023,2000,Standard
Djibouti,DJI,2002,795574.0,Africa,Sub-Saharan Africa,0.795574,3.145415674311214,2000,Standard
Djibouti,DJI,2003,813519.0,Africa,Sub-Saharan Africa,0.813519,2.2556041298483764,2000,Standard
Djibouti,DJI,2004,826124.0,Africa,Sub-Saharan Africa,0.826124,1.5494413775215987,2000,Standard
Djibouti,DJI,2005,839167.0,Africa,Sub-Saharan Africa,0.839167,1.5788186761309442,2000,Standard
Djibouti,DJI,2006,855764.0,Africa,Sub-Saharan Africa,0.855764,1.9777946463576335,2000,Standard
Djibouti,DJI,2007,874528.0,Africa,Sub-Saharan Africa,0.874528,2.192660593341156,2000,Standard
Djibouti,DJI,2008,892734.0,Africa,Sub-Saharan Africa,0.892734,2.081808701379484,2000,Standard
Djibouti,DJI,2009,911527.0,Africa,Sub-Saharan Africa,0.911527,2.105106336265905,2000,Standard
Djibouti,DJI,2010,930251.0,Africa,Sub-Saharan Africa,0.930251,2.0541355330121913,2010,Standard
Djibouti,DJI,2011,948558.0,Africa,Sub-Saharan Africa,0.948558,1.9679634851239136,2010,Standard
Djibouti,DJI,2012,966747.0,Africa,Sub-Saharan Africa,0.966747,1.9175422061697756,2010,Standard
Djibouti,DJI,2013,984824.0,Africa,Sub-Saharan Africa,0.984824,1.8698790893584283,2010,Standard
Djibouti,DJI,2014,1002717.0,Africa,Sub-Saharan Africa,1.002717,1.8168728625622466,2010,Standard
Djibouti,DJI,2015,1020313.0,Africa,Sub-Saharan Africa,1.020313,1.7548321211269036,2010,Standard
Djibouti,DJI,2016,1037653.0,Africa,Sub-Saharan Africa,1.037653,1.6994784933642926,2010,Standard
Djibouti,DJI,2017,1054841.0,Africa,Sub-Saharan Africa,1.054841,1.6564304251999395,2010,Standard
Djibouti,DJI,2018,1071882.0,Africa,Sub-Saharan Africa,1.071882,1.6155041375903956,2010,Standard
Djibouti,DJI,2019,1088709.0,Africa,Sub-Saharan Africa,1.088709,1.569855637094375,2010,Standard
Djibouti,DJI,2020,1105188.0,Africa,Sub-Saharan Africa,1.105188,1.5136276084793954,2020,Standard
Djibouti,DJI,2021,1121248.0,Africa,Sub-Saharan Africa,1.121248,1.4531464330050703,2020,Standard
Djibouti,DJI,2022,1137096.0,Africa,Sub-Saharan Africa,1.137096,1.4134250406689697,2020,Standard
Djibouti,DJI,2023,1152944.0,Africa,Sub-Saharan Africa,1.152944,1.3937257716147178,2020,Standard
Djibouti,DJI,2024,1168722.0,Africa,Sub-Saharan Africa,1.168722,1.3684966485796313,2020,Standard
"Egypt, Arab Rep.",EGY,1960,26896479.0,Africa,North Africa,26.896479,,1960,Standard
"Egypt, Arab Rep.",EGY,1961,27600898.0,Africa,North Africa,27.600898,2.619000799323956,1960,Standard
"Egypt, Arab Rep.",EGY,1962,28337013.0,Africa,North Africa,28.337013,2.666996559314838,1960,Standard
"Egypt, Arab Rep.",EGY,1963,29091869.0,Africa,North Africa,29.091869,2.6638516910727272,1960,Standard
"Egypt, Arab Rep.",EGY,1964,29858922.0,Africa,North Africa,29.858922,2.6366576860359148,1960,Standard
"Egypt, Arab Rep.",EGY,1965,30629174.0,Africa,North Africa,30.629174,2.5796376707772684,1960,Large Population
"Egypt, Arab Rep.",EGY,1966,31406541.0,Africa,North Africa,31.406541,2.5379953112676157,1960,Large Population
"Egypt, Arab Rep.",EGY,1967,32196360.0,Africa,North Africa,32.19636,2.514823265637567,1960,Large Population
"Egypt, Arab Rep.",EGY,1968,32998319.0,Africa,North Africa,32.998319,2.4908374735529204,1960,Large Population
"Egypt, Arab Rep.",EGY,1969,33811615.0,Africa,North Africa,33.811615,2.46465888156302,1960,Large Population
"Egypt, Arab Rep.",EGY,1970,34623990.0,Africa,North Africa,34.62399,2.402650686753649,1970,Large Population
"Egypt, Arab Rep.",EGY,1971,35433368.0,Africa,North Africa,35.433368,2.3376219782873076,1970,Large Population
"Egypt, Arab Rep.",EGY,1972,36258328.0,Africa,North Africa,36.258328,2.328200920668899,1970,Large Population
"Egypt, Arab Rep.",EGY,1973,37102043.0,Africa,North Africa,37.102043,2.326955065330094,1970,Large Population
"Egypt, Arab Rep.",EGY,1974,37969667.0,Africa,North Africa,37.969667,2.3384803904194618,1970,Large Population
"Egypt, Arab Rep.",EGY,1975,38875327.0,Africa,North Africa,38.875327,2.385219759762447,1970,Large Population
"Egypt, Arab Rep.",EGY,1976,39795557.0,Africa,North Africa,39.795557,2.367131214098861,1970,Large Population
"Egypt, Arab Rep.",EGY,1977,40748870.0,Africa,North Africa,40.74887,2.3955262141449607,1970,Large Population
"Egypt, Arab Rep.",EGY,1978,41761431.0,Africa,North Africa,41.761431,2.48488117584611,1970,Large Population
"Egypt, Arab Rep.",EGY,1979,42818628.0,Africa,North Africa,42.818628,2.5315152634496574,1970,Large Population
"Egypt, Arab Rep.",EGY,1980,43950413.0,Africa,North Africa,43.950413,2.6432070639909266,1980,Large Population
"Egypt, Arab Rep.",EGY,1981,45147224.0,Africa,North Africa,45.147224,2.7230938648972414,1980,Large Population
"Egypt, Arab Rep.",EGY,1982,46407611.0,Africa,North Africa,46.407611,2.791726463624866,1980,Large Population
"Egypt, Arab Rep.",EGY,1983,47786402.0,Africa,North Africa,47.786402,2.971044986564819,1980,Large Population
"Egypt, Arab Rep.",EGY,1984,49247334.0,Africa,North Africa,49.247334,3.057212802922482,1980,Large Population
"Egypt, Arab Rep.",EGY,1985,50734968.0,Africa,North Africa,50.734968,3.0207401683916446,1980,Large Population
"Egypt, Arab Rep.",EGY,1986,52206295.0,Africa,North Africa,52.206295,2.90002548143915,1980,Large Population
"Egypt, Arab Rep.",EGY,1987,53674435.0,Africa,North Africa,53.674435,2.8121896028055593,1980,Large Population
"Egypt, Arab Rep.",EGY,1988,55187681.0,Africa,North Africa,55.187681,2.819304944709722,1980,Large Population
"Egypt, Arab Rep.",EGY,1989,56710642.0,Africa,North Africa,56.710642,2.7596031802822107,1980,Large Population
"Egypt, Arab Rep.",EGY,1990,58396618.0,Africa,North Africa,58.396618,2.9729446547263505,1990,Large Population
"Egypt, Arab Rep.",EGY,1991,60028997.0,Africa,North Africa,60.028997,2.795331400869827,1990,Large Population
"Egypt, Arab Rep.",EGY,1992,61480660.0,Africa,North Africa,61.48066,2.418269623928593,1990,Large Population
"Egypt, Arab Rep.",EGY,1993,62915681.0,Africa,North Africa,62.915681,2.3341014881752997,1990,Large Population
"Egypt, Arab Rep.",EGY,1994,64285589.0,Africa,North Africa,64.285589,2.177371329732569,1990,Large Population
"Egypt, Arab Rep.",EGY,1995,65652622.0,Africa,North Africa,65.652622,2.1264999220898417,1990,Large Population
"Egypt, Arab Rep.",EGY,1996,67028048.0,Africa,North Africa,67.028048,2.0950054363403803,1990,Large Population
"Egypt, Arab Rep.",EGY,1997,68431740.0,Africa,North Africa,68.43174,2.094186004044163,1990,Large Population
"Egypt, Arab Rep.",EGY,1998,69943294.0,Africa,North Africa,69.943294,2.2088492854339226,1990,Large Population
"Egypt, Arab Rep.",EGY,1999,71520954.0,Africa,North Africa,71.520954,2.255627251413128,1990,Large Population
"Egypt, Arab Rep.",EGY,2000,73083284.0,Africa,North Africa,73.083284,2.1844367456284264,2000,Large Population
"Egypt, Arab Rep.",EGY,2001,74652029.0,Africa,North Africa,74.652029,2.146516842346613,2000,Large Population
"Egypt, Arab Rep.",EGY,2002,76239137.0,Africa,North Africa,76.239137,2.12600785438799,2000,Large Population
"Egypt, Arab Rep.",EGY,2003,77853548.0,Africa,North Africa,77.853548,2.1175620075552626,2000,Large Population
"Egypt, Arab Rep.",EGY,2004,79477443.0,Africa,North Africa,79.477443,2.0858330053243,2000,Large Population
"Egypt, Arab Rep.",EGY,2005,81101004.0,Africa,North Africa,81.101004,2.042794708430673,2000,Large Population
"Egypt, Arab Rep.",EGY,2006,82700403.0,Africa,North Africa,82.700403,1.9721075216282191,2000,Large Population
"Egypt, Arab Rep.",EGY,2007,84276225.0,Africa,North Africa,84.276225,1.9054586711022337,2000,Large Population
"Egypt, Arab Rep.",EGY,2008,85864789.0,Africa,North Africa,85.864789,1.8849491656751427,2000,Large Population
"Egypt, Arab Rep.",EGY,2009,87501636.0,Africa,North Africa,87.501636,1.9063076018273284,2000,Large Population
"Egypt, Arab Rep.",EGY,2010,89196072.0,Africa,North Africa,89.196072,1.9364620794061427,2010,Large Population
"Egypt, Arab Rep.",EGY,2011,91093059.0,Africa,North Africa,91.093059,2.126760694125629,2010,Large Population
"Egypt, Arab Rep.",EGY,2012,93161001.0,Africa,North Africa,93.161001,2.270142228948524,2010,Large Population
"Egypt, Arab Rep.",EGY,2013,95333553.0,Africa,North Africa,95.333553,2.3320402063949475,2010,Large Population
"Egypt, Arab Rep.",EGY,2014,97528654.0,Africa,North Africa,97.528654,2.3025481909816126,2010,Large Population
"Egypt, Arab Rep.",EGY,2015,99597342.0,Africa,North Africa,99.597342,2.1211079156285617,2010,Large Population
"Egypt, Arab Rep.",EGY,2016,101644589.0,Africa,North Africa,101.644589,2.0555237307437357,2010,Large Population
"Egypt, Arab Rep.",EGY,2017,103696057.0,Africa,North Africa,103.696057,2.0182756604977703,2010,Large Population
"Egypt, Arab Rep.",EGY,2018,105682094.0,Africa,North Africa,105.682094,1.9152483300305168,2010,Large Population
"Egypt, Arab Rep.",EGY,2019,107553158.0,Africa,North Africa,107.553158,1.7704645405682395,2010,Large Population
"Egypt, Arab Rep.",EGY,2020,109315124.0,Africa,North Africa,109.315124,1.638228047195045,2020,Large Population
"Egypt, Arab Rep.",EGY,2021,110957008.0,Africa,North Africa,110.957008,1.5019733225569043,2020,Large Population
"Egypt, Arab Rep.",EGY,2022,112618250.0,Africa,North Africa,112.61825,1.49719430069708,2020,Large Population
"Egypt, Arab Rep.",EGY,2023,114535772.0,Africa,North Africa,114.535772,1.7026743001245404,2020,Large Population
"Egypt, Arab Rep.",EGY,2024,116538258.0,Africa,North Africa,116.538258,1.7483498517825602,2020,Large Population
Equatorial Guinea,GNQ,1960,269807.0,Africa,Sub-Saharan Africa,0.269807,,1960,Standard
Equatorial Guinea,GNQ,1961,274896.0,Africa,Sub-Saharan Africa,0.274896,1.886163072121927,1960,Standard
Equatorial Guinea,GNQ,1962,280286.0,Africa,Sub-Saharan Africa,0.280286,1.9607415167917974,1960,Standard
Equatorial Guinea,GNQ,1963,285965.0,Africa,Sub-Saharan Africa,0.285965,2.02614472360374,1960,Standard
Equatorial Guinea,GNQ,1964,291942.0,Africa,Sub-Saharan Africa,0.291942,2.0901159232773248,1960,Standard
Equatorial Guinea,GNQ,1965,298238.0,Africa,Sub-Saharan Africa,0.298238,2.156592747874586,1960,Standard
Equatorial Guinea,GNQ,1966,304859.0,Africa,Sub-Saharan Africa,0.304859,2.2200390292316907,1960,Standard
Equatorial Guinea,GNQ,1967,311805.0,Africa,Sub-Saharan Africa,0.311805,2.2784303563286645,1960,Standard
Equatorial Guinea,GNQ,1968,318849.0,Africa,Sub-Saharan Africa,0.318849,2.25910424784721,1960,Standard
Equatorial Guinea,GNQ,1969,322517.0,Africa,Sub-Saharan Africa,0.322517,1.1503878011221547,1960,Standard
Equatorial Guinea,GNQ,1970,320803.0,Africa,Sub-Saharan Africa,0.320803,-0.531444854069707,1970,Standard
Equatorial Guinea,GNQ,1971,315940.0,Africa,Sub-Saharan Africa,0.31594,-1.5158835796423298,1970,Standard
Equatorial Guinea,GNQ,1972,309468.0,Africa,Sub-Saharan Africa,0.309468,-2.048490219661958,1970,Standard
Equatorial Guinea,GNQ,1973,302281.0,Africa,Sub-Saharan Africa,0.302281,-2.322372587795829,1970,Standard
Equatorial Guinea,GNQ,1974,294953.0,Africa,Sub-Saharan Africa,0.294953,-2.4242344044117847,1970,Standard
Equatorial Guinea,GNQ,1975,287901.0,Africa,Sub-Saharan Africa,0.287901,-2.3908893959376565,1970,Standard
Equatorial Guinea,GNQ,1976,281031.0,Africa,Sub-Saharan Africa,0.281031,-2.386236935613284,1970,Standard
Equatorial Guinea,GNQ,1977,276779.0,Africa,Sub-Saharan Africa,0.276779,-1.5130003451576557,1970,Standard
Equatorial Guinea,GNQ,1978,276531.0,Africa,Sub-Saharan Africa,0.276531,-0.08960217357530942,1970,Standard
Equatorial Guinea,GNQ,1979,279846.0,Africa,Sub-Saharan Africa,0.279846,1.1987806068759044,1970,Standard
Equatorial Guinea,GNQ,1980,288644.0,Africa,Sub-Saharan Africa,0.288644,3.143871986735558,1980,Standard
Equatorial Guinea,GNQ,1981,303252.0,Africa,Sub-Saharan Africa,0.303252,5.060905475256727,1980,Standard
Equatorial Guinea,GNQ,1982,322216.0,Africa,Sub-Saharan Africa,0.322216,6.253544906546371,1980,Standard
Equatorial Guinea,GNQ,1983,343421.0,Africa,Sub-Saharan Africa,0.343421,6.580989150135319,1980,Standard
Equatorial Guinea,GNQ,1984,364899.0,Africa,Sub-Saharan Africa,0.364899,6.254131226686788,1980,Standard
Equatorial Guinea,GNQ,1985,385547.0,Africa,Sub-Saharan Africa,0.385547,5.658552092496838,1980,Standard
Equatorial Guinea,GNQ,1986,404728.0,Africa,Sub-Saharan Africa,0.404728,4.9750095319118115,1980,Standard
Equatorial Guinea,GNQ,1987,422522.0,Africa,Sub-Saharan Africa,0.422522,4.39653298017435,1980,Standard
Equatorial Guinea,GNQ,1988,439651.0,Africa,Sub-Saharan Africa,0.439651,4.053990088090087,1980,Standard
Equatorial Guinea,GNQ,1989,456808.0,Africa,Sub-Saharan Africa,0.456808,3.9024135052575737,1980,Standard
Equatorial Guinea,GNQ,1990,474274.0,Africa,Sub-Saharan Africa,0.474274,3.823488205110248,1990,Standard
Equatorial Guinea,GNQ,1991,492217.0,Africa,Sub-Saharan Africa,0.492217,3.7832560924697445,1990,Standard
Equatorial Guinea,GNQ,1992,510770.0,Africa,Sub-Saharan Africa,0.51077,3.769272495667564,1990,Standard
Equatorial Guinea,GNQ,1993,530023.0,Africa,Sub-Saharan Africa,0.530023,3.7694069737846725,1990,Standard
Equatorial Guinea,GNQ,1994,550138.0,Africa,Sub-Saharan Africa,0.550138,3.7951183250538145,1990,Standard
Equatorial Guinea,GNQ,1995,571264.0,Africa,Sub-Saharan Africa,0.571264,3.8401273862194607,1990,Standard
Equatorial Guinea,GNQ,1996,593492.0,Africa,Sub-Saharan Africa,0.593492,3.891020613936824,1990,Standard
Equatorial Guinea,GNQ,1997,616893.0,Africa,Sub-Saharan Africa,0.616893,3.9429343613730294,1990,Standard
Equatorial Guinea,GNQ,1998,641474.0,Africa,Sub-Saharan Africa,0.641474,3.984645635466766,1990,Standard
Equatorial Guinea,GNQ,1999,667214.0,Africa,Sub-Saharan Africa,0.667214,4.012633403692112,1990,Standard
Equatorial Guinea,GNQ,2000,703279.0,Africa,Sub-Saharan Africa,0.703279,5.40531223865206,2000,Standard
Equatorial Guinea,GNQ,2001,749836.0,Africa,Sub-Saharan Africa,0.749836,6.619990075062665,2000,Standard
Equatorial Guinea,GNQ,2002,797957.0,Africa,Sub-Saharan Africa,0.797957,6.4175366346774565,2000,Standard
Equatorial Guinea,GNQ,2003,847862.0,Africa,Sub-Saharan Africa,0.847862,6.254096398678133,2000,Standard
Equatorial Guinea,GNQ,2004,899917.0,Africa,Sub-Saharan Africa,0.899917,6.139560447336945,2000,Standard
Equatorial Guinea,GNQ,2005,947367.0,Africa,Sub-Saharan Africa,0.947367,5.272708483115673,2000,Standard
Equatorial Guinea,GNQ,2006,990343.0,Africa,Sub-Saharan Africa,0.990343,4.536362360099089,2000,Standard
Equatorial Guinea,GNQ,2007,1036044.0,Africa,Sub-Saharan Africa,1.036044,4.614663808397701,2000,Standard
Equatorial Guinea,GNQ,2008,1084530.0,Africa,Sub-Saharan Africa,1.08453,4.679917069159223,2000,Standard
Equatorial Guinea,GNQ,2009,1135673.0,Africa,Sub-Saharan Africa,1.135673,4.71568329137968,2000,Standard
Equatorial Guinea,GNQ,2010,1189085.0,Africa,Sub-Saharan Africa,1.189085,4.703114364786343,2010,Standard
Equatorial Guinea,GNQ,2011,1241835.0,Africa,Sub-Saharan Africa,1.241835,4.4361841247682055,2010,Standard
Equatorial Guinea,GNQ,2012,1293483.0,Africa,Sub-Saharan Africa,1.293483,4.159006631315765,2010,Standard
Equatorial Guinea,GNQ,2013,1346218.0,Africa,Sub-Saharan Africa,1.346218,4.076976659144349,2010,Standard
Equatorial Guinea,GNQ,2014,1399828.0,Africa,Sub-Saharan Africa,1.399828,3.9822673593727043,2010,Standard
Equatorial Guinea,GNQ,2015,1453923.0,Africa,Sub-Saharan Africa,1.453923,3.864403340981881,2010,Standard
Equatorial Guinea,GNQ,2016,1508186.0,Africa,Sub-Saharan Africa,1.508186,3.732178389089391,2010,Standard
Equatorial Guinea,GNQ,2017,1562396.0,Africa,Sub-Saharan Africa,1.562396,3.5943842470358423,2010,Standard
Equatorial Guinea,GNQ,2018,1616422.0,Africa,Sub-Saharan Africa,1.616422,3.457894157435115,2010,Standard
Equatorial Guinea,GNQ,2019,1670177.0,Africa,Sub-Saharan Africa,1.670177,3.325554836546396,2010,Standard
Equatorial Guinea,GNQ,2020,1716468.0,Africa,Sub-Saharan Africa,1.716468,2.7716224088824015,2020,Standard
Equatorial Guinea,GNQ,2021,1758786.0,Africa,Sub-Saharan Africa,1.758786,2.4654115311208757,2020,Standard
Equatorial Guinea,GNQ,2022,1803545.0,Africa,Sub-Saharan Africa,1.803545,2.544880389086557,2020,Standard
Equatorial Guinea,GNQ,2023,1847549.0,Africa,Sub-Saharan Africa,1.847549,2.4398614950001285,2020,Standard
Equatorial Guinea,GNQ,2024,1892516.0,Africa,Sub-Saharan Africa,1.892516,2.4338732017391784,2020,Standard
Eritrea,ERI,1960,972547.0,Africa,Sub-Saharan Africa,0.972547,,1960,Standard
Eritrea,ERI,1961,995573.0,Africa,Sub-Saharan Africa,0.995573,2.367597658519327,1960,Standard
Eritrea,ERI,1962,1019788.0,Africa,Sub-Saharan Africa,1.019788,2.432267648881603,1960,Standard
Eritrea,ERI,1963,1045092.0,Africa,Sub-Saharan Africa,1.045092,2.4813000349092063,1960,Standard
Eritrea,ERI,1964,1071287.0,Africa,Sub-Saharan Africa,1.071287,2.506477898596482,1960,Standard
Eritrea,ERI,1965,1098335.0,Africa,Sub-Saharan Africa,1.098335,2.524813612038601,1960,Standard
Eritrea,ERI,1966,1124957.0,Africa,Sub-Saharan Africa,1.124957,2.423850646660619,1960,Standard
Eritrea,ERI,1967,1152339.0,Africa,Sub-Saharan Africa,1.152339,2.434048590301674,1960,Standard
Eritrea,ERI,1968,1181737.0,Africa,Sub-Saharan Africa,1.181737,2.5511589905401033,1960,Standard
Eritrea,ERI,1969,1212005.0,Africa,Sub-Saharan Africa,1.212005,2.561314404135606,1960,Standard
Eritrea,ERI,1970,1243453.0,Africa,Sub-Saharan Africa,1.243453,2.5947087677031133,1970,Standard
Eritrea,ERI,1971,1276154.0,Africa,Sub-Saharan Africa,1.276154,2.6298541239596407,1970,Standard
Eritrea,ERI,1972,1309235.0,Africa,Sub-Saharan Africa,1.309235,2.59224200214081,1970,Standard
Eritrea,ERI,1973,1342669.0,Africa,Sub-Saharan Africa,1.342669,2.5537050262175898,1970,Standard
Eritrea,ERI,1974,1375688.0,Africa,Sub-Saharan Africa,1.375688,2.459206252620705,1970,Standard
Eritrea,ERI,1975,1408210.0,Africa,Sub-Saharan Africa,1.40821,2.364053477241934,1970,Standard
Eritrea,ERI,1976,1443807.0,Africa,Sub-Saharan Africa,1.443807,2.5278190042678395,1970,Standard
Eritrea,ERI,1977,1482565.0,Africa,Sub-Saharan Africa,1.482565,2.684430813813754,1970,Standard
Eritrea,ERI,1978,1522378.0,Africa,Sub-Saharan Africa,1.522378,2.6854134557338094,1970,Standard
Eritrea,ERI,1979,1563332.0,Africa,Sub-Saharan Africa,1.563332,2.6901334622544404,1970,Standard
Eritrea,ERI,1980,1605797.0,Africa,Sub-Saharan Africa,1.605797,2.71631361732505,1980,Standard
Eritrea,ERI,1981,1649939.0,Africa,Sub-Saharan Africa,1.649939,2.7489153361228036,1980,Standard
Eritrea,ERI,1982,1695461.0,Africa,Sub-Saharan Africa,1.695461,2.7590110907130594,1980,Standard
Eritrea,ERI,1983,1736160.0,Africa,Sub-Saharan Africa,1.73616,2.400468073285089,1980,Standard
Eritrea,ERI,1984,1771730.0,Africa,Sub-Saharan Africa,1.77173,2.048774306515533,1980,Standard
Eritrea,ERI,1985,1807816.0,Africa,Sub-Saharan Africa,1.807816,2.0367663244399647,1980,Standard
Eritrea,ERI,1986,1845164.0,Africa,Sub-Saharan Africa,1.845164,2.065918212915463,1980,Standard
Eritrea,ERI,1987,1888669.0,Africa,Sub-Saharan Africa,1.888669,2.357784999056989,1980,Standard
Eritrea,ERI,1988,1938255.0,Africa,Sub-Saharan Africa,1.938255,2.625446809366805,1980,Standard
Eritrea,ERI,1989,1987017.0,Africa,Sub-Saharan Africa,1.987017,2.5157680490957013,1980,Standard
Eritrea,ERI,1990,2032737.0,Africa,Sub-Saharan Africa,2.032737,2.3009365294811346,1990,Standard
Eritrea,ERI,1991,1919571.0,Africa,Sub-Saharan Africa,1.919571,-5.567173717013074,1990,Standard
Eritrea,ERI,1992,1798748.0,Africa,Sub-Saharan Africa,1.798748,-6.294270959500848,1990,Standard
Eritrea,ERI,1993,1856006.0,Africa,Sub-Saharan Africa,1.856006,3.183214102253351,1990,Standard
Eritrea,ERI,1994,1913915.0,Africa,Sub-Saharan Africa,1.913915,3.120086896270813,1990,Standard
Eritrea,ERI,1995,2025267.0,Africa,Sub-Saharan Africa,2.025267,5.818022221467523,1990,Standard
Eritrea,ERI,1996,2128464.0,Africa,Sub-Saharan Africa,2.128464,5.095476300161894,1990,Standard
Eritrea,ERI,1997,2152135.0,Africa,Sub-Saharan Africa,2.152135,1.112116530981977,1990,Standard
Eritrea,ERI,1998,2180419.0,Africa,Sub-Saharan Africa,2.180419,1.3142298229432692,1990,Standard
Eritrea,ERI,1999,2212780.0,Africa,Sub-Saharan Africa,2.21278,1.48416428218614,1990,Standard
Eritrea,ERI,2000,2247031.0,Africa,Sub-Saharan Africa,2.247031,1.547871907735976,2000,Standard
Eritrea,ERI,2001,2312079.0,Africa,Sub-Saharan Africa,2.312079,2.8948421272336766,2000,Standard
Eritrea,ERI,2002,2392978.0,Africa,Sub-Saharan Africa,2.392978,3.4989721371977422,2000,Standard
Eritrea,ERI,2003,2493903.0,Africa,Sub-Saharan Africa,2.493903,4.2175481763726985,2000,Standard
Eritrea,ERI,2004,2598284.0,Africa,Sub-Saharan Africa,2.598284,4.185447469288106,2000,Standard
Eritrea,ERI,2005,2661215.0,Africa,Sub-Saharan Africa,2.661215,2.4220216111864534,2000,Standard
Eritrea,ERI,2006,2703502.0,Africa,Sub-Saharan Africa,2.703502,1.5890110344335184,2000,Standard
Eritrea,ERI,2007,2743222.0,Africa,Sub-Saharan Africa,2.743222,1.4692054971662705,2000,Standard
Eritrea,ERI,2008,2816327.0,Africa,Sub-Saharan Africa,2.816327,2.6649319668623273,2000,Standard
Eritrea,ERI,2009,2887885.0,Africa,Sub-Saharan Africa,2.887885,2.5408271127606907,2000,Standard
Eritrea,ERI,2010,2945186.0,Africa,Sub-Saharan Africa,2.945186,1.984185658362425,2010,Standard
Eritrea,ERI,2011,2998485.0,Africa,Sub-Saharan Africa,2.998485,1.809698946008842,2010,Standard
Eritrea,ERI,2012,3036988.0,Africa,Sub-Saharan Africa,3.036988,1.2840817946396355,2010,Standard
Eritrea,ERI,2013,3074360.0,Africa,Sub-Saharan Africa,3.07436,1.2305613324780973,2010,Standard
Eritrea,ERI,2014,3095173.0,Africa,Sub-Saharan Africa,3.095173,0.676986429695936,2010,Standard
Eritrea,ERI,2015,3105546.0,Africa,Sub-Saharan Africa,3.105546,0.3351347404490834,2010,Standard
Eritrea,ERI,2016,3124698.0,Africa,Sub-Saharan Africa,3.124698,0.6167031497842812,2010,Standard
Eritrea,ERI,2017,3150347.0,Africa,Sub-Saharan Africa,3.150347,0.8208473266856586,2010,Standard
Eritrea,ERI,2018,3192760.0,Africa,Sub-Saharan Africa,3.19276,1.3462961381714544,2010,Standard
Eritrea,ERI,2019,3240194.0,Africa,Sub-Saharan Africa,3.240194,1.4856738370563338,2010,Standard
Eritrea,ERI,2020,3291271.0,Africa,Sub-Saharan Africa,3.291271,1.5763562305219914,2020,Standard
Eritrea,ERI,2021,3350183.0,Africa,Sub-Saharan Africa,3.350183,1.7899468017066988,2020,Standard
Eritrea,ERI,2022,3409447.0,Africa,Sub-Saharan Africa,3.409447,1.768977993142462,2020,Standard
Eritrea,ERI,2023,3470390.0,Africa,Sub-Saharan Africa,3.47039,1.7874746256504315,2020,Standard
Eritrea,ERI,2024,3535603.0,Africa,Sub-Saharan Africa,3.535603,1.8791259771956392,2020,Standard
Eswatini,SWZ,1960,345337.0,Africa,Sub-Saharan Africa,0.345337,,1960,Standard
Eswatini,SWZ,1961,353264.0,Africa,Sub-Saharan Africa,0.353264,2.29543894804205,1960,Standard
Eswatini,SWZ,1962,361365.0,Africa,Sub-Saharan Africa,0.361365,2.293185832691691,1960,Standard
Eswatini,SWZ,1963,369759.0,Africa,Sub-Saharan Africa,0.369759,2.3228591590220393,1960,Standard
Eswatini,SWZ,1964,378656.0,Africa,Sub-Saharan Africa,0.378656,2.4061618513680605,1960,Standard
Eswatini,SWZ,1965,388336.0,Africa,Sub-Saharan Africa,0.388336,2.5564100397194256,1960,Standard
Eswatini,SWZ,1966,398766.0,Africa,Sub-Saharan Africa,0.398766,2.685818466482637,1960,Standard
Eswatini,SWZ,1967,409031.0,Africa,Sub-Saharan Africa,0.409031,2.5741913804085526,1960,Standard
Eswatini,SWZ,1968,419147.0,Africa,Sub-Saharan Africa,0.419147,2.473162180861599,1960,Standard
Eswatini,SWZ,1969,429875.0,Africa,Sub-Saharan Africa,0.429875,2.5594839042149875,1960,Standard
Eswatini,SWZ,1970,441216.0,Africa,Sub-Saharan Africa,0.441216,2.638208781622575,1970,Standard
Eswatini,SWZ,1971,453183.0,Africa,Sub-Saharan Africa,0.453183,2.7122769799825974,1970,Standard
Eswatini,SWZ,1972,465788.0,Africa,Sub-Saharan Africa,0.465788,2.7814370795020915,1970,Standard
Eswatini,SWZ,1973,479038.0,Africa,Sub-Saharan Africa,0.479038,2.844641768358147,1970,Standard
Eswatini,SWZ,1974,492988.0,Africa,Sub-Saharan Africa,0.492988,2.91208630630555,1970,Standard
Eswatini,SWZ,1975,507673.0,Africa,Sub-Saharan Africa,0.507673,2.9787743312210457,1970,Standard
Eswatini,SWZ,1976,523330.0,Africa,Sub-Saharan Africa,0.52333,3.0840718336409445,1970,Standard
Eswatini,SWZ,1977,540348.0,Africa,Sub-Saharan Africa,0.540348,3.2518678462920114,1970,Standard
Eswatini,SWZ,1978,558446.0,Africa,Sub-Saharan Africa,0.558446,3.349323028862883,1970,Standard
Eswatini,SWZ,1979,577199.0,Africa,Sub-Saharan Africa,0.577199,3.3580686404773186,1970,Standard
Eswatini,SWZ,1980,596644.0,Africa,Sub-Saharan Africa,0.596644,3.3688554553975347,1980,Standard
Eswatini,SWZ,1981,616808.0,Africa,Sub-Saharan Africa,0.616808,3.379569726671172,1980,Standard
Eswatini,SWZ,1982,637652.0,Africa,Sub-Saharan Africa,0.637652,3.379333601380008,1980,Standard
Eswatini,SWZ,1983,658957.0,Africa,Sub-Saharan Africa,0.658957,3.3411641459604846,1980,Standard
Eswatini,SWZ,1984,680783.0,Africa,Sub-Saharan Africa,0.680783,3.3122039829609484,1980,Standard
Eswatini,SWZ,1985,706196.0,Africa,Sub-Saharan Africa,0.706196,3.7329075491015384,1980,Standard
Eswatini,SWZ,1986,734732.0,Africa,Sub-Saharan Africa,0.734732,4.040804535851228,1980,Standard
Eswatini,SWZ,1987,763811.0,Africa,Sub-Saharan Africa,0.763811,3.9577696357311343,1980,Standard
Eswatini,SWZ,1988,799798.0,Africa,Sub-Saharan Africa,0.799798,4.711505856815368,1980,Standard
Eswatini,SWZ,1989,837800.0,Africa,Sub-Saharan Africa,0.8378,4.75144974105961,1980,Standard
Eswatini,SWZ,1990,872428.0,Africa,Sub-Saharan Africa,0.872428,4.133206015755553,1990,Standard
Eswatini,SWZ,1991,908189.0,Africa,Sub-Saharan Africa,0.908189,4.099020205678872,1990,Standard
Eswatini,SWZ,1992,943416.0,Africa,Sub-Saharan Africa,0.943416,3.878818175511922,1990,Standard
Eswatini,SWZ,1993,971318.0,Africa,Sub-Saharan Africa,0.971318,2.957550009751797,1990,Standard
Eswatini,SWZ,1994,971212.0,Africa,Sub-Saharan Africa,0.971212,-0.01091300686284491,1990,Standard
Eswatini,SWZ,1995,970433.0,Africa,Sub-Saharan Africa,0.970433,-0.08020905837242687,1990,Standard
Eswatini,SWZ,1996,989841.0,Africa,Sub-Saharan Africa,0.989841,1.9999319891223832,1990,Standard
Eswatini,SWZ,1997,1006635.0,Africa,Sub-Saharan Africa,1.006635,1.6966361264081797,1990,Standard
Eswatini,SWZ,1998,1019653.0,Africa,Sub-Saharan Africa,1.019653,1.2932194886925208,1990,Standard
Eswatini,SWZ,1999,1030782.0,Africa,Sub-Saharan Africa,1.030782,1.0914497382933153,1990,Standard
Eswatini,SWZ,2000,1041414.0,Africa,Sub-Saharan Africa,1.041414,1.031449908904114,2000,Standard
Eswatini,SWZ,2001,1051064.0,Africa,Sub-Saharan Africa,1.051064,0.9266247621023016,2000,Standard
Eswatini,SWZ,2002,1059441.0,Africa,Sub-Saharan Africa,1.059441,0.7970018952223601,2000,Standard
Eswatini,SWZ,2003,1066700.0,Africa,Sub-Saharan Africa,1.0667,0.6851726523704471,2000,Standard
Eswatini,SWZ,2004,1073159.0,Africa,Sub-Saharan Africa,1.073159,0.6055123277397545,2000,Standard
Eswatini,SWZ,2005,1079022.0,Africa,Sub-Saharan Africa,1.079022,0.5463309723908516,2000,Standard
Eswatini,SWZ,2006,1084436.0,Africa,Sub-Saharan Africa,1.084436,0.5017506593934185,2000,Standard
Eswatini,SWZ,2007,1090705.0,Africa,Sub-Saharan Africa,1.090705,0.5780885179023976,2000,Standard
Eswatini,SWZ,2008,1098091.0,Africa,Sub-Saharan Africa,1.098091,0.6771766884721364,2000,Standard
Eswatini,SWZ,2009,1105153.0,Africa,Sub-Saharan Africa,1.105153,0.6431160987568463,2000,Standard
Eswatini,SWZ,2010,1111650.0,Africa,Sub-Saharan Africa,1.11165,0.5878824018031859,2010,Standard
Eswatini,SWZ,2011,1117833.0,Africa,Sub-Saharan Africa,1.117833,0.5562002428822099,2010,Standard
Eswatini,SWZ,2012,1123863.0,Africa,Sub-Saharan Africa,1.123863,0.5394365705789772,2010,Standard
Eswatini,SWZ,2013,1129990.0,Africa,Sub-Saharan Africa,1.12999,0.5451732106137586,2010,Standard
Eswatini,SWZ,2014,1136299.0,Africa,Sub-Saharan Africa,1.136299,0.5583235249869478,2010,Standard
Eswatini,SWZ,2015,1142813.0,Africa,Sub-Saharan Africa,1.142813,0.5732646072908576,2010,Standard
Eswatini,SWZ,2016,1149507.0,Africa,Sub-Saharan Africa,1.149507,0.5857476245019866,2010,Standard
Eswatini,SWZ,2017,1158195.0,Africa,Sub-Saharan Africa,1.158195,0.7558022700166145,2010,Standard
Eswatini,SWZ,2018,1168929.0,Africa,Sub-Saharan Africa,1.168929,0.9267869400230611,2010,Standard
Eswatini,SWZ,2019,1179874.0,Africa,Sub-Saharan Africa,1.179874,0.9363271849701649,2010,Standard
Eswatini,SWZ,2020,1192729.0,Africa,Sub-Saharan Africa,1.192729,1.0895231185702903,2020,Standard
Eswatini,SWZ,2021,1206593.0,Africa,Sub-Saharan Africa,1.206593,1.1623763654610597,2020,Standard
Eswatini,SWZ,2022,1218917.0,Africa,Sub-Saharan Africa,1.218917,1.0213883223257447,2020,Standard
Eswatini,SWZ,2023,1230506.0,Africa,Sub-Saharan Africa,1.230506,0.9507620289158414,2020,Standard
Eswatini,SWZ,2024,1242822.0,Africa,Sub-Saharan Africa,1.242822,1.0008890651488134,2020,Standard
Ethiopia,ETH,1960,21376693.0,Africa,Sub-Saharan Africa,21.376693,,1960,Standard
Ethiopia,ETH,1961,21906102.0,Africa,Sub-Saharan Africa,21.906102,2.476571095444924,1960,Standard
Ethiopia,ETH,1962,22465126.0,Africa,Sub-Saharan Africa,22.465126,2.551909965542931,1960,Standard
Ethiopia,ETH,1963,23051637.0,Africa,Sub-Saharan Africa,23.051637,2.6107621208089293,1960,Standard
Ethiopia,ETH,1964,23666548.0,Africa,Sub-Saharan Africa,23.666548,2.667537233906647,1960,Standard
Ethiopia,ETH,1965,24310612.0,Africa,Sub-Saharan Africa,24.310612,2.7214108284824734,1960,Standard
Ethiopia,ETH,1966,24952689.0,Africa,Sub-Saharan Africa,24.952689,2.641138775115981,1960,Standard
Ethiopia,ETH,1967,25620276.0,Africa,Sub-Saharan Africa,25.620276,2.675411054896726,1960,Standard
Ethiopia,ETH,1968,26337930.0,Africa,Sub-Saharan Africa,26.33793,2.8011173650119847,1960,Standard
Ethiopia,ETH,1969,27072571.0,Africa,Sub-Saharan Africa,27.072571,2.7892890595426545,1960,Standard
Ethiopia,ETH,1970,27829128.0,Africa,Sub-Saharan Africa,27.829128,2.7945517254345686,1970,Standard
Ethiopia,ETH,1971,28600106.0,Africa,Sub-Saharan Africa,28.600106,2.770399417473657,1970,Standard
Ethiopia,ETH,1972,29374608.0,Africa,Sub-Saharan Africa,29.374608,2.708038914261368,1970,Standard
Ethiopia,ETH,1973,30166785.0,Africa,Sub-Saharan Africa,30.166785,2.696808754009594,1970,Large Population
Ethiopia,ETH,1974,30957273.0,Africa,Sub-Saharan Africa,30.957273,2.620391931059274,1970,Large Population
Ethiopia,ETH,1975,31723252.0,Africa,Sub-Saharan Africa,31.723252,2.4743103179663217,1970,Large Population
Ethiopia,ETH,1976,32534418.0,Africa,Sub-Saharan Africa,32.534418,2.557007711567527,1970,Large Population
Ethiopia,ETH,1977,33167272.0,Africa,Sub-Saharan Africa,33.167272,1.9451830980963036,1970,Large Population
Ethiopia,ETH,1978,33734592.0,Africa,Sub-Saharan Africa,33.734592,1.7104813443806988,1970,Large Population
Ethiopia,ETH,1979,34238652.0,Africa,Sub-Saharan Africa,34.238652,1.494193260140797,1970,Large Population
Ethiopia,ETH,1980,34428514.0,Africa,Sub-Saharan Africa,34.428514,0.5545253358689495,1980,Large Population
Ethiopia,ETH,1981,35304012.0,Africa,Sub-Saharan Africa,35.304012,2.5429444907206777,1980,Large Population
Ethiopia,ETH,1982,36701290.0,Africa,Sub-Saharan Africa,36.70129,3.9578447911245984,1980,Large Population
Ethiopia,ETH,1983,37740817.0,Africa,Sub-Saharan Africa,37.740817,2.8323990791604414,1980,Large Population
Ethiopia,ETH,1984,38735722.0,Africa,Sub-Saharan Africa,38.735722,2.636151199376524,1980,Large Population
Ethiopia,ETH,1985,39842136.0,Africa,Sub-Saharan Africa,39.842136,2.8563143859820173,1980,Large Population
Ethiopia,ETH,1986,41037656.0,Africa,Sub-Saharan Africa,41.037656,3.0006423350394718,1980,Large Population
Ethiopia,ETH,1987,42460039.0,Africa,Sub-Saharan Africa,42.460039,3.4660434796763173,1980,Large Population
Ethiopia,ETH,1988,44150825.0,Africa,Sub-Saharan Africa,44.150825,3.982064170972621,1980,Large Population
Ethiopia,ETH,1989,45879690.0,Africa,Sub-Saharan Africa,45.87969,3.915815842625814,1980,Large Population
Ethiopia,ETH,1990,47609755.0,Africa,Sub-Saharan Africa,47.609755,3.770873342866965,1990,Large Population
Ethiopia,ETH,1991,49717198.0,Africa,Sub-Saharan Africa,49.717198,4.426494108192736,1990,Large Population
Ethiopia,ETH,1992,51853747.0,Africa,Sub-Saharan Africa,51.853747,4.2974042905636,1990,Large Population
Ethiopia,ETH,1993,53708891.0,Africa,Sub-Saharan Africa,53.708891,3.577646953845015,1990,Large Population
Ethiopia,ETH,1994,55611508.0,Africa,Sub-Saharan Africa,55.611508,3.5424618989060797,1990,Large Population
Ethiopia,ETH,1995,57537335.0,Africa,Sub-Saharan Africa,57.537335,3.463000859462406,1990,Large Population
Ethiopia,ETH,1996,59467635.0,Africa,Sub-Saharan Africa,59.467635,3.3548651497327775,1990,Large Population
Ethiopia,ETH,1997,61404539.0,Africa,Sub-Saharan Africa,61.404539,3.2570725235668174,1990,Large Population
Ethiopia,ETH,1998,63363524.0,Africa,Sub-Saharan Africa,63.363524,3.1902934732561006,1990,Large Population
Ethiopia,ETH,1999,65374561.0,Africa,Sub-Saharan Africa,65.374561,3.1738086410724176,1990,Large Population
Ethiopia,ETH,2000,67411494.0,Africa,Sub-Saharan Africa,67.411494,3.115788418066767,2000,Large Population
Ethiopia,ETH,2001,69487762.0,Africa,Sub-Saharan Africa,69.487762,3.0799910768926075,2000,Large Population
Ethiopia,ETH,2002,71635517.0,Africa,Sub-Saharan Africa,71.635517,3.090839218566277,2000,Large Population
Ethiopia,ETH,2003,73832663.0,Africa,Sub-Saharan Africa,73.832663,3.06711822851784,2000,Large Population
Ethiopia,ETH,2004,76077206.0,Africa,Sub-Saharan Africa,76.077206,3.0400406931008206,2000,Large Population
Ethiopia,ETH,2005,78367470.0,Africa,Sub-Saharan Africa,78.36747,3.0104470450715626,2000,Large Population
Ethiopia,ETH,2006,80703490.0,Africa,Sub-Saharan Africa,80.70349,2.9808541732941007,2000,Large Population
Ethiopia,ETH,2007,83103217.0,Africa,Sub-Saharan Africa,83.103217,2.9735108109946617,2000,Large Population
Ethiopia,ETH,2008,85543668.0,Africa,Sub-Saharan Africa,85.543668,2.936650454819345,2000,Large Population
Ethiopia,ETH,2009,88007636.0,Africa,Sub-Saharan Africa,88.007636,2.880362810722592,2000,Large Population
Ethiopia,ETH,2010,90538514.0,Africa,Sub-Saharan Africa,90.538514,2.875748190759264,2010,Large Population
Ethiopia,ETH,2011,93149970.0,Africa,Sub-Saharan Africa,93.14997,2.8843592462761247,2010,Large Population
Ethiopia,ETH,2012,95798767.0,Africa,Sub-Saharan Africa,95.798767,2.843583309796016,2010,Large Population
Ethiopia,ETH,2013,98438751.0,Africa,Sub-Saharan Africa,98.438751,2.755759894070442,2010,Large Population
Ethiopia,ETH,2014,101115610.0,Africa,Sub-Saharan Africa,101.11561,2.7193142667972348,2010,Large Population
Ethiopia,ETH,2015,103867135.0,Africa,Sub-Saharan Africa,103.867135,2.721167384541312,2010,Large Population
Ethiopia,ETH,2016,106718162.0,Africa,Sub-Saharan Africa,106.718162,2.7448788300553417,2010,Large Population
Ethiopia,ETH,2017,109666481.0,Africa,Sub-Saharan Africa,109.666481,2.7627153098832347,2010,Large Population
Ethiopia,ETH,2018,112664152.0,Africa,Sub-Saharan Africa,112.664152,2.733443229568011,2010,Large Population
Ethiopia,ETH,2019,115737383.0,Africa,Sub-Saharan Africa,115.737383,2.7277807052592973,2010,Large Population
Ethiopia,ETH,2020,118917671.0,Africa,Sub-Saharan Africa,118.917671,2.747848549504517,2020,Large Population
Ethiopia,ETH,2021,122138588.0,Africa,Sub-Saharan Africa,122.138588,2.708526809274625,2020,Large Population
Ethiopia,ETH,2022,125384287.0,Africa,Sub-Saharan Africa,125.384287,2.657390308130947,2020,Large Population
Ethiopia,ETH,2023,128691692.0,Africa,Sub-Saharan Africa,128.691692,2.6378145771965844,2020,Large Population
Ethiopia,ETH,2024,132059767.0,Africa,Sub-Saharan Africa,132.059767,2.6171658384909646,2020,Large Population
Gabon,GAB,1960,512316.0,Africa,Central Africa,0.512316,,1960,Standard
Gabon,GAB,1961,518266.0,Africa,Central Africa,0.518266,1.161392578018261,1960,Standard
Gabon,GAB,1962,524649.0,Africa,Central Africa,0.524649,1.2316069354346926,1960,Standard
Gabon,GAB,1963,531452.0,Africa,Central Africa,0.531452,1.2966764446325163,1960,Standard
Gabon,GAB,1964,538657.0,Africa,Central Africa,0.538657,1.3557198016001415,1960,Standard
Gabon,GAB,1965,546308.0,Africa,Central Africa,0.546308,1.4203844004626376,1960,Standard
Gabon,GAB,1966,554463.0,Africa,Central Africa,0.554463,1.4927476807954587,1960,Standard
Gabon,GAB,1967,563108.0,Africa,Central Africa,0.563108,1.5591662563597675,1960,Standard
Gabon,GAB,1968,572257.0,Africa,Central Africa,0.572257,1.6247327333300143,1960,Standard
Gabon,GAB,1969,583276.0,Africa,Central Africa,0.583276,1.925533457869455,1960,Standard
Gabon,GAB,1970,595846.0,Africa,Central Africa,0.595846,2.15506895534876,1970,Standard
Gabon,GAB,1971,608348.0,Africa,Central Africa,0.608348,2.0981931572923163,1970,Standard
Gabon,GAB,1972,620960.0,Africa,Central Africa,0.62096,2.0731554965250254,1970,Standard
Gabon,GAB,1973,633995.0,Africa,Central Africa,0.633995,2.099169028600878,1970,Standard
Gabon,GAB,1974,647691.0,Africa,Central Africa,0.647691,2.1602694027555325,1970,Standard
Gabon,GAB,1975,662197.0,Africa,Central Africa,0.662197,2.2396482273182805,1970,Standard
Gabon,GAB,1976,677628.0,Africa,Central Africa,0.677628,2.330273317456899,1970,Standard
Gabon,GAB,1977,693984.0,Africa,Central Africa,0.693984,2.4137137190316738,1970,Standard
Gabon,GAB,1978,711245.0,Africa,Central Africa,0.711245,2.487233135057876,1970,Standard
Gabon,GAB,1979,729375.0,Africa,Central Africa,0.729375,2.5490513114327706,1970,Standard
Gabon,GAB,1980,748389.0,Africa,Central Africa,0.748389,2.606889460154238,1980,Standard
Gabon,GAB,1981,768385.0,Africa,Central Africa,0.768385,2.6718725154966094,1980,Standard
Gabon,GAB,1982,789286.0,Africa,Central Africa,0.789286,2.7201207727896914,1980,Standard
Gabon,GAB,1983,811005.0,Africa,Central Africa,0.811005,2.7517275106868633,1980,Standard
Gabon,GAB,1984,833501.0,Africa,Central Africa,0.833501,2.7738423314283,1980,Standard
Gabon,GAB,1985,856726.0,Africa,Central Africa,0.856726,2.786439368399085,1980,Standard
Gabon,GAB,1986,880705.0,Africa,Central Africa,0.880705,2.7989112038154573,1980,Standard
Gabon,GAB,1987,905479.0,Africa,Central Africa,0.905479,2.8129736972084762,1980,Standard
Gabon,GAB,1988,931020.0,Africa,Central Africa,0.93102,2.8207169906756535,1980,Standard
Gabon,GAB,1989,957138.0,Africa,Central Africa,0.957138,2.805310304826958,1980,Standard
Gabon,GAB,1990,983734.0,Africa,Central Africa,0.983734,2.7787006680332516,1990,Standard
Gabon,GAB,1991,1010818.0,Africa,Central Africa,1.010818,2.753183279219784,1990,Standard
Gabon,GAB,1992,1038380.0,Africa,Central Africa,1.03838,2.726702532008729,1990,Standard
Gabon,GAB,1993,1066405.0,Africa,Central Africa,1.066405,2.698915618559683,1990,Standard
Gabon,GAB,1994,1094720.0,Africa,Central Africa,1.09472,2.6551825994814315,1990,Standard
Gabon,GAB,1995,1123213.0,Africa,Central Africa,1.123213,2.6027660040923717,1990,Standard
Gabon,GAB,1996,1152015.0,Africa,Central Africa,1.152015,2.5642509479502085,1990,Standard
Gabon,GAB,1997,1181439.0,Africa,Central Africa,1.181439,2.5541334097212376,1990,Standard
Gabon,GAB,1998,1211736.0,Africa,Central Africa,1.211736,2.564415090410921,1990,Standard
Gabon,GAB,1999,1243016.0,Africa,Central Africa,1.243016,2.5814203753953047,1990,Standard
Gabon,GAB,2000,1275572.0,Africa,Central Africa,1.275572,2.619113511008697,2000,Standard
Gabon,GAB,2001,1309589.0,Africa,Central Africa,1.309589,2.666803598699241,2000,Standard
Gabon,GAB,2002,1345135.0,Africa,Central Africa,1.345135,2.714286696055024,2000,Standard
Gabon,GAB,2003,1382350.0,Africa,Central Africa,1.38235,2.7666368059711566,2000,Standard
Gabon,GAB,2004,1421609.0,Africa,Central Africa,1.421609,2.8400188085506484,2000,Standard
Gabon,GAB,2005,1463495.0,Africa,Central Africa,1.463495,2.946379771090357,2000,Standard
Gabon,GAB,2006,1508337.0,Africa,Central Africa,1.508337,3.064035066740911,2000,Standard
Gabon,GAB,2007,1556237.0,Africa,Central Africa,1.556237,3.1756828878427124,2000,Standard
Gabon,GAB,2008,1607175.0,Africa,Central Africa,1.607175,3.273151839983246,2000,Standard
Gabon,GAB,2009,1661556.0,Africa,Central Africa,1.661556,3.383638993886784,2000,Standard
Gabon,GAB,2010,1719879.0,Africa,Central Africa,1.719879,3.510143504040797,2010,Standard
Gabon,GAB,2011,1781985.0,Africa,Central Africa,1.781985,3.6110679879224117,2010,Standard
Gabon,GAB,2012,1846889.0,Africa,Central Africa,1.846889,3.6422304340384404,2010,Standard
Gabon,GAB,2013,1913059.0,Africa,Central Africa,1.913059,3.5827816398278367,2010,Standard
Gabon,GAB,2014,1978399.0,Africa,Central Africa,1.978399,3.415472288099841,2010,Standard
Gabon,GAB,2015,2040989.0,Africa,Central Africa,2.040989,3.1636692092949836,2010,Standard
Gabon,GAB,2016,2100306.0,Africa,Central Africa,2.100306,2.9062870990485434,2010,Standard
Gabon,GAB,2017,2156900.0,Africa,Central Africa,2.1569,2.6945597451038195,2010,Standard
Gabon,GAB,2018,2212318.0,Africa,Central Africa,2.212318,2.5693356205665596,2010,Standard
Gabon,GAB,2019,2267706.0,Africa,Central Africa,2.267706,2.5036183767433107,2010,Standard
Gabon,GAB,2020,2322539.0,Africa,Central Africa,2.322539,2.417994219709252,2020,Standard
Gabon,GAB,2021,2376722.0,Africa,Central Africa,2.376722,2.3329209972362097,2020,Standard
Gabon,GAB,2022,2430747.0,Africa,Central Africa,2.430747,2.273088733137496,2020,Standard
Gabon,GAB,2023,2484789.0,Africa,Central Africa,2.484789,2.223267168487708,2020,Standard
Gabon,GAB,2024,2538952.0,Africa,Central Africa,2.538952,2.1797826696753786,2020,Standard
"Gambia, The",GMB,1960,398060.0,Africa,Sub-Saharan Africa,0.39806,,1960,Standard
"Gambia, The",GMB,1961,408930.0,Africa,Sub-Saharan Africa,0.40893,2.730744108928307,1960,Standard
"Gambia, The",GMB,1962,420163.0,Africa,Sub-Saharan Africa,0.420163,2.7469249015724007,1960,Standard
"Gambia, The",GMB,1963,431757.0,Africa,Sub-Saharan Africa,0.431757,2.7594052784276624,1960,Standard
"Gambia, The",GMB,1964,443687.0,Africa,Sub-Saharan Africa,0.443687,2.7631283337618218,1960,Standard
"Gambia, The",GMB,1965,455952.0,Africa,Sub-Saharan Africa,0.455952,2.7643361198322225,1960,Standard
"Gambia, The",GMB,1966,468516.0,Africa,Sub-Saharan Africa,0.468516,2.755553216128015,1960,Standard
"Gambia, The",GMB,1967,481588.0,Africa,Sub-Saharan Africa,0.481588,2.7900861443365788,1960,Standard
"Gambia, The",GMB,1968,495269.0,Africa,Sub-Saharan Africa,0.495269,2.8408099869598136,1960,Standard
"Gambia, The",GMB,1969,509440.0,Africa,Sub-Saharan Africa,0.50944,2.8612733686138148,1960,Standard
"Gambia, The",GMB,1970,524105.0,Africa,Sub-Saharan Africa,0.524105,2.8786510678391997,1970,Standard
"Gambia, The",GMB,1971,539388.0,Africa,Sub-Saharan Africa,0.539388,2.9160187367035295,1970,Standard
"Gambia, The",GMB,1972,555370.0,Africa,Sub-Saharan Africa,0.55537,2.962987682336271,1970,Standard
"Gambia, The",GMB,1973,571991.0,Africa,Sub-Saharan Africa,0.571991,2.9927795883825103,1970,Standard
"Gambia, The",GMB,1974,589085.0,Africa,Sub-Saharan Africa,0.589085,2.9885085604493877,1970,Standard
"Gambia, The",GMB,1975,606821.0,Africa,Sub-Saharan Africa,0.606821,3.010770941375185,1970,Standard
"Gambia, The",GMB,1976,625667.0,Africa,Sub-Saharan Africa,0.625667,3.105693441723334,1970,Standard
"Gambia, The",GMB,1977,645770.0,Africa,Sub-Saharan Africa,0.64577,3.2130510319387184,1970,Standard
"Gambia, The",GMB,1978,667103.0,Africa,Sub-Saharan Africa,0.667103,3.3034981494959537,1970,Standard
"Gambia, The",GMB,1979,689781.0,Africa,Sub-Saharan Africa,0.689781,3.399475043583977,1970,Standard
"Gambia, The",GMB,1980,713913.0,Africa,Sub-Saharan Africa,0.713913,3.498501698365142,1980,Standard
"Gambia, The",GMB,1981,739125.0,Africa,Sub-Saharan Africa,0.739125,3.531522748570204,1980,Standard
"Gambia, The",GMB,1982,765753.0,Africa,Sub-Saharan Africa,0.765753,3.602638254693047,1980,Standard
"Gambia, The",GMB,1983,794525.0,Africa,Sub-Saharan Africa,0.794525,3.757347343072759,1980,Standard
"Gambia, The",GMB,1984,825631.0,Africa,Sub-Saharan Africa,0.825631,3.9150435794971905,1980,Standard
"Gambia, The",GMB,1985,858874.0,Africa,Sub-Saharan Africa,0.858874,4.02637497865268,1980,Standard
"Gambia, The",GMB,1986,894019.0,Africa,Sub-Saharan Africa,0.894019,4.091985553177757,1980,Standard
"Gambia, The",GMB,1987,931091.0,Africa,Sub-Saharan Africa,0.931091,4.146668023833944,1980,Standard
"Gambia, The",GMB,1988,970160.0,Africa,Sub-Saharan Africa,0.97016,4.196045284510319,1980,Standard
"Gambia, The",GMB,1989,1011357.0,Africa,Sub-Saharan Africa,1.011357,4.246412962810253,1980,Standard
"Gambia, The",GMB,1990,1054696.0,Africa,Sub-Saharan Africa,1.054696,4.285232613211765,1990,Standard
"Gambia, The",GMB,1991,1099959.0,Africa,Sub-Saharan Africa,1.099959,4.291568376100785,1990,Standard
"Gambia, The",GMB,1992,1145582.0,Africa,Sub-Saharan Africa,1.145582,4.147700050638248,1990,Standard
"Gambia, The",GMB,1993,1188365.0,Africa,Sub-Saharan Africa,1.188365,3.7346082602554898,1990,Standard
"Gambia, The",GMB,1994,1227226.0,Africa,Sub-Saharan Africa,1.227226,3.270123236547695,1990,Standard
"Gambia, The",GMB,1995,1264313.0,Africa,Sub-Saharan Africa,1.264313,3.022018764269996,1990,Standard
"Gambia, The",GMB,1996,1301410.0,Africa,Sub-Saharan Africa,1.30141,2.934162663834039,1990,Standard
"Gambia, The",GMB,1997,1338889.0,Africa,Sub-Saharan Africa,1.338889,2.879876441705531,1990,Standard
"Gambia, The",GMB,1998,1376987.0,Africa,Sub-Saharan Africa,1.376987,2.8454935397930647,1990,Standard
"Gambia, The",GMB,1999,1415779.0,Africa,Sub-Saharan Africa,1.415779,2.8171653036666244,1990,Standard
"Gambia, The",GMB,2000,1455084.0,Africa,Sub-Saharan Africa,1.455084,2.776210128840728,2000,Standard
"Gambia, The",GMB,2001,1495011.0,Africa,Sub-Saharan Africa,1.495011,2.743965296848838,2000,Standard
"Gambia, The",GMB,2002,1535691.0,Africa,Sub-Saharan Africa,1.535691,2.721050213008458,2000,Standard
"Gambia, The",GMB,2003,1577611.0,Africa,Sub-Saharan Africa,1.577611,2.7297158087141282,2000,Standard
"Gambia, The",GMB,2004,1621312.0,Africa,Sub-Saharan Africa,1.621312,2.77007449871991,2000,Standard
"Gambia, The",GMB,2005,1667037.0,Africa,Sub-Saharan Africa,1.667037,2.8202468124580493,2000,Standard
"Gambia, The",GMB,2006,1715275.0,Africa,Sub-Saharan Africa,1.715275,2.893637033851082,2000,Standard
"Gambia, The",GMB,2007,1765774.0,Africa,Sub-Saharan Africa,1.765774,2.9440760227951834,2000,Standard
"Gambia, The",GMB,2008,1817852.0,Africa,Sub-Saharan Africa,1.817852,2.9493015527468414,2000,Standard
"Gambia, The",GMB,2009,1871422.0,Africa,Sub-Saharan Africa,1.871422,2.946884564860075,2000,Standard
"Gambia, The",GMB,2010,1926630.0,Africa,Sub-Saharan Africa,1.92663,2.9500561605025455,2010,Standard
"Gambia, The",GMB,2011,1983784.0,Africa,Sub-Saharan Africa,1.983784,2.966527044632339,2010,Standard
"Gambia, The",GMB,2012,2043094.0,Africa,Sub-Saharan Africa,2.043094,2.989740818556852,2010,Standard
"Gambia, The",GMB,2013,2103820.0,Africa,Sub-Saharan Africa,2.10382,2.972256783094651,2010,Standard
"Gambia, The",GMB,2014,2164528.0,Africa,Sub-Saharan Africa,2.164528,2.8856080843418175,2010,Standard
"Gambia, The",GMB,2015,2224529.0,Africa,Sub-Saharan Africa,2.224529,2.7720131132514814,2010,Standard
"Gambia, The",GMB,2016,2283769.0,Africa,Sub-Saharan Africa,2.283769,2.663035635858191,2010,Standard
"Gambia, The",GMB,2017,2342189.0,Africa,Sub-Saharan Africa,2.342189,2.5580520621831804,2010,Standard
"Gambia, The",GMB,2018,2399632.0,Africa,Sub-Saharan Africa,2.399632,2.4525347869023273,2010,Standard
"Gambia, The",GMB,2019,2456844.0,Africa,Sub-Saharan Africa,2.456844,2.384198910499613,2010,Standard
"Gambia, The",GMB,2020,2515733.0,Africa,Sub-Saharan Africa,2.515733,2.3969368832534643,2020,Standard
"Gambia, The",GMB,2021,2576010.0,Africa,Sub-Saharan Africa,2.57601,2.3960014834642607,2020,Standard
"Gambia, The",GMB,2022,2636470.0,Africa,Sub-Saharan Africa,2.63647,2.34704057825863,2020,Standard
"Gambia, The",GMB,2023,2697845.0,Africa,Sub-Saharan Africa,2.697845,2.3279233217142536,2020,Standard
"Gambia, The",GMB,2024,2759988.0,Africa,Sub-Saharan Africa,2.759988,2.30343107183697,2020,Standard
Ghana,GHA,1960,6961215.0,Africa,Sub-Saharan Africa,6.961215,,1960,Standard
Ghana,GHA,1961,7162667.0,Africa,Sub-Saharan Africa,7.162667,2.8939200987184055,1960,Standard
Ghana,GHA,1962,7337375.0,Africa,Sub-Saharan Africa,7.337375,2.439147317612278,1960,Standard
Ghana,GHA,1963,7514714.0,Africa,Sub-Saharan Africa,7.514714,2.4169270345321126,1960,Standard
Ghana,GHA,1964,7695739.0,Africa,Sub-Saharan Africa,7.695739,2.4089406463106977,1960,Standard
Ghana,GHA,1965,7882606.0,Africa,Sub-Saharan Africa,7.882606,2.4281878582420813,1960,Standard
Ghana,GHA,1966,8074521.0,Africa,Sub-Saharan Africa,8.074521,2.4346643736855578,1960,Standard
Ghana,GHA,1967,8271913.0,Africa,Sub-Saharan Africa,8.271913,2.444627984743608,1960,Standard
Ghana,GHA,1968,8475729.0,Africa,Sub-Saharan Africa,8.475729,2.463952413426007,1960,Standard
Ghana,GHA,1969,8690383.0,Africa,Sub-Saharan Africa,8.690383,2.5325727143942434,1960,Standard
Ghana,GHA,1970,8925813.0,Africa,Sub-Saharan Africa,8.925813,2.7090865845613488,1970,Standard
Ghana,GHA,1971,9176264.0,Africa,Sub-Saharan Africa,9.176264,2.8059180715527043,1970,Standard
Ghana,GHA,1972,9438187.0,Africa,Sub-Saharan Africa,9.438187,2.854353362109019,1970,Standard
Ghana,GHA,1973,9714617.0,Africa,Sub-Saharan Africa,9.714617,2.9288463981482993,1970,Standard
Ghana,GHA,1974,10000523.0,Africa,Sub-Saharan Africa,10.000523,2.94304963335148,1970,Standard
Ghana,GHA,1975,10294308.0,Africa,Sub-Saharan Africa,10.294308,2.937696358480446,1970,Standard
Ghana,GHA,1976,10594913.0,Africa,Sub-Saharan Africa,10.594913,2.9201088601584546,1970,Standard
Ghana,GHA,1977,10911871.0,Africa,Sub-Saharan Africa,10.911871,2.991605499733696,1970,Standard
Ghana,GHA,1978,11248450.0,Africa,Sub-Saharan Africa,11.24845,3.084521435416532,1970,Standard
Ghana,GHA,1979,11597255.0,Africa,Sub-Saharan Africa,11.597255,3.100916126221831,1970,Standard
Ghana,GHA,1980,11941448.0,Africa,Sub-Saharan Africa,11.941448,2.967883348257838,1980,Standard
Ghana,GHA,1981,12281712.0,Africa,Sub-Saharan Africa,12.281712,2.8494366847303665,1980,Standard
Ghana,GHA,1982,12643819.0,Africa,Sub-Saharan Africa,12.643819,2.948343032306888,1980,Standard
Ghana,GHA,1983,13029836.0,Africa,Sub-Saharan Africa,13.029836,3.0530095377037547,1980,Standard
Ghana,GHA,1984,13370590.0,Africa,Sub-Saharan Africa,13.37059,2.6151825702180664,1980,Standard
Ghana,GHA,1985,13661229.0,Africa,Sub-Saharan Africa,13.661229,2.1737185868387243,1980,Standard
Ghana,GHA,1986,13965217.0,Africa,Sub-Saharan Africa,13.965217,2.225187792401395,1980,Standard
Ghana,GHA,1987,14289108.0,Africa,Sub-Saharan Africa,14.289108,2.31926936760094,1980,Standard
Ghana,GHA,1988,14636568.0,Africa,Sub-Saharan Africa,14.636568,2.4316423390459363,1980,Standard
Ghana,GHA,1989,15006813.0,Africa,Sub-Saharan Africa,15.006813,2.5295889036282215,1980,Standard
Ghana,GHA,1990,15394648.0,Africa,Sub-Saharan Africa,15.394648,2.5843928354408074,1990,Standard
Ghana,GHA,1991,15787496.0,Africa,Sub-Saharan Africa,15.787496,2.5518478889546614,1990,Standard
Ghana,GHA,1992,16184855.0,Africa,Sub-Saharan Africa,16.184855,2.516922252901921,1990,Standard
Ghana,GHA,1993,16589519.0,Africa,Sub-Saharan Africa,16.589519,2.5002633634963134,1990,Standard
Ghana,GHA,1994,16993190.0,Africa,Sub-Saharan Africa,16.99319,2.433289355767343,1990,Standard
Ghana,GHA,1995,17399017.0,Africa,Sub-Saharan Africa,17.399017,2.3881743215958817,1990,Standard
Ghana,GHA,1996,17810181.0,Africa,Sub-Saharan Africa,17.810181,2.3631449983639863,1990,Standard
Ghana,GHA,1997,18238958.0,Africa,Sub-Saharan Africa,18.238958,2.4074825516933185,1990,Standard
Ghana,GHA,1998,18688036.0,Africa,Sub-Saharan Africa,18.688036,2.462191096662436,1990,Standard
Ghana,GHA,1999,19149864.0,Africa,Sub-Saharan Africa,19.149864,2.4712495202813267,1990,Standard
Ghana,GHA,2000,19637087.0,Africa,Sub-Saharan Africa,19.637087,2.544263499730337,2000,Standard
Ghana,GHA,2001,20167069.0,Africa,Sub-Saharan Africa,20.167069,2.698882986055917,2000,Standard
Ghana,GHA,2002,20729388.0,Africa,Sub-Saharan Africa,20.729388,2.788303049887908,2000,Standard
Ghana,GHA,2003,21296705.0,Africa,Sub-Saharan Africa,21.296705,2.7367764065200584,2000,Standard
Ghana,GHA,2004,21868298.0,Africa,Sub-Saharan Africa,21.868298,2.6839504045344187,2000,Standard
Ghana,GHA,2005,22449438.0,Africa,Sub-Saharan Africa,22.449438,2.6574541832199206,2000,Standard
Ghana,GHA,2006,23040702.0,Africa,Sub-Saharan Africa,23.040702,2.6337585822861165,2000,Standard
Ghana,GHA,2007,23642279.0,Africa,Sub-Saharan Africa,23.642279,2.6109317328959936,2000,Standard
Ghana,GHA,2008,24249946.0,Africa,Sub-Saharan Africa,24.249946,2.5702556001475196,2000,Standard
Ghana,GHA,2009,24862664.0,Africa,Sub-Saharan Africa,24.862664,2.526677791364973,2000,Standard
Ghana,GHA,2010,25474995.0,Africa,Sub-Saharan Africa,25.474995,2.4628535381405525,2010,Standard
Ghana,GHA,2011,26095088.0,Africa,Sub-Saharan Africa,26.095088,2.4341241283855064,2010,Standard
Ghana,GHA,2012,26734268.0,Africa,Sub-Saharan Africa,26.734268,2.4494264974312507,2010,Standard
Ghana,GHA,2013,27386193.0,Africa,Sub-Saharan Africa,27.386193,2.438536936938007,2010,Standard
Ghana,GHA,2014,28041592.0,Africa,Sub-Saharan Africa,28.041592,2.3931730854303224,2010,Standard
Ghana,GHA,2015,28696068.0,Africa,Sub-Saharan Africa,28.696068,2.3339473736013305,2010,Standard
Ghana,GHA,2016,29356742.0,Africa,Sub-Saharan Africa,29.356742,2.3023154252352684,2010,Standard
Ghana,GHA,2017,30008354.0,Africa,Sub-Saharan Africa,30.008354,2.21963322769263,2010,Large Population
Ghana,GHA,2018,30637585.0,Africa,Sub-Saharan Africa,30.637585,2.0968527630672362,2010,Large Population
Ghana,GHA,2019,31258945.0,Africa,Sub-Saharan Africa,31.258945,2.0280971884696575,2010,Large Population
Ghana,GHA,2020,31887809.0,Africa,Sub-Saharan Africa,31.887809,2.0117889455322224,2020,Large Population
Ghana,GHA,2021,32518665.0,Africa,Sub-Saharan Africa,32.518665,1.9783610720949918,2020,Large Population
Ghana,GHA,2022,33149152.0,Africa,Sub-Saharan Africa,33.149152,1.9388465055376614,2020,Large Population
Ghana,GHA,2023,33787914.0,Africa,Sub-Saharan Africa,33.787914,1.9269331535238132,2020,Large Population
Ghana,GHA,2024,34427414.0,Africa,Sub-Saharan Africa,34.427414,1.8926886104895457,2020,Large Population
Guinea,GIN,1960,3556749.0,Africa,Sub-Saharan Africa,3.556749,,1960,Standard
Guinea,GIN,1961,3619551.0,Africa,Sub-Saharan Africa,3.619551,1.7657135772020993,1960,Standard
Guinea,GIN,1962,3684273.0,Africa,Sub-Saharan Africa,3.684273,1.7881223389309975,1960,Standard
Guinea,GIN,1963,3750954.0,Africa,Sub-Saharan Africa,3.750954,1.8098821667124065,1960,Standard
Guinea,GIN,1964,3819722.0,Africa,Sub-Saharan Africa,3.819722,1.8333469298743799,1960,Standard
Guinea,GIN,1965,3890716.0,Africa,Sub-Saharan Africa,3.890716,1.8586169359969151,1960,Standard
Guinea,GIN,1966,3964155.0,Africa,Sub-Saharan Africa,3.964155,1.8875446061855872,1960,Standard
Guinea,GIN,1967,4040153.0,Africa,Sub-Saharan Africa,4.040153,1.9171298801383907,1960,Standard
Guinea,GIN,1968,4118550.0,Africa,Sub-Saharan Africa,4.11855,1.9404463147806528,1960,Standard
Guinea,GIN,1969,4198300.0,Africa,Sub-Saharan Africa,4.1983,1.9363610979592272,1960,Standard
Guinea,GIN,1970,4277535.0,Africa,Sub-Saharan Africa,4.277535,1.887311530857727,1970,Standard
Guinea,GIN,1971,4355200.0,Africa,Sub-Saharan Africa,4.3552,1.8156484984927168,1970,Standard
Guinea,GIN,1972,4431292.0,Africa,Sub-Saharan Africa,4.431292,1.7471528288023563,1970,Standard
Guinea,GIN,1973,4506324.0,Africa,Sub-Saharan Africa,4.506324,1.6932307778408706,1970,Standard
Guinea,GIN,1974,4580510.0,Africa,Sub-Saharan Africa,4.58051,1.6462642277830009,1970,Standard
Guinea,GIN,1975,4653876.0,Africa,Sub-Saharan Africa,4.653876,1.6016993740871621,1970,Standard
Guinea,GIN,1976,4727022.0,Africa,Sub-Saharan Africa,4.727022,1.5717221516000857,1970,Standard
Guinea,GIN,1977,4801128.0,Africa,Sub-Saharan Africa,4.801128,1.567710072007289,1970,Standard
Guinea,GIN,1978,4877854.0,Africa,Sub-Saharan Africa,4.877854,1.5980827838791178,1970,Standard
Guinea,GIN,1979,4959283.0,Africa,Sub-Saharan Africa,4.959283,1.6693611575910206,1970,Standard
Guinea,GIN,1980,5047419.0,Africa,Sub-Saharan Africa,5.047419,1.7771923884964735,1980,Standard
Guinea,GIN,1981,5143288.0,Africa,Sub-Saharan Africa,5.143288,1.899366785281753,1980,Standard
Guinea,GIN,1982,5247672.0,Africa,Sub-Saharan Africa,5.247672,2.029518860308821,1980,Standard
Guinea,GIN,1983,5359814.0,Africa,Sub-Saharan Africa,5.359814,2.136985695752336,1980,Standard
Guinea,GIN,1984,5480096.0,Africa,Sub-Saharan Africa,5.480096,2.2441450393614337,1980,Standard
Guinea,GIN,1985,5610373.0,Africa,Sub-Saharan Africa,5.610373,2.377275872539464,1980,Standard
Guinea,GIN,1986,5750668.0,Africa,Sub-Saharan Africa,5.750668,2.500635875725199,1980,Standard
Guinea,GIN,1987,5900198.0,Africa,Sub-Saharan Africa,5.900198,2.600219661437597,1980,Standard
Guinea,GIN,1988,6056574.0,Africa,Sub-Saharan Africa,6.056574,2.6503517339587557,1980,Standard
Guinea,GIN,1989,6215811.0,Africa,Sub-Saharan Africa,6.215811,2.6291596536259565,1980,Standard
Guinea,GIN,1990,6434374.0,Africa,Sub-Saharan Africa,6.434374,3.5162426914203238,1990,Standard
Guinea,GIN,1991,6697166.0,Africa,Sub-Saharan Africa,6.697166,4.084189075736044,1990,Standard
Guinea,GIN,1992,6914366.0,Africa,Sub-Saharan Africa,6.914366,3.2431628542580526,1990,Standard
Guinea,GIN,1993,7128177.0,Africa,Sub-Saharan Africa,7.128177,3.0922719451067504,1990,Standard
Guinea,GIN,1994,7345107.0,Africa,Sub-Saharan Africa,7.345107,3.0432745988209886,1990,Standard
Guinea,GIN,1995,7553249.0,Africa,Sub-Saharan Africa,7.553249,2.8337504137107894,1990,Standard
Guinea,GIN,1996,7770035.0,Africa,Sub-Saharan Africa,7.770035,2.8701026538381136,1990,Standard
Guinea,GIN,1997,7931370.0,Africa,Sub-Saharan Africa,7.93137,2.076374173346718,1990,Standard
Guinea,GIN,1998,8081990.0,Africa,Sub-Saharan Africa,8.08199,1.8990414014224521,1990,Standard
Guinea,GIN,1999,8265123.0,Africa,Sub-Saharan Africa,8.265123,2.265939453030752,1990,Standard
Guinea,GIN,2000,8428832.0,Africa,Sub-Saharan Africa,8.428832,1.980720674090386,2000,Standard
Guinea,GIN,2001,8539960.0,Africa,Sub-Saharan Africa,8.53996,1.3184270371031204,2000,Standard
Guinea,GIN,2002,8674066.0,Africa,Sub-Saharan Africa,8.674066,1.5703352240525659,2000,Standard
Guinea,GIN,2003,8870781.0,Africa,Sub-Saharan Africa,8.870781,2.2678522390768174,2000,Standard
Guinea,GIN,2004,9062726.0,Africa,Sub-Saharan Africa,9.062726,2.163789186093079,2000,Standard
Guinea,GIN,2005,9245844.0,Africa,Sub-Saharan Africa,9.245844,2.0205620251566803,2000,Standard
Guinea,GIN,2006,9441171.0,Africa,Sub-Saharan Africa,9.441171,2.1125924253102335,2000,Standard
Guinea,GIN,2007,9662281.0,Africa,Sub-Saharan Africa,9.662281,2.3419764349146943,2000,Standard
Guinea,GIN,2008,9898870.0,Africa,Sub-Saharan Africa,9.89887,2.4485833107110055,2000,Standard
Guinea,GIN,2009,10143534.0,Africa,Sub-Saharan Africa,10.143534,2.47163565134203,2000,Standard
Guinea,GIN,2010,10396086.0,Africa,Sub-Saharan Africa,10.396086,2.4897831465838127,2010,Standard
Guinea,GIN,2011,10656810.0,Africa,Sub-Saharan Africa,10.65681,2.5079053790051375,2010,Standard
Guinea,GIN,2012,10921581.0,Africa,Sub-Saharan Africa,10.921581,2.4845239804406782,2010,Standard
Guinea,GIN,2013,11191873.0,Africa,Sub-Saharan Africa,11.191873,2.474843156865303,2010,Standard
Guinea,GIN,2014,11472924.0,Africa,Sub-Saharan Africa,11.472924,2.511206122514076,2010,Standard
Guinea,GIN,2015,11767070.0,Africa,Sub-Saharan Africa,11.76707,2.5638276693892514,2010,Standard
Guinea,GIN,2016,12073030.0,Africa,Sub-Saharan Africa,12.07303,2.6001375023688933,2010,Standard
Guinea,GIN,2017,12385659.0,Africa,Sub-Saharan Africa,12.385659,2.5894825077051875,2010,Standard
Guinea,GIN,2018,12704774.0,Africa,Sub-Saharan Africa,12.704774,2.576487855833909,2010,Standard
Guinea,GIN,2019,13034346.0,Africa,Sub-Saharan Africa,13.034346,2.594079989144249,2010,Standard
Guinea,GIN,2020,13371183.0,Africa,Sub-Saharan Africa,13.371183,2.5842263202158433,2020,Standard
Guinea,GIN,2021,13710513.0,Africa,Sub-Saharan Africa,13.710513,2.537770966114228,2020,Standard
Guinea,GIN,2022,14055137.0,Africa,Sub-Saharan Africa,14.055137,2.5135748020515436,2020,Standard
Guinea,GIN,2023,14405468.0,Africa,Sub-Saharan Africa,14.405468,2.492547742508666,2020,Standard
Guinea,GIN,2024,14754785.0,Africa,Sub-Saharan Africa,14.754785,2.424891714729438,2020,Standard
Guinea-Bissau,GNB,1960,577633.0,Africa,Sub-Saharan Africa,0.577633,,1960,Standard
Guinea-Bissau,GNB,1961,582532.0,Africa,Sub-Saharan Africa,0.582532,0.8481163645428946,1960,Standard
Guinea-Bissau,GNB,1962,589474.0,Africa,Sub-Saharan Africa,0.589474,1.1916941901904066,1960,Standard
Guinea-Bissau,GNB,1963,594418.0,Africa,Sub-Saharan Africa,0.594418,0.8387138364033042,1960,Standard
Guinea-Bissau,GNB,1964,588543.0,Africa,Sub-Saharan Africa,0.588543,-0.9883617252505861,1960,Standard
Guinea-Bissau,GNB,1965,575005.0,Africa,Sub-Saharan Africa,0.575005,-2.3002567357015558,1960,Standard
Guinea-Bissau,GNB,1966,566908.0,Africa,Sub-Saharan Africa,0.566908,-1.4081616681594022,1960,Standard
Guinea-Bissau,GNB,1967,569011.0,Africa,Sub-Saharan Africa,0.569011,0.37095966188518403,1960,Standard
Guinea-Bissau,GNB,1968,578170.0,Africa,Sub-Saharan Africa,0.57817,1.60963496312021,1960,Standard
Guinea-Bissau,GNB,1969,581610.0,Africa,Sub-Saharan Africa,0.58161,0.5949807150146258,1960,Standard
Guinea-Bissau,GNB,1970,584403.0,Africa,Sub-Saharan Africa,0.584403,0.48021870325476446,1970,Standard
Guinea-Bissau,GNB,1971,586221.0,Africa,Sub-Saharan Africa,0.586221,0.31108669873358696,1970,Standard
Guinea-Bissau,GNB,1972,586620.0,Africa,Sub-Saharan Africa,0.58662,0.06806306836499854,1970,Standard
Guinea-Bissau,GNB,1973,592808.0,Africa,Sub-Saharan Africa,0.592808,1.0548566363233425,1970,Standard
Guinea-Bissau,GNB,1974,613338.0,Africa,Sub-Saharan Africa,0.613338,3.463178634566333,1970,Standard
Guinea-Bissau,GNB,1975,650966.0,Africa,Sub-Saharan Africa,0.650966,6.13495332100733,1970,Standard
Guinea-Bissau,GNB,1976,694191.0,Africa,Sub-Saharan Africa,0.694191,6.640131742671662,1970,Standard
Guinea-Bissau,GNB,1977,741789.0,Africa,Sub-Saharan Africa,0.741789,6.85661438998777,1970,Standard
Guinea-Bissau,GNB,1978,791694.0,Africa,Sub-Saharan Africa,0.791694,6.7276543599325445,1970,Standard
Guinea-Bissau,GNB,1979,819867.0,Africa,Sub-Saharan Africa,0.819867,3.5585718724658877,1970,Standard
Guinea-Bissau,GNB,1980,829303.0,Africa,Sub-Saharan Africa,0.829303,1.1509183806641898,1980,Standard
Guinea-Bissau,GNB,1981,842432.0,Africa,Sub-Saharan Africa,0.842432,1.5831366822500303,1980,Standard
Guinea-Bissau,GNB,1982,855891.0,Africa,Sub-Saharan Africa,0.855891,1.597636367089561,1980,Standard
Guinea-Bissau,GNB,1983,869592.0,Africa,Sub-Saharan Africa,0.869592,1.6007879508021405,1980,Standard
Guinea-Bissau,GNB,1984,883519.0,Africa,Sub-Saharan Africa,0.883519,1.6015556720853086,1980,Standard
Guinea-Bissau,GNB,1985,897697.0,Africa,Sub-Saharan Africa,0.897697,1.6047193099412604,1980,Standard
Guinea-Bissau,GNB,1986,912126.0,Africa,Sub-Saharan Africa,0.912126,1.607335214443184,1980,Standard
Guinea-Bissau,GNB,1987,926862.0,Africa,Sub-Saharan Africa,0.926862,1.6155662704494755,1980,Standard
Guinea-Bissau,GNB,1988,942061.0,Africa,Sub-Saharan Africa,0.942061,1.6398341932240212,1980,Standard
Guinea-Bissau,GNB,1989,957789.0,Africa,Sub-Saharan Africa,0.957789,1.6695309539403569,1980,Standard
Guinea-Bissau,GNB,1990,973669.0,Africa,Sub-Saharan Africa,0.973669,1.657985213862334,1990,Standard
Guinea-Bissau,GNB,1991,994639.0,Africa,Sub-Saharan Africa,0.994639,2.153709320107766,1990,Standard
Guinea-Bissau,GNB,1992,1024356.0,Africa,Sub-Saharan Africa,1.024356,2.9877171516500045,1990,Standard
Guinea-Bissau,GNB,1993,1058745.0,Africa,Sub-Saharan Africa,1.058745,3.357133652753541,1990,Standard
Guinea-Bissau,GNB,1994,1092031.0,Africa,Sub-Saharan Africa,1.092031,3.143910951173323,1990,Standard
Guinea-Bissau,GNB,1995,1119949.0,Africa,Sub-Saharan Africa,1.119949,2.5565208313683474,1990,Standard
Guinea-Bissau,GNB,1996,1143535.0,Africa,Sub-Saharan Africa,1.143535,2.1059887548450895,1990,Standard
Guinea-Bissau,GNB,1997,1165545.0,Africa,Sub-Saharan Africa,1.165545,1.9247333925065613,1990,Standard
Guinea-Bissau,GNB,1998,1187473.0,Africa,Sub-Saharan Africa,1.187473,1.881351642364737,1990,Standard
Guinea-Bissau,GNB,1999,1210206.0,Africa,Sub-Saharan Africa,1.210206,1.9144014221797123,1990,Standard
Guinea-Bissau,GNB,2000,1234741.0,Africa,Sub-Saharan Africa,1.234741,2.027340799830779,2000,Standard
Guinea-Bissau,GNB,2001,1261273.0,Africa,Sub-Saharan Africa,1.261273,2.1487907180534283,2000,Standard
Guinea-Bissau,GNB,2002,1289307.0,Africa,Sub-Saharan Africa,1.289307,2.2226750275317064,2000,Standard
Guinea-Bissau,GNB,2003,1318806.0,Africa,Sub-Saharan Africa,1.318806,2.287973306590274,2000,Standard
Guinea-Bissau,GNB,2004,1349563.0,Africa,Sub-Saharan Africa,1.349563,2.332185325210845,2000,Standard
Guinea-Bissau,GNB,2005,1381585.0,Africa,Sub-Saharan Africa,1.381585,2.372768073813525,2000,Standard
Guinea-Bissau,GNB,2006,1415303.0,Africa,Sub-Saharan Africa,1.415303,2.4405302605341017,2000,Standard
Guinea-Bissau,GNB,2007,1450986.0,Africa,Sub-Saharan Africa,1.450986,2.521226903355678,2000,Standard
Guinea-Bissau,GNB,2008,1488054.0,Africa,Sub-Saharan Africa,1.488054,2.5546766130066123,2000,Standard
Guinea-Bissau,GNB,2009,1526377.0,Africa,Sub-Saharan Africa,1.526377,2.5753769688465544,2000,Standard
Guinea-Bissau,GNB,2010,1566347.0,Africa,Sub-Saharan Africa,1.566347,2.6186191222745014,2010,Standard
Guinea-Bissau,GNB,2011,1608076.0,Africa,Sub-Saharan Africa,1.608076,2.664096780598424,2010,Standard
Guinea-Bissau,GNB,2012,1651417.0,Africa,Sub-Saharan Africa,1.651417,2.695208435422214,2010,Standard
Guinea-Bissau,GNB,2013,1695973.0,Africa,Sub-Saharan Africa,1.695973,2.698046586658598,2010,Standard
Guinea-Bissau,GNB,2014,1741122.0,Africa,Sub-Saharan Africa,1.741122,2.662129644752609,2010,Standard
Guinea-Bissau,GNB,2015,1786457.0,Africa,Sub-Saharan Africa,1.786457,2.60378078043928,2010,Standard
Guinea-Bissau,GNB,2016,1831893.0,Africa,Sub-Saharan Africa,1.831893,2.543358166471399,2010,Standard
Guinea-Bissau,GNB,2017,1877072.0,Africa,Sub-Saharan Africa,1.877072,2.4662466639699954,2010,Standard
Guinea-Bissau,GNB,2018,1922168.0,Africa,Sub-Saharan Africa,1.922168,2.4024651158826016,2010,Standard
Guinea-Bissau,GNB,2019,1967696.0,Africa,Sub-Saharan Africa,1.967696,2.368575483516522,2010,Standard
Guinea-Bissau,GNB,2020,2013255.0,Africa,Sub-Saharan Africa,2.013255,2.3153474927021245,2020,Standard
Guinea-Bissau,GNB,2021,2058841.0,Africa,Sub-Saharan Africa,2.058841,2.2642933955211886,2020,Standard
Guinea-Bissau,GNB,2022,2105529.0,Africa,Sub-Saharan Africa,2.105529,2.2676836142276224,2020,Standard
Guinea-Bissau,GNB,2023,2153339.0,Africa,Sub-Saharan Africa,2.153339,2.2706882688388497,2020,Standard
Guinea-Bissau,GNB,2024,2201352.0,Africa,Sub-Saharan Africa,2.201352,2.229700014721314,2020,Standard
Kenya,KEN,1960,7695307.0,Africa,East Africa,7.695307,,1960,Standard
Kenya,KEN,1961,7987770.0,Africa,East Africa,7.98777,3.8005371325666504,1960,Standard
Kenya,KEN,1962,8299308.0,Africa,East Africa,8.299308,3.900187411505329,1960,Standard
Kenya,KEN,1963,8627971.0,Africa,East Africa,8.627971,3.960125350209931,1960,Standard
Kenya,KEN,1964,8973535.0,Africa,East Africa,8.973535,4.005159498102162,1960,Standard
Kenya,KEN,1965,9338078.0,Africa,East Africa,9.338078,4.0624235599459935,1960,Standard
Kenya,KEN,1966,9717816.0,Africa,East Africa,9.717816,4.066554166713954,1960,Standard
Kenya,KEN,1967,10111057.0,Africa,East Africa,10.111057,4.0465985361319845,1960,Standard
Kenya,KEN,1968,10518823.0,Africa,East Africa,10.518823,4.032872131964038,1960,Standard
Kenya,KEN,1969,10939695.0,Africa,East Africa,10.939695,4.001132065821422,1960,Standard
Kenya,KEN,1970,11368791.0,Africa,East Africa,11.368791,3.9223762636892534,1970,Standard
Kenya,KEN,1971,11788904.0,Africa,East Africa,11.788904,3.695318174113682,1970,Standard
Kenya,KEN,1972,12206060.0,Africa,East Africa,12.20606,3.538547773397771,1970,Standard
Kenya,KEN,1973,12634835.0,Africa,East Africa,12.634835,3.5128042955712147,1970,Standard
Kenya,KEN,1974,13070078.0,Africa,East Africa,13.070078,3.4447857846976238,1970,Standard
Kenya,KEN,1975,13511671.0,Africa,East Africa,13.511671,3.3786561947067195,1970,Standard
Kenya,KEN,1976,13957623.0,Africa,East Africa,13.957623,3.300494809265264,1970,Standard
Kenya,KEN,1977,14428819.0,Africa,East Africa,14.428819,3.3759043355734653,1970,Standard
Kenya,KEN,1978,14934126.0,Africa,East Africa,14.934126,3.502067632839534,1970,Standard
Kenya,KEN,1979,15460666.0,Africa,East Africa,15.460666,3.525750351912116,1970,Standard
Kenya,KEN,1980,16018459.0,Africa,East Africa,16.018459,3.607819999474793,1980,Standard
Kenya,KEN,1981,16601507.0,Africa,East Africa,16.601507,3.6398507496882226,1980,Standard
Kenya,KEN,1982,17206175.0,Africa,East Africa,17.206175,3.6422476586011054,1980,Standard
Kenya,KEN,1983,17846374.0,Africa,East Africa,17.846374,3.720751416279322,1980,Standard
Kenya,KEN,1984,18514906.0,Africa,East Africa,18.514906,3.7460382708554674,1980,Standard
Kenya,KEN,1985,19201768.0,Africa,East Africa,19.201768,3.709778488748472,1980,Standard
Kenya,KEN,1986,19901646.0,Africa,East Africa,19.901646,3.6448622855978607,1980,Standard
Kenya,KEN,1987,20616096.0,Africa,East Africa,20.616096,3.589904071251193,1980,Standard
Kenya,KEN,1988,21356219.0,Africa,East Africa,21.356219,3.590024997943364,1980,Standard
Kenya,KEN,1989,22118434.0,Africa,East Africa,22.118434,3.5690540539971005,1980,Standard
Kenya,KEN,1990,22892651.0,Africa,East Africa,22.892651,3.5003246613209527,1990,Standard
Kenya,KEN,1991,23646514.0,Africa,East Africa,23.646514,3.2930349569388007,1990,Standard
Kenya,KEN,1992,24382460.0,Africa,East Africa,24.38246,3.11228115907487,1990,Standard
Kenya,KEN,1993,25117188.0,Africa,East Africa,25.117188,3.01334647939544,1990,Standard
Kenya,KEN,1994,25857130.0,Africa,East Africa,25.85713,2.945958759396161,1990,Standard
Kenya,KEN,1995,26601751.0,Africa,East Africa,26.601751,2.879751155677379,1990,Standard
Kenya,KEN,1996,27344211.0,Africa,East Africa,27.344211,2.791019282903595,1990,Standard
Kenya,KEN,1997,28101768.0,Africa,East Africa,28.101768,2.7704474632674447,1990,Standard
Kenya,KEN,1998,28888057.0,Africa,East Africa,28.888057,2.79800544933686,1990,Standard
Kenya,KEN,1999,29733408.0,Africa,East Africa,29.733408,2.9262992661638787,1990,Standard
Kenya,KEN,2000,30642890.0,Africa,East Africa,30.64289,3.0587882828635005,2000,Large Population
Kenya,KEN,2001,31619170.0,Africa,East Africa,31.61917,3.185991921780218,2000,Large Population
Kenya,KEN,2002,32629808.0,Africa,East Africa,32.629808,3.1962825083643898,2000,Large Population
Kenya,KEN,2003,33652223.0,Africa,East Africa,33.652223,3.1333773094833983,2000,Large Population
Kenya,KEN,2004,34713455.0,Africa,East Africa,34.713455,3.1535271830333444,2000,Large Population
Kenya,KEN,2005,35796484.0,Africa,East Africa,35.796484,3.1199112851198585,2000,Large Population
Kenya,KEN,2006,36904008.0,Africa,East Africa,36.904008,3.093946321655494,2000,Large Population
Kenya,KEN,2007,38036349.0,Africa,East Africa,38.036349,3.0683415199779907,2000,Large Population
Kenya,KEN,2008,39206351.0,Africa,East Africa,39.206351,3.0760102658643707,2000,Large Population
Kenya,KEN,2009,40408891.0,Africa,East Africa,40.408891,3.0672071471277595,2000,Large Population
Kenya,KEN,2010,41598567.0,Africa,East Africa,41.598567,2.944094654812468,2010,Large Population
Kenya,KEN,2011,42758461.0,Africa,East Africa,42.758461,2.7883027797568127,2010,Large Population
Kenya,KEN,2012,43888303.0,Africa,East Africa,43.888303,2.6423822878002934,2010,Large Population
Kenya,KEN,2013,44986791.0,Africa,East Africa,44.986791,2.502917462996912,2010,Large Population
Kenya,KEN,2014,46051440.0,Africa,East Africa,46.05144,2.3665813371751776,2010,Large Population
Kenya,KEN,2015,47088526.0,Africa,East Africa,47.088526,2.252016440745397,2010,Large Population
Kenya,KEN,2016,48139687.0,Africa,East Africa,48.139687,2.232308142327488,2010,Large Population
Kenya,KEN,2017,49197766.0,Africa,East Africa,49.197766,2.19793493879592,2010,Large Population
Kenya,KEN,2018,50207107.0,Africa,East Africa,50.207107,2.0515992535108163,2010,Large Population
Kenya,KEN,2019,51202827.0,Africa,East Africa,51.202827,1.9832252035553388,2010,Large Population
Kenya,KEN,2020,52217334.0,Africa,East Africa,52.217334,1.9813495844672735,2020,Large Population
Kenya,KEN,2021,53219166.0,Africa,East Africa,53.219166,1.9185812895005316,2020,Large Population
Kenya,KEN,2022,54252461.0,Africa,East Africa,54.252461,1.9415843532760269,2020,Large Population
Kenya,KEN,2023,55339003.0,Africa,East Africa,55.339003,2.002751543381609,2020,Large Population
Kenya,KEN,2024,56432944.0,Africa,East Africa,56.432944,1.976799256755668,2020,Large Population
Lesotho,LSO,1960,736500.0,Africa,Sub-Saharan Africa,0.7365,,1960,Standard
Lesotho,LSO,1961,758824.0,Africa,Sub-Saharan Africa,0.758824,3.0310930074677556,1960,Standard
Lesotho,LSO,1962,781814.0,Africa,Sub-Saharan Africa,0.781814,3.029688043604306,1960,Standard
Lesotho,LSO,1963,805373.0,Africa,Sub-Saharan Africa,0.805373,3.013376583177063,1960,Standard
Lesotho,LSO,1964,829437.0,Africa,Sub-Saharan Africa,0.829437,2.9879322996921864,1960,Standard
Lesotho,LSO,1965,854090.0,Africa,Sub-Saharan Africa,0.85409,2.972257085227681,1960,Standard
Lesotho,LSO,1966,881870.0,Africa,Sub-Saharan Africa,0.88187,3.252584622229504,1960,Standard
Lesotho,LSO,1967,913982.0,Africa,Sub-Saharan Africa,0.913982,3.6413530338938793,1960,Standard
Lesotho,LSO,1968,948105.0,Africa,Sub-Saharan Africa,0.948105,3.733443328205599,1960,Standard
Lesotho,LSO,1969,983202.0,Africa,Sub-Saharan Africa,0.983202,3.701805179806028,1960,Standard
Lesotho,LSO,1970,1019273.0,Africa,Sub-Saharan Africa,1.019273,3.6687272808639593,1970,Standard
Lesotho,LSO,1971,1056246.0,Africa,Sub-Saharan Africa,1.056246,3.6273893255290846,1970,Standard
Lesotho,LSO,1972,1094063.0,Africa,Sub-Saharan Africa,1.094063,3.580321250920715,1970,Standard
Lesotho,LSO,1973,1132697.0,Africa,Sub-Saharan Africa,1.132697,3.531240888321796,1970,Standard
Lesotho,LSO,1974,1172420.0,Africa,Sub-Saharan Africa,1.17242,3.5069396316931956,1970,Standard
Lesotho,LSO,1975,1213643.0,Africa,Sub-Saharan Africa,1.213643,3.5160607973251823,1970,Standard
Lesotho,LSO,1976,1253214.0,Africa,Sub-Saharan Africa,1.253214,3.2605140061780835,1970,Standard
Lesotho,LSO,1977,1289967.0,Africa,Sub-Saharan Africa,1.289967,2.9326994431916553,1970,Standard
Lesotho,LSO,1978,1327240.0,Africa,Sub-Saharan Africa,1.32724,2.889453761220251,1970,Standard
Lesotho,LSO,1979,1366169.0,Africa,Sub-Saharan Africa,1.366169,2.9330791718152005,1970,Standard
Lesotho,LSO,1980,1406521.0,Africa,Sub-Saharan Africa,1.406521,2.9536609306754835,1980,Standard
Lesotho,LSO,1981,1448069.0,Africa,Sub-Saharan Africa,1.448069,2.9539551844586676,1980,Standard
Lesotho,LSO,1982,1490732.0,Africa,Sub-Saharan Africa,1.490732,2.9461993869076775,1980,Standard
Lesotho,LSO,1983,1534413.0,Africa,Sub-Saharan Africa,1.534413,2.930171217898314,1980,Standard
Lesotho,LSO,1984,1578986.0,Africa,Sub-Saharan Africa,1.578986,2.9048893615995164,1980,Standard
Lesotho,LSO,1985,1624379.0,Africa,Sub-Saharan Africa,1.624379,2.874819662745587,1980,Standard
Lesotho,LSO,1986,1666138.0,Africa,Sub-Saharan Africa,1.666138,2.5707670438980035,1980,Standard
Lesotho,LSO,1987,1703390.0,Africa,Sub-Saharan Africa,1.70339,2.2358292050238315,1980,Standard
Lesotho,LSO,1988,1739841.0,Africa,Sub-Saharan Africa,1.739841,2.139909239810023,1980,Standard
Lesotho,LSO,1989,1775436.0,Africa,Sub-Saharan Africa,1.775436,2.045876605965713,1980,Standard
Lesotho,LSO,1990,1809696.0,Africa,Sub-Saharan Africa,1.809696,1.9296668536629813,1990,Standard
Lesotho,LSO,1991,1842379.0,Africa,Sub-Saharan Africa,1.842379,1.8059939348929355,1990,Standard
Lesotho,LSO,1992,1873274.0,Africa,Sub-Saharan Africa,1.873274,1.6769079543351273,1990,Standard
Lesotho,LSO,1993,1901793.0,Africa,Sub-Saharan Africa,1.901793,1.5224147668734034,1990,Standard
Lesotho,LSO,1994,1927707.0,Africa,Sub-Saharan Africa,1.927707,1.3626088643716727,1990,Standard
Lesotho,LSO,1995,1951437.0,Africa,Sub-Saharan Africa,1.951437,1.2309962042986733,1990,Standard
Lesotho,LSO,1996,1972418.0,Africa,Sub-Saharan Africa,1.972418,1.0751564103786082,1990,Standard
Lesotho,LSO,1997,1988130.0,Africa,Sub-Saharan Africa,1.98813,0.7965857135759258,1990,Standard
Lesotho,LSO,1998,1998049.0,Africa,Sub-Saharan Africa,1.998049,0.49891103700461237,1990,Standard
Lesotho,LSO,1999,2003234.0,Africa,Sub-Saharan Africa,2.003234,0.2595031453182628,1990,Standard
Lesotho,LSO,2000,2003913.0,Africa,Sub-Saharan Africa,2.003913,0.033895191475386,2000,Standard
Lesotho,LSO,2001,2000853.0,Africa,Sub-Saharan Africa,2.000853,-0.15270124002388918,2000,Standard
Lesotho,LSO,2002,1994679.0,Africa,Sub-Saharan Africa,1.994679,-0.3085683955792895,2000,Standard
Lesotho,LSO,2003,1985059.0,Africa,Sub-Saharan Africa,1.985059,-0.4822831142254014,2000,Standard
Lesotho,LSO,2004,1971129.0,Africa,Sub-Saharan Africa,1.971129,-0.7017423663478017,2000,Standard
Lesotho,LSO,2005,1953076.0,Africa,Sub-Saharan Africa,1.953076,-0.9158710566380956,2000,Standard
Lesotho,LSO,2006,1945063.0,Africa,Sub-Saharan Africa,1.945063,-0.4102758930015993,2000,Standard
Lesotho,LSO,2007,1953268.0,Africa,Sub-Saharan Africa,1.953268,0.4218372361203704,2000,Standard
Lesotho,LSO,2008,1966541.0,Africa,Sub-Saharan Africa,1.966541,0.6795278476890987,2000,Standard
Lesotho,LSO,2009,1980883.0,Africa,Sub-Saharan Africa,1.980883,0.7293008383756128,2000,Standard
Lesotho,LSO,2010,1996251.0,Africa,Sub-Saharan Africa,1.996251,0.7758156337350552,2010,Standard
Lesotho,LSO,2011,2014009.0,Africa,Sub-Saharan Africa,2.014009,0.8895674942680065,2010,Standard
Lesotho,LSO,2012,2034354.0,Africa,Sub-Saharan Africa,2.034354,1.010174234573924,2010,Standard
Lesotho,LSO,2013,2056504.0,Africa,Sub-Saharan Africa,2.056504,1.0887977215371603,2010,Standard
Lesotho,LSO,2014,2080089.0,Africa,Sub-Saharan Africa,2.080089,1.1468492159509625,2010,Standard
Lesotho,LSO,2015,2104611.0,Africa,Sub-Saharan Africa,2.104611,1.1788918647230862,2010,Standard
Lesotho,LSO,2016,2130422.0,Africa,Sub-Saharan Africa,2.130422,1.226402408806182,2010,Standard
Lesotho,LSO,2017,2157110.0,Africa,Sub-Saharan Africa,2.15711,1.2527095570736613,2010,Standard
Lesotho,LSO,2018,2183603.0,Africa,Sub-Saharan Africa,2.183603,1.2281710251215827,2010,Standard
Lesotho,LSO,2019,2209405.0,Africa,Sub-Saharan Africa,2.209405,1.181625048142898,2010,Standard
Lesotho,LSO,2020,2235727.0,Africa,Sub-Saharan Africa,2.235727,1.1913614751482893,2020,Standard
Lesotho,LSO,2021,2261542.0,Africa,Sub-Saharan Africa,2.261542,1.1546579703156867,2020,Standard
Lesotho,LSO,2022,2286110.0,Africa,Sub-Saharan Africa,2.28611,1.0863384363412276,2020,Standard
Lesotho,LSO,2023,2311472.0,Africa,Sub-Saharan Africa,2.311472,1.1093954359151503,2020,Standard
Lesotho,LSO,2024,2337423.0,Africa,Sub-Saharan Africa,2.337423,1.1227044930676167,2020,Standard
Liberia,LBR,1960,1139522.0,Africa,Sub-Saharan Africa,1.139522,,1960,Standard
Liberia,LBR,1961,1167717.0,Africa,Sub-Saharan Africa,1.167717,2.4742830765882573,1960,Standard
Liberia,LBR,1962,1197039.0,Africa,Sub-Saharan Africa,1.197039,2.5110536200123823,1960,Standard
Liberia,LBR,1963,1227414.0,Africa,Sub-Saharan Africa,1.227414,2.537511309155338,1960,Standard
Liberia,LBR,1964,1258745.0,Africa,Sub-Saharan Africa,1.258745,2.5526024633905076,1960,Standard
Liberia,LBR,1965,1291156.0,Africa,Sub-Saharan Africa,1.291156,2.574866235814244,1960,Standard
Liberia,LBR,1966,1324383.0,Africa,Sub-Saharan Africa,1.324383,2.573430321355441,1960,Standard
Liberia,LBR,1967,1358435.0,Africa,Sub-Saharan Africa,1.358435,2.5711595512778462,1960,Standard
Liberia,LBR,1968,1393530.0,Africa,Sub-Saharan Africa,1.39353,2.5834876162643017,1960,Standard
Liberia,LBR,1969,1429605.0,Africa,Sub-Saharan Africa,1.429605,2.588749434888382,1960,Standard
Liberia,LBR,1970,1466676.0,Africa,Sub-Saharan Africa,1.466676,2.5930938965658346,1970,Standard
Liberia,LBR,1971,1504077.0,Africa,Sub-Saharan Africa,1.504077,2.550051954214827,1970,Standard
Liberia,LBR,1972,1542670.0,Africa,Sub-Saharan Africa,1.54267,2.5658925706596225,1970,Standard
Liberia,LBR,1973,1583588.0,Africa,Sub-Saharan Africa,1.583588,2.6524143206259287,1970,Standard
Liberia,LBR,1974,1626362.0,Africa,Sub-Saharan Africa,1.626362,2.7010813418641755,1970,Standard
Liberia,LBR,1975,1670913.0,Africa,Sub-Saharan Africa,1.670913,2.7393040417815984,1970,Standard
Liberia,LBR,1976,1717060.0,Africa,Sub-Saharan Africa,1.71706,2.7617835279275527,1970,Standard
Liberia,LBR,1977,1766019.0,Africa,Sub-Saharan Africa,1.766019,2.851327268703474,1970,Standard
Liberia,LBR,1978,1818247.0,Africa,Sub-Saharan Africa,1.818247,2.95738607568774,1970,Standard
Liberia,LBR,1979,1872713.0,Africa,Sub-Saharan Africa,1.872713,2.9955226105144117,1970,Standard
Liberia,LBR,1980,1929253.0,Africa,Sub-Saharan Africa,1.929253,3.0191492236130157,1980,Standard
Liberia,LBR,1981,1986867.0,Africa,Sub-Saharan Africa,1.986867,2.9863371989054865,1980,Standard
Liberia,LBR,1982,2045073.0,Africa,Sub-Saharan Africa,2.045073,2.9295368034196523,1980,Standard
Liberia,LBR,1983,2107113.0,Africa,Sub-Saharan Africa,2.107113,3.0336325402565034,1980,Standard
Liberia,LBR,1984,2173312.0,Africa,Sub-Saharan Africa,2.173312,3.1416919738049165,1980,Standard
Liberia,LBR,1985,2240539.0,Africa,Sub-Saharan Africa,2.240539,3.093297234819481,1980,Standard
Liberia,LBR,1986,2308511.0,Africa,Sub-Saharan Africa,2.308511,3.0337342933999256,1980,Standard
Liberia,LBR,1987,2377229.0,Africa,Sub-Saharan Africa,2.377229,2.976723957563987,1980,Standard
Liberia,LBR,1988,2446941.0,Africa,Sub-Saharan Africa,2.446941,2.9324898863340554,1980,Standard
Liberia,LBR,1989,2517858.0,Africa,Sub-Saharan Africa,2.517858,2.898190025832248,1980,Standard
Liberia,LBR,1990,2223667.0,Africa,Sub-Saharan Africa,2.223667,-11.684177582691325,1990,Standard
Liberia,LBR,1991,1956518.0,Africa,Sub-Saharan Africa,1.956518,-12.013894166707518,1990,Standard
Liberia,LBR,1992,2072461.0,Africa,Sub-Saharan Africa,2.072461,5.925986880774925,1990,Standard
Liberia,LBR,1993,2155126.0,Africa,Sub-Saharan Africa,2.155126,3.988736096843315,1990,Standard
Liberia,LBR,1994,2149928.0,Africa,Sub-Saharan Africa,2.149928,-0.24119239431940054,1990,Standard
Liberia,LBR,1995,2169162.0,Africa,Sub-Saharan Africa,2.169162,0.8946346110195291,1990,Standard
Liberia,LBR,1996,2232289.0,Africa,Sub-Saharan Africa,2.232289,2.910202188679323,1990,Standard
Liberia,LBR,1997,2412989.0,Africa,Sub-Saharan Africa,2.412989,8.094830015289233,1990,Standard
Liberia,LBR,1998,2670124.0,Africa,Sub-Saharan Africa,2.670124,10.656285627493546,1990,Standard
Liberia,LBR,1999,2821684.0,Africa,Sub-Saharan Africa,2.821684,5.676140883344738,1990,Standard
Liberia,LBR,2000,2928117.0,Africa,Sub-Saharan Africa,2.928117,3.7719673783456864,2000,Standard
Liberia,LBR,2001,3015338.0,Africa,Sub-Saharan Africa,3.015338,2.978740262086532,2000,Standard
Liberia,LBR,2002,3094782.0,Africa,Sub-Saharan Africa,3.094782,2.6346631787215857,2000,Standard
Liberia,LBR,2003,3119532.0,Africa,Sub-Saharan Africa,3.119532,0.7997332283824932,2000,Standard
Liberia,LBR,2004,3156892.0,Africa,Sub-Saharan Africa,3.156892,1.197615539766872,2000,Standard
Liberia,LBR,2005,3301015.0,Africa,Sub-Saharan Africa,3.301015,4.565344649104253,2000,Standard
Liberia,LBR,2006,3490787.0,Africa,Sub-Saharan Africa,3.490787,5.748898444872252,2000,Standard
Liberia,LBR,2007,3669050.0,Africa,Sub-Saharan Africa,3.66905,5.106670787991363,2000,Standard
Liberia,LBR,2008,3821003.0,Africa,Sub-Saharan Africa,3.821003,4.141480764775629,2000,Standard
Liberia,LBR,2009,3943028.0,Africa,Sub-Saharan Africa,3.943028,3.1935332162785546,2000,Standard
Liberia,LBR,2010,4058890.0,Africa,Sub-Saharan Africa,4.05889,2.938401654768863,2010,Standard
Liberia,LBR,2011,4221178.0,Africa,Sub-Saharan Africa,4.221178,3.998334520028868,2010,Standard
Liberia,LBR,2012,4373043.0,Africa,Sub-Saharan Africa,4.373043,3.597692397714569,2010,Standard
Liberia,LBR,2013,4470239.0,Africa,Sub-Saharan Africa,4.470239,2.222617065507926,2010,Standard
Liberia,LBR,2014,4564293.0,Africa,Sub-Saharan Africa,4.564293,2.10400383514171,2010,Standard
Liberia,LBR,2015,4659431.0,Africa,Sub-Saharan Africa,4.659431,2.0843972987711457,2010,Standard
Liberia,LBR,2016,4755608.0,Africa,Sub-Saharan Africa,4.755608,2.0641361573977557,2010,Standard
Liberia,LBR,2017,4848925.0,Africa,Sub-Saharan Africa,4.848925,1.9622517247006144,2010,Standard
Liberia,LBR,2018,4944726.0,Africa,Sub-Saharan Africa,4.944726,1.9757162670076323,2010,Standard
Liberia,LBR,2019,5043721.0,Africa,Sub-Saharan Africa,5.043721,2.0020320640617983,2010,Standard
Liberia,LBR,2020,5149463.0,Africa,Sub-Saharan Africa,5.149463,2.0965077172190982,2020,Standard
Liberia,LBR,2021,5259323.0,Africa,Sub-Saharan Africa,5.259323,2.1334263397950526,2020,Standard
Liberia,LBR,2022,5373294.0,Africa,Sub-Saharan Africa,5.373294,2.1670279615836563,2020,Standard
Liberia,LBR,2023,5493031.0,Africa,Sub-Saharan Africa,5.493031,2.2283723913115505,2020,Standard
Liberia,LBR,2024,5612817.0,Africa,Sub-Saharan Africa,5.612817,2.1806904057158905,2020,Standard
Libya,LBY,1960,1492890.0,Africa,Sub-Saharan Africa,1.49289,,1960,Standard
Libya,LBY,1961,1555699.0,Africa,Sub-Saharan Africa,1.555699,4.207208836551923,1960,Standard
Libya,LBY,1962,1621960.0,Africa,Sub-Saharan Africa,1.62196,4.259242951239273,1960,Standard
Libya,LBY,1963,1690457.0,Africa,Sub-Saharan Africa,1.690457,4.223100446373529,1960,Standard
Libya,LBY,1964,1753691.0,Africa,Sub-Saharan Africa,1.753691,3.740645281128119,1960,Standard
Libya,LBY,1965,1804015.0,Africa,Sub-Saharan Africa,1.804015,2.8696047365242894,1960,Standard
Libya,LBY,1966,1849063.0,Africa,Sub-Saharan Africa,1.849063,2.4970967536301014,1960,Standard
Libya,LBY,1967,1898199.0,Africa,Sub-Saharan Africa,1.898199,2.6573459097932295,1960,Standard
Libya,LBY,1968,1952781.0,Africa,Sub-Saharan Africa,1.952781,2.8754624778540183,1960,Standard
Libya,LBY,1969,2014293.0,Africa,Sub-Saharan Africa,2.014293,3.14996919777486,1960,Standard
Libya,LBY,1970,2082589.0,Africa,Sub-Saharan Africa,2.082589,3.3905692965223944,1970,Standard
Libya,LBY,1971,2153534.0,Africa,Sub-Saharan Africa,2.153534,3.406577101866959,1970,Standard
Libya,LBY,1972,2226091.0,Africa,Sub-Saharan Africa,2.226091,3.3692061513772353,1970,Standard
Libya,LBY,1973,2314193.0,Africa,Sub-Saharan Africa,2.314193,3.9576998424592613,1970,Standard
Libya,LBY,1974,2432211.0,Africa,Sub-Saharan Africa,2.432211,5.099747514576358,1970,Standard
Libya,LBY,1975,2571556.0,Africa,Sub-Saharan Africa,2.571556,5.7291493213376565,1970,Standard
Libya,LBY,1976,2721237.0,Africa,Sub-Saharan Africa,2.721237,5.8206393327619566,1970,Standard
Libya,LBY,1977,2881533.0,Africa,Sub-Saharan Africa,2.881533,5.890556390347479,1970,Standard
Libya,LBY,1978,3052526.0,Africa,Sub-Saharan Africa,3.052526,5.934098273384336,1970,Standard
Libya,LBY,1979,3233846.0,Africa,Sub-Saharan Africa,3.233846,5.93999854546694,1970,Standard
Libya,LBY,1980,3424378.0,Africa,Sub-Saharan Africa,3.424378,5.891808082388583,1980,Standard
Libya,LBY,1981,3621486.0,Africa,Sub-Saharan Africa,3.621486,5.7560234296564206,1980,Standard
Libya,LBY,1982,3724765.0,Africa,Sub-Saharan Africa,3.724765,2.8518403771269574,1980,Standard
Libya,LBY,1983,3718961.0,Africa,Sub-Saharan Africa,3.718961,-0.15582191091250142,1980,Standard
Libya,LBY,1984,3773633.0,Africa,Sub-Saharan Africa,3.773633,1.4700880165186003,1980,Standard
Libya,LBY,1985,3898745.0,Africa,Sub-Saharan Africa,3.898745,3.315425744898892,1980,Standard
Libya,LBY,1986,4017403.0,Africa,Sub-Saharan Africa,4.017403,3.0434922006953524,1980,Standard
Libya,LBY,1987,4129739.0,Africa,Sub-Saharan Africa,4.129739,2.7962342836902243,1980,Standard
Libya,LBY,1988,4237755.0,Africa,Sub-Saharan Africa,4.237755,2.6155648093015182,1980,Standard
Libya,LBY,1989,4342920.0,Africa,Sub-Saharan Africa,4.34292,2.4816205750450404,1980,Standard
Libya,LBY,1990,4445239.0,Africa,Sub-Saharan Africa,4.445239,2.3559955053282122,1990,Standard
Libya,LBY,1991,4544400.0,Africa,Sub-Saharan Africa,4.5444,2.2307237023701187,1990,Standard
Libya,LBY,1992,4640352.0,Africa,Sub-Saharan Africa,4.640352,2.111433852653821,1990,Standard
Libya,LBY,1993,4733045.0,Africa,Sub-Saharan Africa,4.733045,1.9975424278158238,1990,Standard
Libya,LBY,1994,4822037.0,Africa,Sub-Saharan Africa,4.822037,1.880227211023766,1990,Standard
Libya,LBY,1995,4906843.0,Africa,Sub-Saharan Africa,4.906843,1.75871732216073,1990,Standard
Libya,LBY,1996,4987393.0,Africa,Sub-Saharan Africa,4.987393,1.6415850272772037,1990,Standard
Libya,LBY,1997,5064639.0,Africa,Sub-Saharan Africa,5.064639,1.5488252078791565,1990,Standard
Libya,LBY,1998,5140704.0,Africa,Sub-Saharan Africa,5.140704,1.5018839447392018,1990,Standard
Libya,LBY,1999,5218038.0,Africa,Sub-Saharan Africa,5.218038,1.5043464863956357,1990,Standard
Libya,LBY,2000,5305021.0,Africa,Sub-Saharan Africa,5.305021,1.666967546039344,2000,Standard
Libya,LBY,2001,5403639.0,Africa,Sub-Saharan Africa,5.403639,1.8589558834922526,2000,Standard
Libya,LBY,2002,5508410.0,Africa,Sub-Saharan Africa,5.50841,1.938897102489645,2000,Standard
Libya,LBY,2003,5619398.0,Africa,Sub-Saharan Africa,5.619398,2.014882697547926,2000,Standard
Libya,LBY,2004,5736693.0,Africa,Sub-Saharan Africa,5.736693,2.087323232844507,2000,Standard
Libya,LBY,2005,5858798.0,Africa,Sub-Saharan Africa,5.858798,2.1284911010577057,2000,Standard
Libya,LBY,2006,5980211.0,Africa,Sub-Saharan Africa,5.980211,2.072319270949441,2000,Standard
Libya,LBY,2007,6104380.0,Africa,Sub-Saharan Africa,6.10438,2.0763314204131023,2000,Standard
Libya,LBY,2008,6235430.0,Africa,Sub-Saharan Africa,6.23543,2.146819169186709,2000,Standard
Libya,LBY,2009,6366686.0,Africa,Sub-Saharan Africa,6.366686,2.1050031834211946,2000,Standard
Libya,LBY,2010,6497839.0,Africa,Sub-Saharan Africa,6.497839,2.0599885089354286,2010,Standard
Libya,LBY,2011,6343203.0,Africa,Sub-Saharan Africa,6.343203,-2.3798065787718037,2010,Standard
Libya,LBY,2012,6179328.0,Africa,Sub-Saharan Africa,6.179328,-2.583473995708474,2010,Standard
Libya,LBY,2013,6304628.0,Africa,Sub-Saharan Africa,6.304628,2.0277285814897628,2010,Standard
Libya,LBY,2014,6427252.0,Africa,Sub-Saharan Africa,6.427252,1.9449839070600161,2010,Standard
Libya,LBY,2015,6531819.0,Africa,Sub-Saharan Africa,6.531819,1.6269316964699687,2010,Standard
Libya,LBY,2016,6632126.0,Africa,Sub-Saharan Africa,6.632126,1.5356671702017488,2010,Standard
Libya,LBY,2017,6738770.0,Africa,Sub-Saharan Africa,6.73877,1.6079911630146881,2010,Standard
Libya,LBY,2018,6849055.0,Africa,Sub-Saharan Africa,6.849055,1.6365746271203685,2010,Standard
Libya,LBY,2019,6951033.0,Africa,Sub-Saharan Africa,6.951033,1.4889353348746637,2010,Standard
Libya,LBY,2020,7045399.0,Africa,Sub-Saharan Africa,7.045399,1.3575823909913742,2020,Standard
Libya,LBY,2021,7135175.0,Africa,Sub-Saharan Africa,7.135175,1.274250046022951,2020,Standard
Libya,LBY,2022,7223805.0,Africa,Sub-Saharan Africa,7.223805,1.2421559387120862,2020,Standard
Libya,LBY,2023,7305659.0,Africa,Sub-Saharan Africa,7.305659,1.1331147504673789,2020,Standard
Libya,LBY,2024,7381023.0,Africa,Sub-Saharan Africa,7.381023,1.0315838721736137,2020,Standard
Madagascar,MDG,1960,5111029.0,Africa,Sub-Saharan Africa,5.111029,,1960,Standard
Madagascar,MDG,1961,5246158.0,Africa,Sub-Saharan Africa,5.246158,2.6438707352276714,1960,Standard
Madagascar,MDG,1962,5384150.0,Africa,Sub-Saharan Africa,5.38415,2.630343958378689,1960,Standard
Madagascar,MDG,1963,5525185.0,Africa,Sub-Saharan Africa,5.525185,2.619447823704757,1960,Standard
Madagascar,MDG,1964,5669863.0,Africa,Sub-Saharan Africa,5.669863,2.618518655936408,1960,Standard
Madagascar,MDG,1965,5819116.0,Africa,Sub-Saharan Africa,5.819116,2.6323916468528497,1960,Standard
Madagascar,MDG,1966,5974279.0,Africa,Sub-Saharan Africa,5.974279,2.6664359328805176,1960,Standard
Madagascar,MDG,1967,6136486.0,Africa,Sub-Saharan Africa,6.136486,2.7150891346051864,1960,Standard
Madagascar,MDG,1968,6306493.0,Africa,Sub-Saharan Africa,6.306493,2.7704292000340303,1960,Standard
Madagascar,MDG,1969,6484716.0,Africa,Sub-Saharan Africa,6.484716,2.826023909009323,1960,Standard
Madagascar,MDG,1970,6672003.0,Africa,Sub-Saharan Africa,6.672003,2.8881295649647587,1970,Standard
Madagascar,MDG,1971,6868868.0,Africa,Sub-Saharan Africa,6.868868,2.9506131816787295,1970,Standard
Madagascar,MDG,1972,7074398.0,Africa,Sub-Saharan Africa,7.074398,2.992196094028876,1970,Standard
Madagascar,MDG,1973,7288048.0,Africa,Sub-Saharan Africa,7.288048,3.020044956475454,1970,Standard
Madagascar,MDG,1974,7509726.0,Africa,Sub-Saharan Africa,7.509726,3.041664928661292,1970,Standard
Madagascar,MDG,1975,7739336.0,Africa,Sub-Saharan Africa,7.739336,3.0575016984641046,1970,Standard
Madagascar,MDG,1976,7976831.0,Africa,Sub-Saharan Africa,7.976831,3.068674108476488,1970,Standard
Madagascar,MDG,1977,8222240.0,Africa,Sub-Saharan Africa,8.22224,3.07652249370709,1970,Standard
Madagascar,MDG,1978,8475864.0,Africa,Sub-Saharan Africa,8.475864,3.0846095467901735,1970,Standard
Madagascar,MDG,1979,8737581.0,Africa,Sub-Saharan Africa,8.737581,3.0877914039205923,1970,Standard
Madagascar,MDG,1980,9006032.0,Africa,Sub-Saharan Africa,9.006032,3.072372090170039,1980,Standard
Madagascar,MDG,1981,9279011.0,Africa,Sub-Saharan Africa,9.279011,3.0310685105271684,1980,Standard
Madagascar,MDG,1982,9557671.0,Africa,Sub-Saharan Africa,9.557671,3.0031217766634866,1980,Standard
Madagascar,MDG,1983,9843044.0,Africa,Sub-Saharan Africa,9.843044,2.9858006202557075,1980,Standard
Madagascar,MDG,1984,10134550.0,Africa,Sub-Saharan Africa,10.13455,2.9615431974092665,1980,Standard
Madagascar,MDG,1985,10433142.0,Africa,Sub-Saharan Africa,10.433142,2.9462778317734806,1980,Standard
Madagascar,MDG,1986,10736857.0,Africa,Sub-Saharan Africa,10.736857,2.9110597747064038,1980,Standard
Madagascar,MDG,1987,11047291.0,Africa,Sub-Saharan Africa,11.047291,2.891293047863086,1980,Standard
Madagascar,MDG,1988,11369462.0,Africa,Sub-Saharan Africa,11.369462,2.9162896134445893,1980,Standard
Madagascar,MDG,1989,11704998.0,Africa,Sub-Saharan Africa,11.704998,2.9512038476402935,1980,Standard
Madagascar,MDG,1990,12055639.0,Africa,Sub-Saharan Africa,12.055639,2.9956519428709028,1990,Standard
Madagascar,MDG,1991,12421412.0,Africa,Sub-Saharan Africa,12.421412,3.0340407505566436,1990,Standard
Madagascar,MDG,1992,12800870.0,Africa,Sub-Saharan Africa,12.80087,3.0548700904534876,1990,Standard
Madagascar,MDG,1993,13197345.0,Africa,Sub-Saharan Africa,13.197345,3.0972504212604335,1990,Standard
Madagascar,MDG,1994,13613850.0,Africa,Sub-Saharan Africa,13.61385,3.155975690565027,1990,Standard
Madagascar,MDG,1995,14051275.0,Africa,Sub-Saharan Africa,14.051275,3.213088141855547,1990,Standard
Madagascar,MDG,1996,14510711.0,Africa,Sub-Saharan Africa,14.510711,3.269710399945902,1990,Standard
Madagascar,MDG,1997,14990814.0,Africa,Sub-Saharan Africa,14.990814,3.30861113559493,1990,Standard
Madagascar,MDG,1998,15489364.0,Africa,Sub-Saharan Africa,15.489364,3.325703327384355,1990,Standard
Madagascar,MDG,1999,16000506.0,Africa,Sub-Saharan Africa,16.000506,3.2999547302265064,1990,Standard
Madagascar,MDG,2000,16516338.0,Africa,Sub-Saharan Africa,16.516338,3.223848045805555,2000,Standard
Madagascar,MDG,2001,17032939.0,Africa,Sub-Saharan Africa,17.032939,3.12781804295843,2000,Standard
Madagascar,MDG,2002,17549913.0,Africa,Sub-Saharan Africa,17.549913,3.0351426726767494,2000,Standard
Madagascar,MDG,2003,18071854.0,Africa,Sub-Saharan Africa,18.071854,2.9740375351148485,2000,Standard
Madagascar,MDG,2004,18606608.0,Africa,Sub-Saharan Africa,18.606608,2.959043383152604,2000,Standard
Madagascar,MDG,2005,19159707.0,Africa,Sub-Saharan Africa,19.159707,2.9725944675139004,2000,Standard
Madagascar,MDG,2006,19730909.0,Africa,Sub-Saharan Africa,19.730909,2.9812668847180257,2000,Standard
Madagascar,MDG,2007,20318583.0,Africa,Sub-Saharan Africa,20.318583,2.9784436185884777,2000,Standard
Madagascar,MDG,2008,20923840.0,Africa,Sub-Saharan Africa,20.92384,2.9788346953131484,2000,Standard
Madagascar,MDG,2009,21547280.0,Africa,Sub-Saharan Africa,21.54728,2.979567803997729,2000,Standard
Madagascar,MDG,2010,22183340.0,Africa,Sub-Saharan Africa,22.18334,2.951927110985708,2010,Standard
Madagascar,MDG,2011,22822300.0,Africa,Sub-Saharan Africa,22.8223,2.880359765481666,2010,Standard
Madagascar,MDG,2012,23462438.0,Africa,Sub-Saharan Africa,23.462438,2.804879438093444,2010,Standard
Madagascar,MDG,2013,24109290.0,Africa,Sub-Saharan Africa,24.10929,2.7569683934806744,2010,Standard
Madagascar,MDG,2014,24764348.0,Africa,Sub-Saharan Africa,24.764348,2.7170356323226397,2010,Standard
Madagascar,MDG,2015,25426702.0,Africa,Sub-Saharan Africa,25.426702,2.6746272504327484,2010,Standard
Madagascar,MDG,2016,26099952.0,Africa,Sub-Saharan Africa,26.099952,2.647807017992343,2010,Standard
Madagascar,MDG,2017,26788375.0,Africa,Sub-Saharan Africa,26.788375,2.637640866159452,2010,Standard
Madagascar,MDG,2018,27494926.0,Africa,Sub-Saharan Africa,27.494926,2.6375284055117243,2010,Standard
Madagascar,MDG,2019,28219554.0,Africa,Sub-Saharan Africa,28.219554,2.635497182280111,2010,Standard
Madagascar,MDG,2020,28953556.0,Africa,Sub-Saharan Africa,28.953556,2.6010403991501674,2020,Standard
Madagascar,MDG,2021,29691083.0,Africa,Sub-Saharan Africa,29.691083,2.547276058249981,2020,Standard
Madagascar,MDG,2022,30437261.0,Africa,Sub-Saharan Africa,30.437261,2.5131383722176714,2020,Large Population
Madagascar,MDG,2023,31195932.0,Africa,Sub-Saharan Africa,31.195932,2.492573165502643,2020,Large Population
Madagascar,MDG,2024,31964956.0,Africa,Sub-Saharan Africa,31.964956,2.4651419294028365,2020,Large Population
Malawi,MWI,1960,3628134.0,Africa,Sub-Saharan Africa,3.628134,,1960,Standard
Malawi,MWI,1961,3715534.0,Africa,Sub-Saharan Africa,3.715534,2.408951819309868,1960,Standard
Malawi,MWI,1962,3806307.0,Africa,Sub-Saharan Africa,3.806307,2.4430674029628063,1960,Standard
Malawi,MWI,1963,3900506.0,Africa,Sub-Saharan Africa,3.900506,2.4748135134659455,1960,Standard
Malawi,MWI,1964,3997305.0,Africa,Sub-Saharan Africa,3.997305,2.4817036558846484,1960,Standard
Malawi,MWI,1965,4096157.0,Africa,Sub-Saharan Africa,4.096157,2.47296616095094,1960,Standard
Malawi,MWI,1966,4197926.0,Africa,Sub-Saharan Africa,4.197926,2.4844994955027344,1960,Standard
Malawi,MWI,1967,4303012.0,Africa,Sub-Saharan Africa,4.303012,2.5032837644112904,1960,Standard
Malawi,MWI,1968,4411054.0,Africa,Sub-Saharan Africa,4.411054,2.51084589120365,1960,Standard
Malawi,MWI,1969,4521184.0,Africa,Sub-Saharan Africa,4.521184,2.4966821988576804,1960,Standard
Malawi,MWI,1970,4633944.0,Africa,Sub-Saharan Africa,4.633944,2.494036960229895,1970,Standard
Malawi,MWI,1971,4751434.0,Africa,Sub-Saharan Africa,4.751434,2.5354212308133173,1970,Standard
Malawi,MWI,1972,4874475.0,Africa,Sub-Saharan Africa,4.874475,2.5895550690591573,1970,Standard
Malawi,MWI,1973,5003938.0,Africa,Sub-Saharan Africa,5.003938,2.6559373060688563,1970,Standard
Malawi,MWI,1974,5141337.0,Africa,Sub-Saharan Africa,5.141337,2.745817394220307,1970,Standard
Malawi,MWI,1975,5287367.0,Africa,Sub-Saharan Africa,5.287367,2.8403117710432024,1970,Standard
Malawi,MWI,1976,5443384.0,Africa,Sub-Saharan Africa,5.443384,2.950750345115072,1970,Standard
Malawi,MWI,1977,5614983.0,Africa,Sub-Saharan Africa,5.614983,3.152432383972914,1970,Standard
Malawi,MWI,1978,5810132.0,Africa,Sub-Saharan Africa,5.810132,3.4755047343865586,1970,Standard
Malawi,MWI,1979,6028749.0,Africa,Sub-Saharan Africa,6.028749,3.7626855981929497,1970,Standard
Malawi,MWI,1980,6265529.0,Africa,Sub-Saharan Africa,6.265529,3.927514646902708,1980,Standard
Malawi,MWI,1981,6516454.0,Africa,Sub-Saharan Africa,6.516454,4.004849391009113,1980,Standard
Malawi,MWI,1982,6778879.0,Africa,Sub-Saharan Africa,6.778879,4.027113519101033,1980,Standard
Malawi,MWI,1983,7051709.0,Africa,Sub-Saharan Africa,7.051709,4.024706739860684,1980,Standard
Malawi,MWI,1984,7332810.0,Africa,Sub-Saharan Africa,7.33281,3.9862819069816924,1980,Standard
Malawi,MWI,1985,7620508.0,Africa,Sub-Saharan Africa,7.620508,3.923434536010073,1980,Standard
Malawi,MWI,1986,7906480.0,Africa,Sub-Saharan Africa,7.90648,3.752663208279561,1980,Standard
Malawi,MWI,1987,8293174.0,Africa,Sub-Saharan Africa,8.293174,4.890849025103461,1980,Standard
Malawi,MWI,1988,8753262.0,Africa,Sub-Saharan Africa,8.753262,5.547791472842611,1980,Standard
Malawi,MWI,1989,9176220.0,Africa,Sub-Saharan Africa,9.17622,4.832004343066609,1980,Standard
Malawi,MWI,1990,9545852.0,Africa,Sub-Saharan Africa,9.545852,4.028151025149795,1990,Standard
Malawi,MWI,1991,9844227.0,Africa,Sub-Saharan Africa,9.844227,3.125703185006423,1990,Standard
Malawi,MWI,1992,10135079.0,Africa,Sub-Saharan Africa,10.135079,2.9545438153752546,1990,Standard
Malawi,MWI,1993,10284024.0,Africa,Sub-Saharan Africa,10.284024,1.4695988062845888,1990,Standard
Malawi,MWI,1994,10164894.0,Africa,Sub-Saharan Africa,10.164894,-1.158398696852514,1990,Standard
Malawi,MWI,1995,10150117.0,Africa,Sub-Saharan Africa,10.150117,-0.14537288829573614,1990,Standard
Malawi,MWI,1996,10352228.0,Africa,Sub-Saharan Africa,10.352228,1.9912184263491728,1990,Standard
Malawi,MWI,1997,10562035.0,Africa,Sub-Saharan Africa,10.562035,2.0266844972888887,1990,Standard
Malawi,MWI,1998,10792876.0,Africa,Sub-Saharan Africa,10.792876,2.1855731400246325,1990,Standard
Malawi,MWI,1999,11047804.0,Africa,Sub-Saharan Africa,11.047804,2.362002491272941,1990,Standard
Malawi,MWI,2000,11315942.0,Africa,Sub-Saharan Africa,11.315942,2.4270705743874466,2000,Standard
Malawi,MWI,2001,11593058.0,Africa,Sub-Saharan Africa,11.593058,2.4488990841416536,2000,Standard
Malawi,MWI,2002,11880440.0,Africa,Sub-Saharan Africa,11.88044,2.478914536613197,2000,Standard
Malawi,MWI,2003,12181574.0,Africa,Sub-Saharan Africa,12.181574,2.5347041018682903,2000,Standard
Malawi,MWI,2004,12500737.0,Africa,Sub-Saharan Africa,12.500737,2.620047294380834,2000,Standard
Malawi,MWI,2005,12840031.0,Africa,Sub-Saharan Africa,12.840031,2.7141919712413864,2000,Standard
Malawi,MWI,2006,13198701.0,Africa,Sub-Saharan Africa,13.198701,2.7933733181796816,2000,Standard
Malawi,MWI,2007,13576343.0,Africa,Sub-Saharan Africa,13.576343,2.8612058110870198,2000,Standard
Malawi,MWI,2008,13976417.0,Africa,Sub-Saharan Africa,13.976417,2.9468465845331027,2000,Standard
Malawi,MWI,2009,14395788.0,Africa,Sub-Saharan Africa,14.395788,3.0005615888535564,2000,Standard
Malawi,MWI,2010,14826463.0,Africa,Sub-Saharan Africa,14.826463,2.991673675661244,2010,Standard
Malawi,MWI,2011,15265022.0,Africa,Sub-Saharan Africa,15.265022,2.957947556338958,2010,Standard
Malawi,MWI,2012,15709577.0,Africa,Sub-Saharan Africa,15.709577,2.9122460485153656,2010,Standard
Malawi,MWI,2013,16161816.0,Africa,Sub-Saharan Africa,16.161816,2.8787471489525096,2010,Standard
Malawi,MWI,2014,16621538.0,Africa,Sub-Saharan Africa,16.621538,2.844494702822997,2010,Standard
Malawi,MWI,2015,17085587.0,Africa,Sub-Saharan Africa,17.085587,2.791853557715296,2010,Standard
Malawi,MWI,2016,17557739.0,Africa,Sub-Saharan Africa,17.557739,2.7634520253825734,2010,Standard
Malawi,MWI,2017,18039715.0,Africa,Sub-Saharan Africa,18.039715,2.745091494981211,2010,Standard
Malawi,MWI,2018,18528081.0,Africa,Sub-Saharan Africa,18.528081,2.7071713716098067,2010,Standard
Malawi,MWI,2019,19025752.0,Africa,Sub-Saharan Africa,19.025752,2.6860364006396464,2010,Standard
Malawi,MWI,2020,19533888.0,Africa,Sub-Saharan Africa,19.533888,2.6707801089807193,2020,Standard
Malawi,MWI,2021,20047258.0,Africa,Sub-Saharan Africa,20.047258,2.628099434173059,2020,Standard
Malawi,MWI,2022,20568728.0,Africa,Sub-Saharan Africa,20.568728,2.6012036159758,2020,Standard
Malawi,MWI,2023,21104482.0,Africa,Sub-Saharan Africa,21.104482,2.6047016616681296,2020,Standard
Malawi,MWI,2024,21655286.0,Africa,Sub-Saharan Africa,21.655286,2.609891112229157,2020,Standard
Mali,MLI,1960,5402550.0,Africa,Sub-Saharan Africa,5.40255,,1960,Standard
Mali,MLI,1961,5482283.0,Africa,Sub-Saharan Africa,5.482283,1.4758401125394505,1960,Standard
Mali,MLI,1962,5563917.0,Africa,Sub-Saharan Africa,5.563917,1.4890511854276811,1960,Standard
Mali,MLI,1963,5646605.0,Africa,Sub-Saharan Africa,5.646605,1.486147259206061,1960,Standard
Mali,MLI,1964,5730125.0,Africa,Sub-Saharan Africa,5.730125,1.4791188687715895,1960,Standard
Mali,MLI,1965,5815487.0,Africa,Sub-Saharan Africa,5.815487,1.4897057219519727,1960,Standard
Mali,MLI,1966,5902204.0,Africa,Sub-Saharan Africa,5.902204,1.4911390911887423,1960,Standard
Mali,MLI,1967,5990906.0,Africa,Sub-Saharan Africa,5.990906,1.5028623205839642,1960,Standard
Mali,MLI,1968,6082979.0,Africa,Sub-Saharan Africa,6.082979,1.5368793968725258,1960,Standard
Mali,MLI,1969,6177704.0,Africa,Sub-Saharan Africa,6.177704,1.557213990053219,1960,Standard
Mali,MLI,1970,6276472.0,Africa,Sub-Saharan Africa,6.276472,1.5987816832920387,1970,Standard
Mali,MLI,1971,6377944.0,Africa,Sub-Saharan Africa,6.377944,1.6167044161114807,1970,Standard
Mali,MLI,1972,6483726.0,Africa,Sub-Saharan Africa,6.483726,1.6585595608866965,1970,Standard
Mali,MLI,1973,6597106.0,Africa,Sub-Saharan Africa,6.597106,1.7486858636530878,1970,Standard
Mali,MLI,1974,6715436.0,Africa,Sub-Saharan Africa,6.715436,1.7936652829286137,1970,Standard
Mali,MLI,1975,6837261.0,Africa,Sub-Saharan Africa,6.837261,1.814104102846037,1970,Standard
Mali,MLI,1976,6960979.0,Africa,Sub-Saharan Africa,6.960979,1.8094672705927017,1970,Standard
Mali,MLI,1977,7090979.0,Africa,Sub-Saharan Africa,7.090979,1.867553400175459,1970,Standard
Mali,MLI,1978,7229651.0,Africa,Sub-Saharan Africa,7.229651,1.9556114889072385,1970,Standard
Mali,MLI,1979,7375266.0,Africa,Sub-Saharan Africa,7.375266,2.0141359520673863,1970,Standard
Mali,MLI,1980,7530515.0,Africa,Sub-Saharan Africa,7.530515,2.104995263899645,1980,Standard
Mali,MLI,1981,7692766.0,Africa,Sub-Saharan Africa,7.692766,2.1545803972238264,1980,Standard
Mali,MLI,1982,7860194.0,Africa,Sub-Saharan Africa,7.860194,2.176434328042731,1980,Standard
Mali,MLI,1983,8034400.0,Africa,Sub-Saharan Africa,8.0344,2.2163066204218262,1980,Standard
Mali,MLI,1984,8208599.0,Africa,Sub-Saharan Africa,8.208599,2.1681643931096284,1980,Standard
Mali,MLI,1985,8374663.0,Africa,Sub-Saharan Africa,8.374663,2.0230492438478187,1980,Standard
Mali,MLI,1986,8531277.0,Africa,Sub-Saharan Africa,8.531277,1.8700931607636084,1980,Standard
Mali,MLI,1987,8681164.0,Africa,Sub-Saharan Africa,8.681164,1.7569116557814235,1980,Standard
Mali,MLI,1988,8833996.0,Africa,Sub-Saharan Africa,8.833996,1.7605012415385701,1980,Standard
Mali,MLI,1989,8999938.0,Africa,Sub-Saharan Africa,8.999938,1.8784477602208582,1980,Standard
Mali,MLI,1990,9178830.0,Africa,Sub-Saharan Africa,9.17883,1.9877025819511118,1990,Standard
Mali,MLI,1991,9362888.0,Africa,Sub-Saharan Africa,9.362888,2.005244677153839,1990,Standard
Mali,MLI,1992,9553540.0,Africa,Sub-Saharan Africa,9.55354,2.0362520623978364,1990,Standard
Mali,MLI,1993,9754786.0,Africa,Sub-Saharan Africa,9.754786,2.1065071167337024,1990,Standard
Mali,MLI,1994,9967031.0,Africa,Sub-Saharan Africa,9.967031,2.1758037541776964,1990,Standard
Mali,MLI,1995,10185365.0,Africa,Sub-Saharan Africa,10.185365,2.1905620640690238,1990,Standard
Mali,MLI,1996,10407278.0,Africa,Sub-Saharan Africa,10.407278,2.178743717088194,1990,Standard
Mali,MLI,1997,10646495.0,Africa,Sub-Saharan Africa,10.646495,2.2985549151276707,1990,Standard
Mali,MLI,1998,10919573.0,Africa,Sub-Saharan Africa,10.919573,2.5649568238185427,1990,Standard
Mali,MLI,1999,11227415.0,Africa,Sub-Saharan Africa,11.227415,2.819176171082871,1990,Standard
Mali,MLI,2000,11559290.0,Africa,Sub-Saharan Africa,11.55929,2.95593420212934,2000,Standard
Mali,MLI,2001,11912158.0,Africa,Sub-Saharan Africa,11.912158,3.0526788410014882,2000,Standard
Mali,MLI,2002,12288050.0,Africa,Sub-Saharan Africa,12.28805,3.1555323561020643,2000,Standard
Mali,MLI,2003,12684955.0,Africa,Sub-Saharan Africa,12.684955,3.2300080159179068,2000,Standard
Mali,MLI,2004,13102409.0,Africa,Sub-Saharan Africa,13.102409,3.2909379654874504,2000,Standard
Mali,MLI,2005,13538647.0,Africa,Sub-Saharan Africa,13.538647,3.329448805940949,2000,Standard
Mali,MLI,2006,13990139.0,Africa,Sub-Saharan Africa,13.990139,3.334838407412488,2000,Standard
Mali,MLI,2007,14457775.0,Africa,Sub-Saharan Africa,14.457775,3.3426115351677277,2000,Standard
Mali,MLI,2008,14940782.0,Africa,Sub-Saharan Africa,14.940782,3.340811431911206,2000,Standard
Mali,MLI,2009,15435539.0,Africa,Sub-Saharan Africa,15.435539,3.311453175610213,2000,Standard
Mali,MLI,2010,15945198.0,Africa,Sub-Saharan Africa,15.945198,3.3018542468779444,2010,Standard
Mali,MLI,2011,16469049.0,Africa,Sub-Saharan Africa,16.469049,3.285321386413642,2010,Standard
Mali,MLI,2012,16957033.0,Africa,Sub-Saharan Africa,16.957033,2.963036906381178,2010,Standard
Mali,MLI,2013,17459615.0,Africa,Sub-Saharan Africa,17.459615,2.963855764154033,2010,Standard
Mali,MLI,2014,18020267.0,Africa,Sub-Saharan Africa,18.020267,3.211136098934597,2010,Standard
Mali,MLI,2015,18593022.0,Africa,Sub-Saharan Africa,18.593022,3.178393527687473,2010,Standard
Mali,MLI,2016,19191289.0,Africa,Sub-Saharan Africa,19.191289,3.2176964024460464,2010,Standard
Mali,MLI,2017,19813011.0,Africa,Sub-Saharan Africa,19.813011,3.2396052188052638,2010,Standard
Mali,MLI,2018,20442030.0,Africa,Sub-Saharan Africa,20.44203,3.1747774227753656,2010,Standard
Mali,MLI,2019,21068405.0,Africa,Sub-Saharan Africa,21.068405,3.0641526306340428,2010,Standard
Mali,MLI,2020,21713836.0,Africa,Sub-Saharan Africa,21.713836,3.063501959450665,2020,Standard
Mali,MLI,2021,22388630.0,Africa,Sub-Saharan Africa,22.38863,3.107668308814704,2020,Standard
Mali,MLI,2022,23072640.0,Africa,Sub-Saharan Africa,23.07264,3.0551668413833166,2020,Standard
Mali,MLI,2023,23769127.0,Africa,Sub-Saharan Africa,23.769127,3.01867059859644,2020,Standard
Mali,MLI,2024,24478595.0,Africa,Sub-Saharan Africa,24.478595,2.984829859338123,2020,Standard
Mauritania,MRT,1960,824298.0,Africa,Sub-Saharan Africa,0.824298,,1960,Standard
Mauritania,MRT,1961,846167.0,Africa,Sub-Saharan Africa,0.846167,2.653045379219643,1960,Standard
Mauritania,MRT,1962,869184.0,Africa,Sub-Saharan Africa,0.869184,2.7201486231441363,1960,Standard
Mauritania,MRT,1963,893423.0,Africa,Sub-Saharan Africa,0.893423,2.7887075693984187,1960,Standard
Mauritania,MRT,1964,918955.0,Africa,Sub-Saharan Africa,0.918955,2.857772857873586,1960,Standard
Mauritania,MRT,1965,945838.0,Africa,Sub-Saharan Africa,0.945838,2.9253880766740403,1960,Standard
Mauritania,MRT,1966,974157.0,Africa,Sub-Saharan Africa,0.974157,2.9940645226772533,1960,Standard
Mauritania,MRT,1967,1003843.0,Africa,Sub-Saharan Africa,1.003843,3.0473527367765207,1960,Standard
Mauritania,MRT,1968,1034739.0,Africa,Sub-Saharan Africa,1.034739,3.0777721217361664,1960,Standard
Mauritania,MRT,1969,1066754.0,Africa,Sub-Saharan Africa,1.066754,3.0940169453359756,1960,Standard
Mauritania,MRT,1970,1099806.0,Africa,Sub-Saharan Africa,1.099806,3.0983713208481145,1970,Standard
Mauritania,MRT,1971,1133702.0,Africa,Sub-Saharan Africa,1.133702,3.08199809784635,1970,Standard
Mauritania,MRT,1972,1168355.0,Africa,Sub-Saharan Africa,1.168355,3.056623345464682,1970,Standard
Mauritania,MRT,1973,1203838.0,Africa,Sub-Saharan Africa,1.203838,3.0370050198783805,1970,Standard
Mauritania,MRT,1974,1240188.0,Africa,Sub-Saharan Africa,1.240188,3.01950926951966,1970,Standard
Mauritania,MRT,1975,1277330.0,Africa,Sub-Saharan Africa,1.27733,2.9948685199340686,1970,Standard
Mauritania,MRT,1976,1315336.0,Africa,Sub-Saharan Africa,1.315336,2.9754253012142406,1970,Standard
Mauritania,MRT,1977,1353768.0,Africa,Sub-Saharan Africa,1.353768,2.921838982586955,1970,Standard
Mauritania,MRT,1978,1392713.0,Africa,Sub-Saharan Africa,1.392713,2.876785387156433,1970,Standard
Mauritania,MRT,1979,1432758.0,Africa,Sub-Saharan Africa,1.432758,2.875323200113744,1970,Standard
Mauritania,MRT,1980,1474043.0,Africa,Sub-Saharan Africa,1.474043,2.8815054600986434,1980,Standard
Mauritania,MRT,1981,1516877.0,Africa,Sub-Saharan Africa,1.516877,2.9058853778349825,1980,Standard
Mauritania,MRT,1982,1561176.0,Africa,Sub-Saharan Africa,1.561176,2.920408180755585,1980,Standard
Mauritania,MRT,1983,1606746.0,Africa,Sub-Saharan Africa,1.606746,2.9189534043567056,1980,Standard
Mauritania,MRT,1984,1653693.0,Africa,Sub-Saharan Africa,1.653693,2.921868173314257,1980,Standard
Mauritania,MRT,1985,1702107.0,Africa,Sub-Saharan Africa,1.702107,2.927629251620467,1980,Standard
Mauritania,MRT,1986,1751835.0,Africa,Sub-Saharan Africa,1.751835,2.921555460379399,1980,Standard
Mauritania,MRT,1987,1803014.0,Africa,Sub-Saharan Africa,1.803014,2.9214509357331053,1980,Standard
Mauritania,MRT,1988,1855859.0,Africa,Sub-Saharan Africa,1.855859,2.930925661142947,1980,Standard
Mauritania,MRT,1989,1903048.0,Africa,Sub-Saharan Africa,1.903048,2.542703944642355,1980,Standard
Mauritania,MRT,1990,1951878.0,Africa,Sub-Saharan Africa,1.951878,2.5658837822272407,1990,Standard
Mauritania,MRT,1991,2009738.0,Africa,Sub-Saharan Africa,2.009738,2.964324614550695,1990,Standard
Mauritania,MRT,1992,2088135.0,Africa,Sub-Saharan Africa,2.088135,3.9008567285885087,1990,Standard
Mauritania,MRT,1993,2174328.0,Africa,Sub-Saharan Africa,2.174328,4.127750360968041,1990,Standard
Mauritania,MRT,1994,2249454.0,Africa,Sub-Saharan Africa,2.249454,3.455136483548027,1990,Standard
Mauritania,MRT,1995,2312017.0,Africa,Sub-Saharan Africa,2.312017,2.7812526950984573,1990,Standard
Mauritania,MRT,1996,2358188.0,Africa,Sub-Saharan Africa,2.358188,1.9970008871041944,1990,Standard
Mauritania,MRT,1997,2411306.0,Africa,Sub-Saharan Africa,2.411306,2.2524921677152143,1990,Standard
Mauritania,MRT,1998,2474651.0,Africa,Sub-Saharan Africa,2.474651,2.6269996425173803,1990,Standard
Mauritania,MRT,1999,2541698.0,Africa,Sub-Saharan Africa,2.541698,2.709351742932631,1990,Standard
Mauritania,MRT,2000,2613441.0,Africa,Sub-Saharan Africa,2.613441,2.8226406126927728,2000,Standard
Mauritania,MRT,2001,2678760.0,Africa,Sub-Saharan Africa,2.67876,2.499348560001935,2000,Standard
Mauritania,MRT,2002,2738655.0,Africa,Sub-Saharan Africa,2.738655,2.2359225910495883,2000,Standard
Mauritania,MRT,2003,2802046.0,Africa,Sub-Saharan Africa,2.802046,2.314676364857937,2000,Standard
Mauritania,MRT,2004,2868664.0,Africa,Sub-Saharan Africa,2.868664,2.3774770292850356,2000,Standard
Mauritania,MRT,2005,2939059.0,Africa,Sub-Saharan Africa,2.939059,2.4539297735810095,2000,Standard
Mauritania,MRT,2006,3013660.0,Africa,Sub-Saharan Africa,3.01366,2.5382613959093803,2000,Standard
Mauritania,MRT,2007,3093059.0,Africa,Sub-Saharan Africa,3.093059,2.6346369530736657,2000,Standard
Mauritania,MRT,2008,3183269.0,Africa,Sub-Saharan Africa,3.183269,2.9165302052110764,2000,Standard
Mauritania,MRT,2009,3284448.0,Africa,Sub-Saharan Africa,3.284448,3.178462140648497,2000,Standard
Mauritania,MRT,2010,3390965.0,Africa,Sub-Saharan Africa,3.390965,3.2430715907208807,2010,Standard
Mauritania,MRT,2011,3502811.0,Africa,Sub-Saharan Africa,3.502811,3.2983531236683294,2010,Standard
Mauritania,MRT,2012,3619034.0,Africa,Sub-Saharan Africa,3.619034,3.3179923210244544,2010,Standard
Mauritania,MRT,2013,3734318.0,Africa,Sub-Saharan Africa,3.734318,3.1854909348737914,2010,Standard
Mauritania,MRT,2014,3848514.0,Africa,Sub-Saharan Africa,3.848514,3.0580148771475857,2010,Standard
Mauritania,MRT,2015,3965959.0,Africa,Sub-Saharan Africa,3.965959,3.051697356434202,2010,Standard
Mauritania,MRT,2016,4086657.0,Africa,Sub-Saharan Africa,4.086657,3.0433496664993287,2010,Standard
Mauritania,MRT,2017,4210600.0,Africa,Sub-Saharan Africa,4.2106,3.032870143004418,2010,Standard
Mauritania,MRT,2018,4337685.0,Africa,Sub-Saharan Africa,4.337685,3.018215931221202,2010,Standard
Mauritania,MRT,2019,4467708.0,Africa,Sub-Saharan Africa,4.467708,2.9975205668461458,2010,Standard
Mauritania,MRT,2020,4600131.0,Africa,Sub-Saharan Africa,4.600131,2.964003018997663,2020,Standard
Mauritania,MRT,2021,4734874.0,Africa,Sub-Saharan Africa,4.734874,2.929112236151532,2020,Standard
Mauritania,MRT,2022,4875637.0,Africa,Sub-Saharan Africa,4.875637,2.972898539644353,2020,Standard
Mauritania,MRT,2023,5022441.0,Africa,Sub-Saharan Africa,5.022441,3.010970669063351,2020,Standard
Mauritania,MRT,2024,5169395.0,Africa,Sub-Saharan Africa,5.169395,2.9259477612579188,2020,Standard
Mauritius,MUS,1960,680331.0,Africa,Sub-Saharan Africa,0.680331,,1960,Standard
Mauritius,MUS,1961,680757.0,Africa,Sub-Saharan Africa,0.680757,0.06261657928272601,1960,Standard
Mauritius,MUS,1962,700349.0,Africa,Sub-Saharan Africa,0.700349,2.8779726099033898,1960,Standard
Mauritius,MUS,1963,718861.0,Africa,Sub-Saharan Africa,0.718861,2.6432535778590394,1960,Standard
Mauritius,MUS,1964,736381.0,Africa,Sub-Saharan Africa,0.736381,2.437188830664061,1960,Standard
Mauritius,MUS,1965,753000.0,Africa,Sub-Saharan Africa,0.753,2.2568480175344074,1960,Standard
Mauritius,MUS,1966,768813.0,Africa,Sub-Saharan Africa,0.768813,2.0999999999999908,1960,Standard
Mauritius,MUS,1967,783917.0,Africa,Sub-Saharan Africa,0.783917,1.9645869671818694,1960,Standard
Mauritius,MUS,1968,798413.0,Africa,Sub-Saharan Africa,0.798413,1.8491753591260318,1960,Standard
Mauritius,MUS,1969,812405.0,Africa,Sub-Saharan Africa,0.812405,1.7524764752076871,1960,Standard
Mauritius,MUS,1970,826000.0,Africa,Sub-Saharan Africa,0.826,1.6734264313981395,1970,Standard
Mauritius,MUS,1971,839230.0,Africa,Sub-Saharan Africa,0.83923,1.601694915254237,1970,Standard
Mauritius,MUS,1972,852053.0,Africa,Sub-Saharan Africa,0.852053,1.5279482382660303,1970,Standard
Mauritius,MUS,1973,864819.0,Africa,Sub-Saharan Africa,0.864819,1.4982636056677157,1970,Standard
Mauritius,MUS,1974,878042.0,Africa,Sub-Saharan Africa,0.878042,1.5289904592753034,1970,Standard
Mauritius,MUS,1975,892000.0,Africa,Sub-Saharan Africa,0.892,1.5896733869222635,1970,Standard
Mauritius,MUS,1976,906507.0,Africa,Sub-Saharan Africa,0.906507,1.6263452914798249,1970,Standard
Mauritius,MUS,1977,921379.0,Africa,Sub-Saharan Africa,0.921379,1.6405830291437384,1970,Standard
Mauritius,MUS,1978,933499.0,Africa,Sub-Saharan Africa,0.933499,1.3154196047446165,1970,Standard
Mauritius,MUS,1979,949888.0,Africa,Sub-Saharan Africa,0.949888,1.7556526573676123,1970,Standard
Mauritius,MUS,1980,966039.0,Africa,Sub-Saharan Africa,0.966039,1.7003057202533256,1980,Standard
Mauritius,MUS,1981,980462.0,Africa,Sub-Saharan Africa,0.980462,1.4930039056394229,1980,Standard
Mauritius,MUS,1982,992521.0,Africa,Sub-Saharan Africa,0.992521,1.229930379759736,1980,Standard
Mauritius,MUS,1983,1001691.0,Africa,Sub-Saharan Africa,1.001691,0.923909922308952,1980,Standard
Mauritius,MUS,1984,1012221.0,Africa,Sub-Saharan Africa,1.012221,1.0512223829504341,1980,Standard
Mauritius,MUS,1985,1020528.0,Africa,Sub-Saharan Africa,1.020528,0.8206705847833673,1980,Standard
Mauritius,MUS,1986,1028360.0,Africa,Sub-Saharan Africa,1.02836,0.767445871156891,1980,Standard
Mauritius,MUS,1987,1036082.0,Africa,Sub-Saharan Africa,1.036082,0.7509043525613546,1980,Standard
Mauritius,MUS,1988,1043239.0,Africa,Sub-Saharan Africa,1.043239,0.6907754405539368,1980,Standard
Mauritius,MUS,1989,1051260.0,Africa,Sub-Saharan Africa,1.05126,0.7688554588162422,1980,Standard
Mauritius,MUS,1990,1058775.0,Africa,Sub-Saharan Africa,1.058775,0.7148564579647188,1990,Standard
Mauritius,MUS,1991,1070266.0,Africa,Sub-Saharan Africa,1.070266,1.0853108545252788,1990,Standard
Mauritius,MUS,1992,1084441.0,Africa,Sub-Saharan Africa,1.084441,1.3244371025520785,1990,Standard
Mauritius,MUS,1993,1097374.0,Africa,Sub-Saharan Africa,1.097374,1.1925960010733538,1990,Standard
Mauritius,MUS,1994,1112846.0,Africa,Sub-Saharan Africa,1.112846,1.4099112973334549,1990,Standard
Mauritius,MUS,1995,1122457.0,Africa,Sub-Saharan Africa,1.122457,0.8636415101460626,1990,Standard
Mauritius,MUS,1996,1133996.0,Africa,Sub-Saharan Africa,1.133996,1.0280126543823043,1990,Standard
Mauritius,MUS,1997,1148284.0,Africa,Sub-Saharan Africa,1.148284,1.2599691709670902,1990,Standard
Mauritius,MUS,1998,1160421.0,Africa,Sub-Saharan Africa,1.160421,1.0569684851482686,1990,Standard
Mauritius,MUS,1999,1175267.0,Africa,Sub-Saharan Africa,1.175267,1.2793632655734521,1990,Standard
Mauritius,MUS,2000,1186873.0,Africa,Sub-Saharan Africa,1.186873,0.9875202826251428,2000,Standard
Mauritius,MUS,2001,1196287.0,Africa,Sub-Saharan Africa,1.196287,0.7931766920302286,2000,Standard
Mauritius,MUS,2002,1204621.0,Africa,Sub-Saharan Africa,1.204621,0.6966555684380094,2000,Standard
Mauritius,MUS,2003,1213370.0,Africa,Sub-Saharan Africa,1.21337,0.7262865249734185,2000,Standard
Mauritius,MUS,2004,1221003.0,Africa,Sub-Saharan Africa,1.221003,0.629074396103424,2000,Standard
Mauritius,MUS,2005,1228254.0,Africa,Sub-Saharan Africa,1.228254,0.5938560347517496,2000,Standard
Mauritius,MUS,2006,1233996.0,Africa,Sub-Saharan Africa,1.233996,0.46749288013716583,2000,Standard
Mauritius,MUS,2007,1239630.0,Africa,Sub-Saharan Africa,1.23963,0.4565654994019397,2000,Standard
Mauritius,MUS,2008,1244121.0,Africa,Sub-Saharan Africa,1.244121,0.36228552067956166,2000,Standard
Mauritius,MUS,2009,1247429.0,Africa,Sub-Saharan Africa,1.247429,0.26589053637064985,2000,Standard
Mauritius,MUS,2010,1250400.0,Africa,Sub-Saharan Africa,1.2504,0.23816986778406601,2010,Standard
Mauritius,MUS,2011,1252404.0,Africa,Sub-Saharan Africa,1.252404,0.16026871401151332,2010,Standard
Mauritius,MUS,2012,1255882.0,Africa,Sub-Saharan Africa,1.255882,0.2777059159823736,2010,Standard
Mauritius,MUS,2013,1258927.0,Africa,Sub-Saharan Africa,1.258927,0.24245908453182086,2010,Standard
Mauritius,MUS,2014,1261208.0,Africa,Sub-Saharan Africa,1.261208,0.18118604176413644,2010,Standard
Mauritius,MUS,2015,1262879.0,Africa,Sub-Saharan Africa,1.262879,0.1324920235203031,2010,Standard
Mauritius,MUS,2016,1263747.0,Africa,Sub-Saharan Africa,1.263747,0.0687318420846239,2010,Standard
Mauritius,MUS,2017,1264887.0,Africa,Sub-Saharan Africa,1.264887,0.0902079292769864,2010,Standard
Mauritius,MUS,2018,1265577.0,Africa,Sub-Saharan Africa,1.265577,0.05455032742054389,2010,Standard
Mauritius,MUS,2019,1265985.0,Africa,Sub-Saharan Africa,1.265985,0.03223825970288807,2010,Standard
Mauritius,MUS,2020,1266014.0,Africa,Sub-Saharan Africa,1.266014,0.0022907064459731785,2020,Standard
Mauritius,MUS,2021,1266334.0,Africa,Sub-Saharan Africa,1.266334,0.02527618177998736,2020,Standard
Mauritius,MUS,2022,1262523.0,Africa,Sub-Saharan Africa,1.262523,-0.30094745935905776,2020,Standard
Mauritius,MUS,2023,1248647.0,Africa,Sub-Saharan Africa,1.248647,-1.0990690862661467,2020,Standard
Mauritius,MUS,2024,1245779.0,Africa,Sub-Saharan Africa,1.245779,-0.22968861495682447,2020,Standard
Mozambique,MOZ,1960,6713695.0,Africa,Sub-Saharan Africa,6.713695,,1960,Standard
Mozambique,MOZ,1961,6834936.0,Africa,Sub-Saharan Africa,6.834936,1.8058758999329072,1960,Standard
Mozambique,MOZ,1962,6969364.0,Africa,Sub-Saharan Africa,6.969364,1.9667777430542044,1960,Standard
Mozambique,MOZ,1963,7109828.0,Africa,Sub-Saharan Africa,7.109828,2.015449329379271,1960,Standard
Mozambique,MOZ,1964,7255061.0,Africa,Sub-Saharan Africa,7.255061,2.0427076435604263,1960,Standard
Mozambique,MOZ,1965,7406421.0,Africa,Sub-Saharan Africa,7.406421,2.086267779140649,1960,Standard
Mozambique,MOZ,1966,7562990.0,Africa,Sub-Saharan Africa,7.56299,2.113963005883668,1960,Standard
Mozambique,MOZ,1967,7724550.0,Africa,Sub-Saharan Africa,7.72455,2.136192167383544,1960,Standard
Mozambique,MOZ,1968,7892613.0,Africa,Sub-Saharan Africa,7.892613,2.1756995553138925,1960,Standard
Mozambique,MOZ,1969,8066951.0,Africa,Sub-Saharan Africa,8.066951,2.2088755650378378,1960,Standard
Mozambique,MOZ,1970,8250506.0,Africa,Sub-Saharan Africa,8.250506,2.2753950036389137,1970,Standard
Mozambique,MOZ,1971,8456317.0,Africa,Sub-Saharan Africa,8.456317,2.4945257902969864,1970,Standard
Mozambique,MOZ,1972,8692935.0,Africa,Sub-Saharan Africa,8.692935,2.798121215181504,1970,Standard
Mozambique,MOZ,1973,8954242.0,Africa,Sub-Saharan Africa,8.954242,3.0059697904102567,1970,Standard
Mozambique,MOZ,1974,9236093.0,Africa,Sub-Saharan Africa,9.236093,3.1476812889354555,1970,Standard
Mozambique,MOZ,1975,9540817.0,Africa,Sub-Saharan Africa,9.540817,3.29927383797457,1970,Standard
Mozambique,MOZ,1976,9867209.0,Africa,Sub-Saharan Africa,9.867209,3.4210068173406993,1970,Standard
Mozambique,MOZ,1977,10224975.0,Africa,Sub-Saharan Africa,10.224975,3.625807459839958,1970,Standard
Mozambique,MOZ,1978,10618250.0,Africa,Sub-Saharan Africa,10.61825,3.846219672908746,1970,Standard
Mozambique,MOZ,1979,11028809.0,Africa,Sub-Saharan Africa,11.028809,3.8665410966967295,1970,Standard
Mozambique,MOZ,1980,11336221.0,Africa,Sub-Saharan Africa,11.336221,2.7873544641130232,1980,Standard
Mozambique,MOZ,1981,11568127.0,Africa,Sub-Saharan Africa,11.568127,2.0457081773546992,1980,Standard
Mozambique,MOZ,1982,11824370.0,Africa,Sub-Saharan Africa,11.82437,2.2150776871657785,1980,Standard
Mozambique,MOZ,1983,12073822.0,Africa,Sub-Saharan Africa,12.073822,2.109643050750276,1980,Standard
Mozambique,MOZ,1984,12315954.0,Africa,Sub-Saharan Africa,12.315954,2.005429598017927,1980,Standard
Mozambique,MOZ,1985,12548949.0,Africa,Sub-Saharan Africa,12.548949,1.8918144708887308,1980,Standard
Mozambique,MOZ,1986,12770578.0,Africa,Sub-Saharan Africa,12.770578,1.7661160309122348,1980,Standard
Mozambique,MOZ,1987,12822574.0,Africa,Sub-Saharan Africa,12.822574,0.4071546330949083,1980,Standard
Mozambique,MOZ,1988,12800558.0,Africa,Sub-Saharan Africa,12.800558,-0.1716971958984237,1980,Standard
Mozambique,MOZ,1989,12906842.0,Africa,Sub-Saharan Africa,12.906842,0.8303075537800853,1980,Standard
Mozambique,MOZ,1990,13094537.0,Africa,Sub-Saharan Africa,13.094537,1.4542286951370498,1990,Standard
Mozambique,MOZ,1991,13352090.0,Africa,Sub-Saharan Africa,13.35209,1.966873666476343,1990,Standard
Mozambique,MOZ,1992,13613316.0,Africa,Sub-Saharan Africa,13.613316,1.9564427741274981,1990,Standard
Mozambique,MOZ,1993,14051192.0,Africa,Sub-Saharan Africa,14.051192,3.216527112130496,1990,Standard
Mozambique,MOZ,1994,15033853.0,Africa,Sub-Saharan Africa,15.033853,6.993435147708471,1990,Standard
Mozambique,MOZ,1995,15960530.0,Africa,Sub-Saharan Africa,15.96053,6.163935486132521,1990,Standard
Mozambique,MOZ,1996,16492480.0,Africa,Sub-Saharan Africa,16.49248,3.3329093708041047,1990,Standard
Mozambique,MOZ,1997,16949982.0,Africa,Sub-Saharan Africa,16.949982,2.774003667125857,1990,Standard
Mozambique,MOZ,1998,17340464.0,Africa,Sub-Saharan Africa,17.340464,2.303731060009384,1990,Standard
Mozambique,MOZ,1999,17734506.0,Africa,Sub-Saharan Africa,17.734506,2.2723844067840338,1990,Standard
Mozambique,MOZ,2000,18129653.0,Africa,Sub-Saharan Africa,18.129653,2.2281252153288023,2000,Standard
Mozambique,MOZ,2001,18537729.0,Africa,Sub-Saharan Africa,18.537729,2.2508759544377366,2000,Standard
Mozambique,MOZ,2002,18958338.0,Africa,Sub-Saharan Africa,18.958338,2.2689348840950307,2000,Standard
Mozambique,MOZ,2003,19392475.0,Africa,Sub-Saharan Africa,19.392475,2.2899528429127125,2000,Standard
Mozambique,MOZ,2004,19840313.0,Africa,Sub-Saharan Africa,19.840313,2.3093390606407915,2000,Standard
Mozambique,MOZ,2005,20304569.0,Africa,Sub-Saharan Africa,20.304569,2.3399630842517505,2000,Standard
Mozambique,MOZ,2006,20787087.0,Africa,Sub-Saharan Africa,20.787087,2.3764010947486813,2000,Standard
Mozambique,MOZ,2007,21287635.0,Africa,Sub-Saharan Africa,21.287635,2.4079756822107834,2000,Standard
Mozambique,MOZ,2008,21819036.0,Africa,Sub-Saharan Africa,21.819036,2.496289512667804,2000,Standard
Mozambique,MOZ,2009,22391745.0,Africa,Sub-Saharan Africa,22.391745,2.6248134885519248,2000,Standard
Mozambique,MOZ,2010,22999235.0,Africa,Sub-Saharan Africa,22.999235,2.7130087449638296,2010,Standard
Mozambique,MOZ,2011,23649039.0,Africa,Sub-Saharan Africa,23.649039,2.8253287554999007,2010,Standard
Mozambique,MOZ,2012,24337846.0,Africa,Sub-Saharan Africa,24.337846,2.9126215234369646,2010,Standard
Mozambique,MOZ,2013,25051611.0,Africa,Sub-Saharan Africa,25.051611,2.9327369398261416,2010,Standard
Mozambique,MOZ,2014,25788475.0,Africa,Sub-Saharan Africa,25.788475,2.941383689855326,2010,Standard
Mozambique,MOZ,2015,26547572.0,Africa,Sub-Saharan Africa,26.547572,2.94355133446238,2010,Standard
Mozambique,MOZ,2016,27337105.0,Africa,Sub-Saharan Africa,27.337105,2.974030920793802,2010,Standard
Mozambique,MOZ,2017,28166393.0,Africa,Sub-Saharan Africa,28.166393,3.033561893258274,2010,Standard
Mozambique,MOZ,2018,29018644.0,Africa,Sub-Saharan Africa,29.018644,3.0257725936011726,2010,Standard
Mozambique,MOZ,2019,29884380.0,Africa,Sub-Saharan Africa,29.88438,2.983378547943172,2010,Standard
Mozambique,MOZ,2020,30783688.0,Africa,Sub-Saharan Africa,30.783688,3.0092911413922563,2020,Large Population
Mozambique,MOZ,2021,31707800.0,Africa,Sub-Saharan Africa,31.7078,3.0019535021274857,2020,Large Population
Mozambique,MOZ,2022,32656246.0,Africa,Sub-Saharan Africa,32.656246,2.991207210844027,2020,Large Population
Mozambique,MOZ,2023,33635160.0,Africa,Sub-Saharan Africa,33.63516,2.9976317547338427,2020,Large Population
Mozambique,MOZ,2024,34631766.0,Africa,Sub-Saharan Africa,34.631766,2.9629887296507507,2020,Large Population
Namibia,NAM,1960,591465.0,Africa,Sub-Saharan Africa,0.591465,,1960,Standard
Namibia,NAM,1961,603067.0,Africa,Sub-Saharan Africa,0.603067,1.9615699999154579,1960,Standard
Namibia,NAM,1962,615759.0,Africa,Sub-Saharan Africa,0.615759,2.1045754451826992,1960,Standard
Namibia,NAM,1963,629589.0,Africa,Sub-Saharan Africa,0.629589,2.2460085845273925,1960,Standard
Namibia,NAM,1964,644530.0,Africa,Sub-Saharan Africa,0.64453,2.373135489978373,1960,Standard
Namibia,NAM,1965,660558.0,Africa,Sub-Saharan Africa,0.660558,2.486773307681567,1960,Standard
Namibia,NAM,1966,677655.0,Africa,Sub-Saharan Africa,0.677655,2.588266283959917,1960,Standard
Namibia,NAM,1967,696045.0,Africa,Sub-Saharan Africa,0.696045,2.7137702813378572,1960,Standard
Namibia,NAM,1968,715542.0,Africa,Sub-Saharan Africa,0.715542,2.801111997069161,1960,Standard
Namibia,NAM,1969,736120.0,Africa,Sub-Saharan Africa,0.73612,2.8758619340304215,1960,Standard
Namibia,NAM,1970,757868.0,Africa,Sub-Saharan Africa,0.757868,2.9544096071292714,1970,Standard
Namibia,NAM,1971,780584.0,Africa,Sub-Saharan Africa,0.780584,2.997355740049712,1970,Standard
Namibia,NAM,1972,804399.0,Africa,Sub-Saharan Africa,0.804399,3.0509208490053563,1970,Standard
Namibia,NAM,1973,828928.0,Africa,Sub-Saharan Africa,0.828928,3.049357346292081,1970,Standard
Namibia,NAM,1974,854320.0,Africa,Sub-Saharan Africa,0.85432,3.0632334774552294,1970,Standard
Namibia,NAM,1975,881032.0,Africa,Sub-Saharan Africa,0.881032,3.126697256297417,1970,Standard
Namibia,NAM,1976,906566.0,Africa,Sub-Saharan Africa,0.906566,2.8981921201500116,1970,Standard
Namibia,NAM,1977,931104.0,Africa,Sub-Saharan Africa,0.931104,2.7066975818638594,1970,Standard
Namibia,NAM,1978,947269.0,Africa,Sub-Saharan Africa,0.947269,1.736111111111116,1970,Standard
Namibia,NAM,1979,962825.0,Africa,Sub-Saharan Africa,0.962825,1.6421945614181421,1970,Standard
Namibia,NAM,1980,981434.0,Africa,Sub-Saharan Africa,0.981434,1.9327499805260606,1980,Standard
Namibia,NAM,1981,992500.0,Africa,Sub-Saharan Africa,0.9925,1.1275337923895012,1980,Standard
Namibia,NAM,1982,1010308.0,Africa,Sub-Saharan Africa,1.010308,1.7942569269521425,1980,Standard
Namibia,NAM,1983,1037511.0,Africa,Sub-Saharan Africa,1.037511,2.6925452436286745,1980,Standard
Namibia,NAM,1984,1065989.0,Africa,Sub-Saharan Africa,1.065989,2.7448383679787414,1980,Standard
Namibia,NAM,1985,1096890.0,Africa,Sub-Saharan Africa,1.09689,2.8988104004825654,1980,Standard
Namibia,NAM,1986,1131081.0,Africa,Sub-Saharan Africa,1.131081,3.1170855783168694,1980,Standard
Namibia,NAM,1987,1167889.0,Africa,Sub-Saharan Africa,1.167889,3.254232013445546,1980,Standard
Namibia,NAM,1988,1209696.0,Africa,Sub-Saharan Africa,1.209696,3.579706633079005,1980,Standard
Namibia,NAM,1989,1288947.0,Africa,Sub-Saharan Africa,1.288947,6.551315371795896,1980,Standard
Namibia,NAM,1990,1369303.0,Africa,Sub-Saharan Africa,1.369303,6.234236163317819,1990,Standard
Namibia,NAM,1991,1415684.0,Africa,Sub-Saharan Africa,1.415684,3.387197720300028,1990,Standard
Namibia,NAM,1992,1461322.0,Africa,Sub-Saharan Africa,1.461322,3.2237420215245782,1990,Standard
Namibia,NAM,1993,1508697.0,Africa,Sub-Saharan Africa,1.508697,3.2419275149487836,1990,Standard
Namibia,NAM,1994,1556304.0,Africa,Sub-Saharan Africa,1.556304,3.1555043855724607,1990,Standard
Namibia,NAM,1995,1602170.0,Africa,Sub-Saharan Africa,1.60217,2.947110590218882,1990,Standard
Namibia,NAM,1996,1646103.0,Africa,Sub-Saharan Africa,1.646103,2.742093535642276,1990,Standard
Namibia,NAM,1997,1689264.0,Africa,Sub-Saharan Africa,1.689264,2.622010894822502,1990,Standard
Namibia,NAM,1998,1732745.0,Africa,Sub-Saharan Africa,1.732745,2.5739612044061833,1990,Standard
Namibia,NAM,1999,1776368.0,Africa,Sub-Saharan Africa,1.776368,2.517566058479459,1990,Standard
Namibia,NAM,2000,1818647.0,Africa,Sub-Saharan Africa,1.818647,2.3800811543553957,2000,Standard
Namibia,NAM,2001,1857048.0,Africa,Sub-Saharan Africa,1.857048,2.1115147689463543,2000,Standard
Namibia,NAM,2002,1889970.0,Africa,Sub-Saharan Africa,1.88997,1.7728136267883166,2000,Standard
Namibia,NAM,2003,1917464.0,Africa,Sub-Saharan Africa,1.917464,1.4547320856944879,2000,Standard
Namibia,NAM,2004,1942082.0,Africa,Sub-Saharan Africa,1.942082,1.283883295853272,2000,Standard
Namibia,NAM,2005,1966582.0,Africa,Sub-Saharan Africa,1.966582,1.2615327262185616,2000,Standard
Namibia,NAM,2006,1991888.0,Africa,Sub-Saharan Africa,1.991888,1.2868011605923435,2000,Standard
Namibia,NAM,2007,2018600.0,Africa,Sub-Saharan Africa,2.0186,1.3410392552191785,2000,Standard
Namibia,NAM,2008,2047056.0,Africa,Sub-Saharan Africa,2.047056,1.4096898840780803,2000,Standard
Namibia,NAM,2009,2077394.0,Africa,Sub-Saharan Africa,2.077394,1.482030779812571,2000,Standard
Namibia,NAM,2010,2109811.0,Africa,Sub-Saharan Africa,2.109811,1.5604646975970748,2010,Standard
Namibia,NAM,2011,2146325.0,Africa,Sub-Saharan Africa,2.146325,1.730676349682514,2010,Standard
Namibia,NAM,2012,2194654.0,Africa,Sub-Saharan Africa,2.194654,2.2517093170885127,2010,Standard
Namibia,NAM,2013,2252508.0,Africa,Sub-Saharan Africa,2.252508,2.6361330761021984,2010,Standard
Namibia,NAM,2014,2312139.0,Africa,Sub-Saharan Africa,2.312139,2.6473157919971957,2010,Standard
Namibia,NAM,2015,2374300.0,Africa,Sub-Saharan Africa,2.3743,2.6884629341056065,2010,Standard
Namibia,NAM,2016,2439213.0,Africa,Sub-Saharan Africa,2.439213,2.7339847534010087,2010,Standard
Namibia,NAM,2017,2506853.0,Africa,Sub-Saharan Africa,2.506853,2.7730255619333066,2010,Standard
Namibia,NAM,2018,2577327.0,Africa,Sub-Saharan Africa,2.577327,2.811253791107826,2010,Standard
Namibia,NAM,2019,2650494.0,Africa,Sub-Saharan Africa,2.650494,2.8388714354057543,2010,Standard
Namibia,NAM,2020,2728762.0,Africa,Sub-Saharan Africa,2.728762,2.9529589578395576,2020,Standard
Namibia,NAM,2021,2810548.0,Africa,Sub-Saharan Africa,2.810548,2.9971833380851853,2020,Standard
Namibia,NAM,2022,2889662.0,Africa,Sub-Saharan Africa,2.889662,2.8148958850729544,2020,Standard
Namibia,NAM,2023,2963095.0,Africa,Sub-Saharan Africa,2.963095,2.541231465825411,2020,Standard
Namibia,NAM,2024,3030131.0,Africa,Sub-Saharan Africa,3.030131,2.2623641833960706,2020,Standard
Niger,NER,1960,3505050.0,Africa,Sub-Saharan Africa,3.50505,,1960,Standard
Niger,NER,1961,3608162.0,Africa,Sub-Saharan Africa,3.608162,2.9418125276386986,1960,Standard
Niger,NER,1962,3714520.0,Africa,Sub-Saharan Africa,3.71452,2.9477057848289467,1960,Standard
Niger,NER,1963,3823873.0,Africa,Sub-Saharan Africa,3.823873,2.9439335364999986,1960,Standard
Niger,NER,1964,3935814.0,Africa,Sub-Saharan Africa,3.935814,2.927424629426767,1960,Standard
Niger,NER,1965,4049695.0,Africa,Sub-Saharan Africa,4.049695,2.89345482281429,1960,Standard
Niger,NER,1966,4165544.0,Africa,Sub-Saharan Africa,4.165544,2.860684570072558,1960,Standard
Niger,NER,1967,4283590.0,Africa,Sub-Saharan Africa,4.28359,2.8338675572746386,1960,Standard
Niger,NER,1968,4403637.0,Africa,Sub-Saharan Africa,4.403637,2.8024857654443958,1960,Standard
Niger,NER,1969,4525725.0,Africa,Sub-Saharan Africa,4.525725,2.772435602662071,1960,Standard
Niger,NER,1970,4650275.0,Africa,Sub-Saharan Africa,4.650275,2.7520452524181227,1970,Standard
Niger,NER,1971,4776225.0,Africa,Sub-Saharan Africa,4.776225,2.7084419738617527,1970,Standard
Niger,NER,1972,4904845.0,Africa,Sub-Saharan Africa,4.904845,2.6929217111840487,1970,Standard
Niger,NER,1973,5037865.0,Africa,Sub-Saharan Africa,5.037865,2.712012306199285,1970,Standard
Niger,NER,1974,5174953.0,Africa,Sub-Saharan Africa,5.174953,2.7211527105232003,1970,Standard
Niger,NER,1975,5317019.0,Africa,Sub-Saharan Africa,5.317019,2.745261647786945,1970,Standard
Niger,NER,1976,5464962.0,Africa,Sub-Saharan Africa,5.464962,2.7824425679125797,1970,Standard
Niger,NER,1977,5619716.0,Africa,Sub-Saharan Africa,5.619716,2.83174887583848,1970,Standard
Niger,NER,1978,5782932.0,Africa,Sub-Saharan Africa,5.782932,2.9043460559216916,1970,Standard
Niger,NER,1979,5955556.0,Africa,Sub-Saharan Africa,5.955556,2.9850601736281845,1970,Standard
Niger,NER,1980,6135971.0,Africa,Sub-Saharan Africa,6.135971,3.029356117212223,1980,Standard
Niger,NER,1981,6322006.0,Africa,Sub-Saharan Africa,6.322006,3.0318754765953138,1980,Standard
Niger,NER,1982,6512732.0,Africa,Sub-Saharan Africa,6.512732,3.0168588894094794,1980,Standard
Niger,NER,1983,6708644.0,Africa,Sub-Saharan Africa,6.708644,3.008138520055792,1980,Standard
Niger,NER,1984,6909971.0,Africa,Sub-Saharan Africa,6.909971,3.0010088476896346,1980,Standard
Niger,NER,1985,7118457.0,Africa,Sub-Saharan Africa,7.118457,3.0171761936482744,1980,Standard
Niger,NER,1986,7335811.0,Africa,Sub-Saharan Africa,7.335811,3.0533864291095725,1980,Standard
Niger,NER,1987,7561150.0,Africa,Sub-Saharan Africa,7.56115,3.0717667071847865,1980,Standard
Niger,NER,1988,7793748.0,Africa,Sub-Saharan Africa,7.793748,3.0762251773870375,1980,Standard
Niger,NER,1989,8034780.0,Africa,Sub-Saharan Africa,8.03478,3.0926327102184903,1980,Standard
Niger,NER,1990,8286059.0,Africa,Sub-Saharan Africa,8.286059,3.127391166901905,1990,Standard
Niger,NER,1991,8546900.0,Africa,Sub-Saharan Africa,8.5469,3.1479500689048923,1990,Standard
Niger,NER,1992,8817633.0,Africa,Sub-Saharan Africa,8.817633,3.167616328727374,1990,Standard
Niger,NER,1993,9100789.0,Africa,Sub-Saharan Africa,9.100789,3.2112472814416204,1990,Standard
Niger,NER,1994,9398258.0,Africa,Sub-Saharan Africa,9.398258,3.268606710912647,1990,Standard
Niger,NER,1995,9714529.0,Africa,Sub-Saharan Africa,9.714529,3.3652087440034117,1990,Standard
Niger,NER,1996,10044852.0,Africa,Sub-Saharan Africa,10.044852,3.4002986660495838,1990,Standard
Niger,NER,1997,10383969.0,Africa,Sub-Saharan Africa,10.383969,3.3760278399323385,1990,Standard
Niger,NER,1998,10741413.0,Africa,Sub-Saharan Africa,10.741413,3.442267595367432,1990,Standard
Niger,NER,1999,11117411.0,Africa,Sub-Saharan Africa,11.117411,3.500451942402738,1990,Standard
Niger,NER,2000,11509630.0,Africa,Sub-Saharan Africa,11.50963,3.5279706759064666,2000,Standard
Niger,NER,2001,11920647.0,Africa,Sub-Saharan Africa,11.920647,3.5710704861928733,2000,Standard
Niger,NER,2002,12349144.0,Africa,Sub-Saharan Africa,12.349144,3.5945783815257704,2000,Standard
Niger,NER,2003,12796984.0,Africa,Sub-Saharan Africa,12.796984,3.626486175883925,2000,Standard
Niger,NER,2004,13265836.0,Africa,Sub-Saharan Africa,13.265836,3.6637695256944935,2000,Standard
Niger,NER,2005,13756192.0,Africa,Sub-Saharan Africa,13.756192,3.696382195588721,2000,Standard
Niger,NER,2006,14268581.0,Africa,Sub-Saharan Africa,14.268581,3.724788080887498,2000,Standard
Niger,NER,2007,14803610.0,Africa,Sub-Saharan Africa,14.80361,3.7497001278543385,2000,Standard
Niger,NER,2008,15361915.0,Africa,Sub-Saharan Africa,15.361915,3.771411162547511,2000,Standard
Niger,NER,2009,15943675.0,Africa,Sub-Saharan Africa,15.943675,3.7870278542746716,2000,Standard
Niger,NER,2010,16548835.0,Africa,Sub-Saharan Africa,16.548835,3.795611739451532,2010,Standard
Niger,NER,2011,17176283.0,Africa,Sub-Saharan Africa,17.176283,3.7914934797524946,2010,Standard
Niger,NER,2012,17836769.0,Africa,Sub-Saharan Africa,17.836769,3.845337201302512,2010,Standard
Niger,NER,2013,18519898.0,Africa,Sub-Saharan Africa,18.519898,3.8298920617293453,2010,Standard
Niger,NER,2014,19215909.0,Africa,Sub-Saharan Africa,19.215909,3.758179445696741,2010,Standard
Niger,NER,2015,19939498.0,Africa,Sub-Saharan Africa,19.939498,3.7655725784296656,2010,Standard
Niger,NER,2016,20685753.0,Africa,Sub-Saharan Africa,20.685753,3.74259672936601,2010,Standard
Niger,NER,2017,21435446.0,Africa,Sub-Saharan Africa,21.435446,3.624199708852749,2010,Standard
Niger,NER,2018,22188069.0,Africa,Sub-Saharan Africa,22.188069,3.511114254399006,2010,Standard
Niger,NER,2019,22947757.0,Africa,Sub-Saharan Africa,22.947757,3.4238581104105936,2010,Standard
Niger,NER,2020,23717613.0,Africa,Sub-Saharan Africa,23.717613,3.3548202554175566,2020,Standard
Niger,NER,2021,24502140.0,Africa,Sub-Saharan Africa,24.50214,3.3077822797766387,2020,Standard
Niger,NER,2022,25311973.0,Africa,Sub-Saharan Africa,25.311973,3.3051521214065405,2020,Standard
Niger,NER,2023,26159867.0,Africa,Sub-Saharan Africa,26.159867,3.349774432834618,2020,Standard
Niger,NER,2024,27032412.0,Africa,Sub-Saharan Africa,27.032412,3.3354336243376137,2020,Standard
Nigeria,NGA,1960,45053782.0,Africa,West Africa,45.053782,,1960,Large Population
Nigeria,NGA,1961,45989310.0,Africa,West Africa,45.98931,2.076469407163195,1960,Large Population
Nigeria,NGA,1962,46965292.0,Africa,West Africa,46.965292,2.1221931792410054,1960,Large Population
Nigeria,NGA,1963,47973575.0,Africa,West Africa,47.973575,2.146868372499422,1960,Large Population
Nigeria,NGA,1964,49012016.0,Africa,West Africa,49.012016,2.164610413128476,1960,Large Population
Nigeria,NGA,1965,50086764.0,Africa,West Africa,50.086764,2.192825530784126,1960,Large Population
Nigeria,NGA,1966,51188234.0,Africa,West Africa,51.188234,2.199123904271394,1960,Large Population
Nigeria,NGA,1967,52293065.0,Africa,West Africa,52.293065,2.158369050200082,1960,Large Population
Nigeria,NGA,1968,53432783.0,Africa,West Africa,53.432783,2.179482116796949,1960,Large Population
Nigeria,NGA,1969,54631914.0,Africa,West Africa,54.631914,2.2441859335681658,1960,Large Population
Nigeria,NGA,1970,55893838.0,Africa,West Africa,55.893838,2.3098659878546535,1970,Large Population
Nigeria,NGA,1971,57214684.0,Africa,West Africa,57.214684,2.363133481726565,1970,Large Population
Nigeria,NGA,1972,58601748.0,Africa,West Africa,58.601748,2.424314709140063,1970,Large Population
Nigeria,NGA,1973,60082139.0,Africa,West Africa,60.082139,2.5261891505352407,1970,Large Population
Nigeria,NGA,1974,61679144.0,Africa,West Africa,61.679144,2.658036192752733,1970,Large Population
Nigeria,NGA,1975,63410815.0,Africa,West Africa,63.410815,2.807547069719396,1970,Large Population
Nigeria,NGA,1976,65258009.0,Africa,West Africa,65.258009,2.9130582850890763,1970,Large Population
Nigeria,NGA,1977,67234590.0,Africa,West Africa,67.23459,3.028871138253697,1970,Large Population
Nigeria,NGA,1978,69326532.0,Africa,West Africa,69.326532,3.111407387179721,1970,Large Population
Nigeria,NGA,1979,71498242.0,Africa,West Africa,71.498242,3.1325813326418706,1970,Large Population
Nigeria,NGA,1980,73764641.0,Africa,West Africa,73.764641,3.1698667500104305,1980,Large Population
Nigeria,NGA,1981,76068103.0,Africa,West Africa,76.068103,3.1227183766813216,1980,Large Population
Nigeria,NGA,1982,78378701.0,Africa,West Africa,78.378701,3.0375386119462,1980,Large Population
Nigeria,NGA,1983,80438260.0,Africa,West Africa,80.43826,2.627702390729847,1980,Large Population
Nigeria,NGA,1984,82526443.0,Africa,West Africa,82.526443,2.5960071737006762,1980,Large Population
Nigeria,NGA,1985,84897973.0,Africa,West Africa,84.897973,2.8736607489553423,1980,Large Population
Nigeria,NGA,1986,87235953.0,Africa,West Africa,87.235953,2.753870224911026,1980,Large Population
Nigeria,NGA,1987,89591716.0,Africa,West Africa,89.591716,2.7004496643717513,1980,Large Population
Nigeria,NGA,1988,92020090.0,Africa,West Africa,92.02009,2.710489438554786,1980,Large Population
Nigeria,NGA,1989,94531014.0,Africa,West Africa,94.531014,2.72866935904974,1980,Large Population
Nigeria,NGA,1990,97120925.0,Africa,West Africa,97.120925,2.7397474018421075,1990,Large Population
Nigeria,NGA,1991,99720162.0,Africa,West Africa,99.720162,2.6762893784217923,1990,Large Population
Nigeria,NGA,1992,102372770.0,Africa,West Africa,102.37277,2.660051835856425,1990,Large Population
Nigeria,NGA,1993,105122069.0,Africa,West Africa,105.122069,2.685576447721405,1990,Large Population
Nigeria,NGA,1994,107935714.0,Africa,West Africa,107.935714,2.6765502494057625,1990,Large Population
Nigeria,NGA,1995,110819428.0,Africa,West Africa,110.819428,2.671695857776979,1990,Large Population
Nigeria,NGA,1996,113754779.0,Africa,West Africa,113.754779,2.6487693114604527,1990,Large Population
Nigeria,NGA,1997,116754792.0,Africa,West Africa,116.754792,2.6372632660997875,1990,Large Population
Nigeria,NGA,1998,119846254.0,Africa,West Africa,119.846254,2.6478245107061538,1990,Large Population
Nigeria,NGA,1999,123047320.0,Africa,West Africa,123.04732,2.670977100377292,1990,Large Population
Nigeria,NGA,2000,126382494.0,Africa,West Africa,126.382494,2.710480813397642,2000,Large Population
Nigeria,NGA,2001,129862595.0,Africa,West Africa,129.862595,2.7536258304888372,2000,Large Population
Nigeria,NGA,2002,133471989.0,Africa,West Africa,133.471989,2.779394636307697,2000,Large Population
Nigeria,NGA,2003,137202644.0,Africa,West Africa,137.202644,2.7950845926181467,2000,Large Population
Nigeria,NGA,2004,141057045.0,Africa,West Africa,141.057045,2.8092760369836656,2000,Large Population
Nigeria,NGA,2005,145017253.0,Africa,West Africa,145.017253,2.8075223041855057,2000,Large Population
Nigeria,NGA,2006,149077334.0,Africa,West Africa,149.077334,2.799722733680521,2000,Large Population
Nigeria,NGA,2007,153267261.0,Africa,West Africa,153.267261,2.8105727997523644,2000,Large Population
Nigeria,NGA,2008,157595014.0,Africa,West Africa,157.595014,2.823664344076726,2000,Large Population
Nigeria,NGA,2009,162049464.0,Africa,West Africa,162.049464,2.8265170876535572,2000,Large Population
Nigeria,NGA,2010,166642886.0,Africa,West Africa,166.642886,2.8345801871951792,2010,Large Population
Nigeria,NGA,2011,171379598.0,Africa,West Africa,171.379598,2.8424327696773055,2010,Large Population
Nigeria,NGA,2012,176200625.0,Africa,West Africa,176.200625,2.813069382972877,2010,Large Population
Nigeria,NGA,2013,181049443.0,Africa,West Africa,181.049443,2.7518733262154926,2010,Large Population
Nigeria,NGA,2014,185896915.0,Africa,West Africa,185.896915,2.677429943819276,2010,Large Population
Nigeria,NGA,2015,190671878.0,Africa,West Africa,190.671878,2.5686079836236164,2010,Large Population
Nigeria,NGA,2016,195443700.0,Africa,West Africa,195.4437,2.502635443701884,2010,Large Population
Nigeria,NGA,2017,200254579.0,Africa,West Africa,200.254579,2.461516539033992,2010,Large Population
Nigeria,NGA,2018,204938755.0,Africa,West Africa,204.938755,2.3391105578664417,2010,Large Population
Nigeria,NGA,2019,209485641.0,Africa,West Africa,209.485641,2.2186560077424033,2010,Large Population
Nigeria,NGA,2020,213996181.0,Africa,West Africa,213.996181,2.153149962197176,2020,Large Population
Nigeria,NGA,2021,218529286.0,Africa,West Africa,218.529286,2.1183111674315303,2020,Large Population
Nigeria,NGA,2022,223150896.0,Africa,West Africa,223.150896,2.1148698577635905,2020,Large Population
Nigeria,NGA,2023,227882945.0,Africa,West Africa,227.882945,2.120560161228302,2020,Large Population
Nigeria,NGA,2024,232679478.0,Africa,West Africa,232.679478,2.104823158222735,2020,Large Population
Rwanda,RWA,1960,3022294.0,Africa,Sub-Saharan Africa,3.022294,,1960,Standard
Rwanda,RWA,1961,3106779.0,Africa,Sub-Saharan Africa,3.106779,2.7953931682357824,1960,Standard
Rwanda,RWA,1962,3186025.0,Africa,Sub-Saharan Africa,3.186025,2.5507446780089538,1960,Standard
Rwanda,RWA,1963,3258890.0,Africa,Sub-Saharan Africa,3.25889,2.2870190911872923,1960,Standard
Rwanda,RWA,1964,3334834.0,Africa,Sub-Saharan Africa,3.334834,2.3303640196508546,1960,Standard
Rwanda,RWA,1965,3423210.0,Africa,Sub-Saharan Africa,3.42321,2.6500869308637265,1960,Standard
Rwanda,RWA,1966,3521626.0,Africa,Sub-Saharan Africa,3.521626,2.874962389102631,1960,Standard
Rwanda,RWA,1967,3629577.0,Africa,Sub-Saharan Africa,3.629577,3.0653737790441227,1960,Standard
Rwanda,RWA,1968,3744010.0,Africa,Sub-Saharan Africa,3.74401,3.1527916338460305,1960,Standard
Rwanda,RWA,1969,3861271.0,Africa,Sub-Saharan Africa,3.861271,3.131962788560938,1960,Standard
Rwanda,RWA,1970,3980669.0,Africa,Sub-Saharan Africa,3.980669,3.092194254171754,1970,Standard
Rwanda,RWA,1971,4100044.0,Africa,Sub-Saharan Africa,4.100044,2.998867778255354,1970,Standard
Rwanda,RWA,1972,4220335.0,Africa,Sub-Saharan Africa,4.220335,2.933895343562165,1970,Standard
Rwanda,RWA,1973,4345047.0,Africa,Sub-Saharan Africa,4.345047,2.9550260820527363,1970,Standard
Rwanda,RWA,1974,4474228.0,Africa,Sub-Saharan Africa,4.474228,2.9730633523642025,1970,Standard
Rwanda,RWA,1975,4607728.0,Africa,Sub-Saharan Africa,4.607728,2.9837549628673354,1970,Standard
Rwanda,RWA,1976,4745954.0,Africa,Sub-Saharan Africa,4.745954,2.9998732564074926,1970,Standard
Rwanda,RWA,1977,4888240.0,Africa,Sub-Saharan Africa,4.88824,2.9980484429473986,1970,Standard
Rwanda,RWA,1978,5035171.0,Africa,Sub-Saharan Africa,5.035171,3.0058057705840913,1970,Standard
Rwanda,RWA,1979,5189541.0,Africa,Sub-Saharan Africa,5.189541,3.0658343083084905,1970,Standard
Rwanda,RWA,1980,5353259.0,Africa,Sub-Saharan Africa,5.353259,3.1547684082272376,1980,Standard
Rwanda,RWA,1981,5527230.0,Africa,Sub-Saharan Africa,5.52723,3.249814739021595,1980,Standard
Rwanda,RWA,1982,5711549.0,Africa,Sub-Saharan Africa,5.711549,3.334744528452771,1980,Standard
Rwanda,RWA,1983,5905311.0,Africa,Sub-Saharan Africa,5.905311,3.392459733777997,1980,Standard
Rwanda,RWA,1984,6107627.0,Africa,Sub-Saharan Africa,6.107627,3.426000764396653,1980,Standard
Rwanda,RWA,1985,6317228.0,Africa,Sub-Saharan Africa,6.317228,3.431791103156767,1980,Standard
Rwanda,RWA,1986,6531881.0,Africa,Sub-Saharan Africa,6.531881,3.397898571968594,1980,Standard
Rwanda,RWA,1987,6749493.0,Africa,Sub-Saharan Africa,6.749493,3.331536505334376,1980,Standard
Rwanda,RWA,1988,6968071.0,Africa,Sub-Saharan Africa,6.968071,3.2384358351064346,1980,Standard
Rwanda,RWA,1989,7184706.0,Africa,Sub-Saharan Africa,7.184706,3.1089665992209303,1980,Standard
Rwanda,RWA,1990,7375307.0,Africa,Sub-Saharan Africa,7.375307,2.6528712517951414,1990,Standard
Rwanda,RWA,1991,7526966.0,Africa,Sub-Saharan Africa,7.526966,2.0563076221776333,1990,Standard
Rwanda,RWA,1992,7683266.0,Africa,Sub-Saharan Africa,7.683266,2.0765338916105103,1990,Standard
Rwanda,RWA,1993,7981132.0,Africa,Sub-Saharan Africa,7.981132,3.8768148857530216,1990,Standard
Rwanda,RWA,1994,6792352.0,Africa,Sub-Saharan Africa,6.792352,-14.89487957347404,1990,Standard
Rwanda,RWA,1995,5674118.0,Africa,Sub-Saharan Africa,5.674118,-16.463133830519972,1990,Standard
Rwanda,RWA,1996,6708764.0,Africa,Sub-Saharan Africa,6.708764,18.2344815529039,1990,Standard
Rwanda,RWA,1997,7755238.0,Africa,Sub-Saharan Africa,7.755238,15.598611010910513,1990,Standard
Rwanda,RWA,1998,8081681.0,Africa,Sub-Saharan Africa,8.081681,4.209322782872693,1990,Standard
Rwanda,RWA,1999,8147912.0,Africa,Sub-Saharan Africa,8.147912,0.8195200973658778,1990,Standard
Rwanda,RWA,2000,8213931.0,Africa,Sub-Saharan Africa,8.213931,0.8102566645295184,2000,Standard
Rwanda,RWA,2001,8287094.0,Africa,Sub-Saharan Africa,8.287094,0.890718463546869,2000,Standard
Rwanda,RWA,2002,8400180.0,Africa,Sub-Saharan Africa,8.40018,1.3646038044216713,2000,Standard
Rwanda,RWA,2003,8586875.0,Africa,Sub-Saharan Africa,8.586875,2.2225118985545578,2000,Standard
Rwanda,RWA,2004,8816844.0,Africa,Sub-Saharan Africa,8.816844,2.6781454254312553,2000,Standard
Rwanda,RWA,2005,9054528.0,Africa,Sub-Saharan Africa,9.054528,2.69579454961435,2000,Standard
Rwanda,RWA,2006,9299246.0,Africa,Sub-Saharan Africa,9.299246,2.702714045392529,2000,Standard
Rwanda,RWA,2007,9549933.0,Africa,Sub-Saharan Africa,9.549933,2.6957777006866968,2000,Standard
Rwanda,RWA,2008,9804269.0,Africa,Sub-Saharan Africa,9.804269,2.663222872872506,2000,Standard
Rwanda,RWA,2009,10060432.0,Africa,Sub-Saharan Africa,10.060432,2.6127700086564287,2000,Standard
Rwanda,RWA,2010,10317553.0,Africa,Sub-Saharan Africa,10.317553,2.555765000946275,2010,Standard
Rwanda,RWA,2011,10573733.0,Africa,Sub-Saharan Africa,10.573733,2.48295308005686,2010,Standard
Rwanda,RWA,2012,10829901.0,Africa,Sub-Saharan Africa,10.829901,2.4226826987214345,2010,Standard
Rwanda,RWA,2013,11093340.0,Africa,Sub-Saharan Africa,11.09334,2.4325153110817954,2010,Standard
Rwanda,RWA,2014,11364757.0,Africa,Sub-Saharan Africa,11.364757,2.446666197916958,2010,Standard
Rwanda,RWA,2015,11640022.0,Africa,Sub-Saharan Africa,11.640022,2.4220931428626136,2010,Standard
Rwanda,RWA,2016,11919183.0,Africa,Sub-Saharan Africa,11.919183,2.3982858451642164,2010,Standard
Rwanda,RWA,2017,12202060.0,Africa,Sub-Saharan Africa,12.20206,2.3732918606921283,2010,Standard
Rwanda,RWA,2018,12487996.0,Africa,Sub-Saharan Africa,12.487996,2.3433420258546445,2010,Standard
Rwanda,RWA,2019,12776103.0,Africa,Sub-Saharan Africa,12.776103,2.30707152692875,2010,Standard
Rwanda,RWA,2020,13065837.0,Africa,Sub-Saharan Africa,13.065837,2.2677807152932328,2020,Standard
Rwanda,RWA,2021,13355260.0,Africa,Sub-Saharan Africa,13.35526,2.2151125871231914,2020,Standard
Rwanda,RWA,2022,13651030.0,Africa,Sub-Saharan Africa,13.65103,2.2146330359723354,2020,Standard
Rwanda,RWA,2023,13954471.0,Africa,Sub-Saharan Africa,13.954471,2.222843257981255,2020,Standard
Rwanda,RWA,2024,14256567.0,Africa,Sub-Saharan Africa,14.256567,2.164868879658721,2020,Standard
Sao Tome and Principe,STP,1960,68012.0,Africa,Sub-Saharan Africa,0.068012,,1960,Standard
Sao Tome and Principe,STP,1961,68707.0,Africa,Sub-Saharan Africa,0.068707,1.0218784920308144,1960,Standard
Sao Tome and Principe,STP,1962,69403.0,Africa,Sub-Saharan Africa,0.069403,1.012997220079459,1960,Standard
Sao Tome and Principe,STP,1963,70112.0,Africa,Sub-Saharan Africa,0.070112,1.0215696727807089,1960,Standard
Sao Tome and Principe,STP,1964,70865.0,Africa,Sub-Saharan Africa,0.070865,1.0739958922866277,1960,Standard
Sao Tome and Principe,STP,1965,71680.0,Africa,Sub-Saharan Africa,0.07168,1.1500740845269197,1960,Standard
Sao Tome and Principe,STP,1966,72576.0,Africa,Sub-Saharan Africa,0.072576,1.2499999999999956,1960,Standard
Sao Tome and Principe,STP,1967,73596.0,Africa,Sub-Saharan Africa,0.073596,1.4054232804232791,1960,Standard
Sao Tome and Principe,STP,1968,74765.0,Africa,Sub-Saharan Africa,0.074765,1.5884015435621457,1960,Standard
Sao Tome and Principe,STP,1969,76083.0,Africa,Sub-Saharan Africa,0.076083,1.7628569517822434,1960,Standard
Sao Tome and Principe,STP,1970,77626.0,Africa,Sub-Saharan Africa,0.077626,2.028048315655262,1970,Standard
Sao Tome and Principe,STP,1971,79330.0,Africa,Sub-Saharan Africa,0.07933,2.1951408033390907,1970,Standard
Sao Tome and Principe,STP,1972,81041.0,Africa,Sub-Saharan Africa,0.081041,2.156813311483674,1970,Standard
Sao Tome and Principe,STP,1973,82798.0,Africa,Sub-Saharan Africa,0.082798,2.168038400315897,1970,Standard
Sao Tome and Principe,STP,1974,84672.0,Africa,Sub-Saharan Africa,0.084672,2.263339694195521,1970,Standard
Sao Tome and Principe,STP,1975,86708.0,Africa,Sub-Saharan Africa,0.086708,2.4045729402872196,1970,Standard
Sao Tome and Principe,STP,1976,88922.0,Africa,Sub-Saharan Africa,0.088922,2.5533976103704337,1970,Standard
Sao Tome and Principe,STP,1977,91301.0,Africa,Sub-Saharan Africa,0.091301,2.6753784215379772,1970,Standard
Sao Tome and Principe,STP,1978,93794.0,Africa,Sub-Saharan Africa,0.093794,2.7305286908138937,1970,Standard
Sao Tome and Principe,STP,1979,96252.0,Africa,Sub-Saharan Africa,0.096252,2.6206367145019893,1970,Standard
Sao Tome and Principe,STP,1980,98544.0,Africa,Sub-Saharan Africa,0.098544,2.3812492207954117,1980,Standard
Sao Tome and Principe,STP,1981,100615.0,Africa,Sub-Saharan Africa,0.100615,2.101599285598321,1980,Standard
Sao Tome and Principe,STP,1982,102508.0,Africa,Sub-Saharan Africa,0.102508,1.8814292103563002,1980,Standard
Sao Tome and Principe,STP,1983,104380.0,Africa,Sub-Saharan Africa,0.10438,1.8261989308151483,1980,Standard
Sao Tome and Principe,STP,1984,106394.0,Africa,Sub-Saharan Africa,0.106394,1.9294884077409424,1980,Standard
Sao Tome and Principe,STP,1985,108658.0,Africa,Sub-Saharan Africa,0.108658,2.1279395454630867,1980,Standard
Sao Tome and Principe,STP,1986,111150.0,Africa,Sub-Saharan Africa,0.11115,2.2934344456919886,1980,Standard
Sao Tome and Principe,STP,1987,113919.0,Africa,Sub-Saharan Africa,0.113919,2.491228070175433,1980,Standard
Sao Tome and Principe,STP,1988,116939.0,Africa,Sub-Saharan Africa,0.116939,2.6510064168400405,1980,Standard
Sao Tome and Principe,STP,1989,119979.0,Africa,Sub-Saharan Africa,0.119979,2.599645969266029,1980,Standard
Sao Tome and Principe,STP,1990,122980.0,Africa,Sub-Saharan Africa,0.12298,2.501271055768095,1990,Standard
Sao Tome and Principe,STP,1991,125697.0,Africa,Sub-Saharan Africa,0.125697,2.209302325581386,1990,Standard
Sao Tome and Principe,STP,1992,128110.0,Africa,Sub-Saharan Africa,0.12811,1.9196957763510714,1990,Standard
Sao Tome and Principe,STP,1993,130467.0,Africa,Sub-Saharan Africa,0.130467,1.839825150261487,1990,Standard
Sao Tome and Principe,STP,1994,132732.0,Africa,Sub-Saharan Africa,0.132732,1.7360711904159665,1990,Standard
Sao Tome and Principe,STP,1995,134895.0,Africa,Sub-Saharan Africa,0.134895,1.6295994937166602,1990,Standard
Sao Tome and Principe,STP,1996,136962.0,Africa,Sub-Saharan Africa,0.136962,1.532302902257321,1990,Standard
Sao Tome and Principe,STP,1997,138922.0,Africa,Sub-Saharan Africa,0.138922,1.4310538689563446,1990,Standard
Sao Tome and Principe,STP,1998,140751.0,Africa,Sub-Saharan Africa,0.140751,1.3165661306344667,1990,Standard
Sao Tome and Principe,STP,1999,142442.0,Africa,Sub-Saharan Africa,0.142442,1.2014124233575618,1990,Standard
Sao Tome and Principe,STP,2000,144018.0,Africa,Sub-Saharan Africa,0.144018,1.10641524269528,2000,Standard
Sao Tome and Principe,STP,2001,146375.0,Africa,Sub-Saharan Africa,0.146375,1.6366009804330117,2000,Standard
Sao Tome and Principe,STP,2002,149922.0,Africa,Sub-Saharan Africa,0.149922,2.4232280102476578,2000,Standard
Sao Tome and Principe,STP,2003,153814.0,Africa,Sub-Saharan Africa,0.153814,2.5960165952962244,2000,Standard
Sao Tome and Principe,STP,2004,157705.0,Africa,Sub-Saharan Africa,0.157705,2.529678702848903,2000,Standard
Sao Tome and Principe,STP,2005,161639.0,Africa,Sub-Saharan Africa,0.161639,2.494530927998473,2000,Standard
Sao Tome and Principe,STP,2006,165638.0,Africa,Sub-Saharan Africa,0.165638,2.474031638404095,2000,Standard
Sao Tome and Principe,STP,2007,169700.0,Africa,Sub-Saharan Africa,0.1697,2.4523358166604226,2000,Standard
Sao Tome and Principe,STP,2008,173793.0,Africa,Sub-Saharan Africa,0.173793,2.4119033588685834,2000,Standard
Sao Tome and Principe,STP,2009,177853.0,Africa,Sub-Saharan Africa,0.177853,2.336112501654264,2000,Standard
Sao Tome and Principe,STP,2010,181802.0,Africa,Sub-Saharan Africa,0.181802,2.2203730046723935,2010,Standard
Sao Tome and Principe,STP,2011,185649.0,Africa,Sub-Saharan Africa,0.185649,2.1160383274111405,2010,Standard
Sao Tome and Principe,STP,2012,189439.0,Africa,Sub-Saharan Africa,0.189439,2.0414868919304663,2010,Standard
Sao Tome and Principe,STP,2013,193148.0,Africa,Sub-Saharan Africa,0.193148,1.9578861797201252,2010,Standard
Sao Tome and Principe,STP,2014,196767.0,Africa,Sub-Saharan Africa,0.196767,1.8736927123242264,2010,Standard
Sao Tome and Principe,STP,2015,200291.0,Africa,Sub-Saharan Africa,0.200291,1.7909507183623274,2010,Standard
Sao Tome and Principe,STP,2016,203689.0,Africa,Sub-Saharan Africa,0.203689,1.6965315465997,2010,Standard
Sao Tome and Principe,STP,2017,206970.0,Africa,Sub-Saharan Africa,0.20697,1.6107889969512401,2010,Standard
Sao Tome and Principe,STP,2018,210187.0,Africa,Sub-Saharan Africa,0.210187,1.554331545634624,2010,Standard
Sao Tome and Principe,STP,2019,213392.0,Africa,Sub-Saharan Africa,0.213392,1.5248326490220565,2010,Standard
Sao Tome and Principe,STP,2020,217435.0,Africa,Sub-Saharan Africa,0.217435,1.894635225313035,2020,Standard
Sao Tome and Principe,STP,2021,221961.0,Africa,Sub-Saharan Africa,0.221961,2.0815416101363615,2020,Standard
Sao Tome and Principe,STP,2022,226305.0,Africa,Sub-Saharan Africa,0.226305,1.9571005717220702,2020,Standard
Sao Tome and Principe,STP,2023,230871.0,Africa,Sub-Saharan Africa,0.230871,2.017631073109305,2020,Standard
Sao Tome and Principe,STP,2024,235536.0,Africa,Sub-Saharan Africa,0.235536,2.0206089114700454,2020,Standard
Senegal,SEN,1960,3340907.0,Africa,West Africa,3.340907,,1960,Standard
Senegal,SEN,1961,3436375.0,Africa,West Africa,3.436375,2.857547366628288,1960,Standard
Senegal,SEN,1962,3534686.0,Africa,West Africa,3.534686,2.8608926557782466,1960,Standard
Senegal,SEN,1963,3635876.0,Africa,West Africa,3.635876,2.86277196899527,1960,Standard
Senegal,SEN,1964,3740535.0,Africa,West Africa,3.740535,2.878508507990918,1960,Standard
Senegal,SEN,1965,3849788.0,Africa,West Africa,3.849788,2.9207853956719987,1960,Standard
Senegal,SEN,1966,3964299.0,Africa,West Africa,3.964299,2.9744754776107163,1960,Standard
Senegal,SEN,1967,4083870.0,Africa,West Africa,4.08387,3.0161952970752193,1960,Standard
Senegal,SEN,1968,4207587.0,Africa,West Africa,4.207587,3.029405931138851,1960,Standard
Senegal,SEN,1969,4334974.0,Africa,West Africa,4.334974,3.0275547481252385,1960,Standard
Senegal,SEN,1970,4466328.0,Africa,West Africa,4.466328,3.030098911781254,1970,Standard
Senegal,SEN,1971,4601864.0,Africa,West Africa,4.601864,3.0346181471669897,1970,Standard
Senegal,SEN,1972,4741631.0,Africa,West Africa,4.741631,3.0371823243798612,1970,Standard
Senegal,SEN,1973,4885181.0,Africa,West Africa,4.885181,3.0274392925134785,1970,Standard
Senegal,SEN,1974,5029437.0,Africa,West Africa,5.029437,2.9529305055431943,1970,Standard
Senegal,SEN,1975,5170810.0,Africa,West Africa,5.17081,2.8109110423294004,1970,Standard
Senegal,SEN,1976,5308564.0,Africa,West Africa,5.308564,2.664070039316857,1970,Standard
Senegal,SEN,1977,5439549.0,Africa,West Africa,5.439549,2.4674281029672063,1970,Standard
Senegal,SEN,1978,5568096.0,Africa,West Africa,5.568096,2.3631922425921603,1970,Standard
Senegal,SEN,1979,5702895.0,Africa,West Africa,5.702895,2.4209173117704763,1970,Standard
Senegal,SEN,1980,5845638.0,Africa,West Africa,5.845638,2.5029919014816215,1980,Standard
Senegal,SEN,1981,5997160.0,Africa,West Africa,5.99716,2.5920523987287725,1980,Standard
Senegal,SEN,1982,6156961.0,Africa,West Africa,6.156961,2.6646112493246887,1980,Standard
Senegal,SEN,1983,6324504.0,Africa,West Africa,6.324504,2.721196382436064,1980,Standard
Senegal,SEN,1984,6499364.0,Africa,West Africa,6.499364,2.7648017931524826,1980,Standard
Senegal,SEN,1985,6683287.0,Africa,West Africa,6.683287,2.8298615064489496,1980,Standard
Senegal,SEN,1986,6878192.0,Africa,West Africa,6.878192,2.916304507048695,1980,Standard
Senegal,SEN,1987,7081530.0,Africa,West Africa,7.08153,2.9562710665826053,1980,Standard
Senegal,SEN,1988,7289618.0,Africa,West Africa,7.289618,2.9384610387868104,1980,Standard
Senegal,SEN,1989,7502207.0,Africa,West Africa,7.502207,2.916325656570762,1980,Standard
Senegal,SEN,1990,7720523.0,Africa,West Africa,7.720523,2.910023677032636,1990,Standard
Senegal,SEN,1991,7943085.0,Africa,West Africa,7.943085,2.882732167237889,1990,Standard
Senegal,SEN,1992,8168395.0,Africa,West Africa,8.168395,2.8365553182422287,1990,Standard
Senegal,SEN,1993,8396288.0,Africa,West Africa,8.396288,2.7899360890358604,1990,Standard
Senegal,SEN,1994,8624078.0,Africa,West Africa,8.624078,2.7129845950972564,1990,Standard
Senegal,SEN,1995,8848101.0,Africa,West Africa,8.848101,2.597645800513404,1990,Standard
Senegal,SEN,1996,9067014.0,Africa,West Africa,9.067014,2.474124108664677,1990,Standard
Senegal,SEN,1997,9283495.0,Africa,West Africa,9.283495,2.3875666233668547,1990,Standard
Senegal,SEN,1998,9502952.0,Africa,West Africa,9.502952,2.3639480605095464,1990,Standard
Senegal,SEN,1999,9730887.0,Africa,West Africa,9.730887,2.398570465261751,1990,Standard
Senegal,SEN,2000,9968260.0,Africa,West Africa,9.96826,2.4393768009021155,2000,Standard
Senegal,SEN,2001,10212942.0,Africa,West Africa,10.212942,2.454610935108037,2000,Standard
Senegal,SEN,2002,10466214.0,Africa,West Africa,10.466214,2.4799122525125394,2000,Standard
Senegal,SEN,2003,10721176.0,Africa,West Africa,10.721176,2.436048030357485,2000,Standard
Senegal,SEN,2004,10975704.0,Africa,West Africa,10.975704,2.374067919414813,2000,Standard
Senegal,SEN,2005,11235472.0,Africa,West Africa,11.235472,2.3667547885766638,2000,Standard
Senegal,SEN,2006,11500094.0,Africa,West Africa,11.500094,2.3552370563515224,2000,Standard
Senegal,SEN,2007,11770344.0,Africa,West Africa,11.770344,2.349980791461359,2000,Standard
Senegal,SEN,2008,12048959.0,Africa,West Africa,12.048959,2.3670930943054946,2000,Standard
Senegal,SEN,2009,12337389.0,Africa,West Africa,12.337389,2.3938167604354854,2000,Standard
Senegal,SEN,2010,12635413.0,Africa,West Africa,12.635413,2.4156164647155087,2010,Standard
Senegal,SEN,2011,12958897.0,Africa,West Africa,12.958897,2.560137923469541,2010,Standard
Senegal,SEN,2012,13310495.0,Africa,West Africa,13.310495,2.7131784441222218,2010,Standard
Senegal,SEN,2013,13710849.0,Africa,West Africa,13.710849,3.0078069974107002,2010,Standard
Senegal,SEN,2014,14152102.0,Africa,West Africa,14.152102,3.218276271586107,2010,Standard
Senegal,SEN,2015,14593331.0,Africa,West Africa,14.593331,3.1177630008602186,2010,Standard
Senegal,SEN,2016,15034521.0,Africa,West Africa,15.034521,3.0232302686754586,2010,Standard
Senegal,SEN,2017,15475002.0,Africa,West Africa,15.475002,2.9297973643456876,2010,Standard
Senegal,SEN,2018,15914498.0,Africa,West Africa,15.914498,2.8400384051646688,2010,Standard
Senegal,SEN,2019,16352922.0,Africa,West Africa,16.352922,2.754871689952143,2010,Standard
Senegal,SEN,2020,16789219.0,Africa,West Africa,16.789219,2.6680063660794007,2020,Standard
Senegal,SEN,2021,17220867.0,Africa,West Africa,17.220867,2.570983200588417,2020,Standard
Senegal,SEN,2022,17651103.0,Africa,West Africa,17.651103,2.4983411113969956,2020,Standard
Senegal,SEN,2023,18077573.0,Africa,West Africa,18.077573,2.4161096334886167,2020,Standard
Senegal,SEN,2024,18501984.0,Africa,West Africa,18.501984,2.347721123847757,2020,Standard
Seychelles,SYC,1960,41700.0,Africa,Sub-Saharan Africa,0.0417,,1960,Standard
Seychelles,SYC,1961,42889.0,Africa,Sub-Saharan Africa,0.042889,2.8513189448441167,1960,Standard
Seychelles,SYC,1962,44042.0,Africa,Sub-Saharan Africa,0.044042,2.688335004313469,1960,Standard
Seychelles,SYC,1963,45176.0,Africa,Sub-Saharan Africa,0.045176,2.5748149493665107,1960,Standard
Seychelles,SYC,1964,46322.0,Africa,Sub-Saharan Africa,0.046322,2.5367451744289005,1960,Standard
Seychelles,SYC,1965,47500.0,Africa,Sub-Saharan Africa,0.0475,2.5430680885972112,1960,Standard
Seychelles,SYC,1966,48699.0,Africa,Sub-Saharan Africa,0.048699,2.5242105263157955,1960,Standard
Seychelles,SYC,1967,49911.0,Africa,Sub-Saharan Africa,0.049911,2.488757469352554,1960,Standard
Seychelles,SYC,1968,51134.0,Africa,Sub-Saharan Africa,0.051134,2.450361643725829,1960,Standard
Seychelles,SYC,1969,52365.0,Africa,Sub-Saharan Africa,0.052365,2.4074001642742537,1960,Standard
Seychelles,SYC,1970,53600.0,Africa,Sub-Saharan Africa,0.0536,2.35844552659219,1970,Standard
Seychelles,SYC,1971,54695.0,Africa,Sub-Saharan Africa,0.054695,2.0429104477611926,1970,Standard
Seychelles,SYC,1972,56029.0,Africa,Sub-Saharan Africa,0.056029,2.4389797970564064,1970,Standard
Seychelles,SYC,1973,56892.0,Africa,Sub-Saharan Africa,0.056892,1.5402737867889815,1970,Standard
Seychelles,SYC,1974,57937.0,Africa,Sub-Saharan Africa,0.057937,1.8368136117556055,1970,Standard
Seychelles,SYC,1975,59292.0,Africa,Sub-Saharan Africa,0.059292,2.3387472599547765,1970,Standard
Seychelles,SYC,1976,60504.0,Africa,Sub-Saharan Africa,0.060504,2.044120623355594,1970,Standard
Seychelles,SYC,1977,61786.0,Africa,Sub-Saharan Africa,0.061786,2.1188681740050175,1970,Standard
Seychelles,SYC,1978,62150.0,Africa,Sub-Saharan Africa,0.06215,0.5891302236752605,1970,Standard
Seychelles,SYC,1979,62686.0,Africa,Sub-Saharan Africa,0.062686,0.8624296057924363,1970,Standard
Seychelles,SYC,1980,63261.0,Africa,Sub-Saharan Africa,0.063261,0.9172702038732661,1980,Standard
Seychelles,SYC,1981,64035.0,Africa,Sub-Saharan Africa,0.064035,1.2235026319533437,1980,Standard
Seychelles,SYC,1982,64413.0,Africa,Sub-Saharan Africa,0.064413,0.5903021784961382,1980,Standard
Seychelles,SYC,1983,64335.0,Africa,Sub-Saharan Africa,0.064335,-0.1210935680685532,1980,Standard
Seychelles,SYC,1984,64717.0,Africa,Sub-Saharan Africa,0.064717,0.5937670008548945,1980,Standard
Seychelles,SYC,1985,65244.0,Africa,Sub-Saharan Africa,0.065244,0.814314631395141,1980,Standard
Seychelles,SYC,1986,65652.0,Africa,Sub-Saharan Africa,0.065652,0.6253448592974165,1980,Standard
Seychelles,SYC,1987,68499.0,Africa,Sub-Saharan Africa,0.068499,4.33650155364651,1980,Standard
Seychelles,SYC,1988,68755.0,Africa,Sub-Saharan Africa,0.068755,0.37372808362166055,1980,Standard
Seychelles,SYC,1989,69167.0,Africa,Sub-Saharan Africa,0.069167,0.5992291469711253,1980,Standard
Seychelles,SYC,1990,69507.0,Africa,Sub-Saharan Africa,0.069507,0.491563896077607,1990,Standard
Seychelles,SYC,1991,70439.0,Africa,Sub-Saharan Africa,0.070439,1.3408721423741499,1990,Standard
Seychelles,SYC,1992,70763.0,Africa,Sub-Saharan Africa,0.070763,0.4599724584392062,1990,Standard
Seychelles,SYC,1993,72253.0,Africa,Sub-Saharan Africa,0.072253,2.1056201687322362,1990,Standard
Seychelles,SYC,1994,74205.0,Africa,Sub-Saharan Africa,0.074205,2.701617925899269,1990,Standard
Seychelles,SYC,1995,75304.0,Africa,Sub-Saharan Africa,0.075304,1.4810322754531313,1990,Standard
Seychelles,SYC,1996,76417.0,Africa,Sub-Saharan Africa,0.076417,1.4780091363008507,1990,Standard
Seychelles,SYC,1997,77319.0,Africa,Sub-Saharan Africa,0.077319,1.1803656254498307,1990,Standard
Seychelles,SYC,1998,78846.0,Africa,Sub-Saharan Africa,0.078846,1.9749350095060736,1990,Standard
Seychelles,SYC,1999,80410.0,Africa,Sub-Saharan Africa,0.08041,1.9836136265631632,1990,Standard
Seychelles,SYC,2000,81131.0,Africa,Sub-Saharan Africa,0.081131,0.8966546449446611,2000,Standard
Seychelles,SYC,2001,81202.0,Africa,Sub-Saharan Africa,0.081202,0.08751278796022,2000,Standard
Seychelles,SYC,2002,83723.0,Africa,Sub-Saharan Africa,0.083723,3.104603334893219,2000,Standard
Seychelles,SYC,2003,82781.0,Africa,Sub-Saharan Africa,0.082781,-1.1251388507339644,2000,Standard
Seychelles,SYC,2004,82475.0,Africa,Sub-Saharan Africa,0.082475,-0.3696500404682279,2000,Standard
Seychelles,SYC,2005,82858.0,Africa,Sub-Saharan Africa,0.082858,0.4643831464079984,2000,Standard
Seychelles,SYC,2006,84600.0,Africa,Sub-Saharan Africa,0.0846,2.102392044220225,2000,Standard
Seychelles,SYC,2007,85033.0,Africa,Sub-Saharan Africa,0.085033,0.5118203309692593,2000,Standard
Seychelles,SYC,2008,86956.0,Africa,Sub-Saharan Africa,0.086956,2.261474956781484,2000,Standard
Seychelles,SYC,2009,87298.0,Africa,Sub-Saharan Africa,0.087298,0.3933023598141627,2000,Standard
Seychelles,SYC,2010,89770.0,Africa,Sub-Saharan Africa,0.08977,2.8316799926687786,2010,Standard
Seychelles,SYC,2011,87441.0,Africa,Sub-Saharan Africa,0.087441,-2.5944079313801938,2010,Standard
Seychelles,SYC,2012,88303.0,Africa,Sub-Saharan Africa,0.088303,0.9858075731064453,2010,Standard
Seychelles,SYC,2013,89949.0,Africa,Sub-Saharan Africa,0.089949,1.864036329456531,2010,Standard
Seychelles,SYC,2014,91359.0,Africa,Sub-Saharan Africa,0.091359,1.567554947803762,2010,Standard
Seychelles,SYC,2015,93419.0,Africa,Sub-Saharan Africa,0.093419,2.2548407929158687,2010,Standard
Seychelles,SYC,2016,94677.0,Africa,Sub-Saharan Africa,0.094677,1.3466211370277925,2010,Standard
Seychelles,SYC,2017,95843.0,Africa,Sub-Saharan Africa,0.095843,1.231555710468224,2010,Standard
Seychelles,SYC,2018,96762.0,Africa,Sub-Saharan Africa,0.096762,0.958859801967793,2010,Standard
Seychelles,SYC,2019,97625.0,Africa,Sub-Saharan Africa,0.097625,0.8918790434261359,2010,Standard
Seychelles,SYC,2020,98462.0,Africa,Sub-Saharan Africa,0.098462,0.8573623559539056,2020,Standard
Seychelles,SYC,2021,99258.0,Africa,Sub-Saharan Africa,0.099258,0.8084337104669714,2020,Standard
Seychelles,SYC,2022,119878.0,Africa,Sub-Saharan Africa,0.119878,20.774144149589958,2020,Standard
Seychelles,SYC,2023,119773.0,Africa,Sub-Saharan Africa,0.119773,-0.08758904886634333,2020,Standard
Seychelles,SYC,2024,121354.0,Africa,Sub-Saharan Africa,0.121354,1.319996994314243,2020,Standard
Sierra Leone,SLE,1960,2268356.0,Africa,Sub-Saharan Africa,2.268356,,1960,Standard
Sierra Leone,SLE,1961,2304227.0,Africa,Sub-Saharan Africa,2.304227,1.5813655352158174,1960,Standard
Sierra Leone,SLE,1962,2342242.0,Africa,Sub-Saharan Africa,2.342242,1.6497940524089039,1960,Standard
Sierra Leone,SLE,1963,2382258.0,Africa,Sub-Saharan Africa,2.382258,1.7084485719238263,1960,Standard
Sierra Leone,SLE,1964,2424390.0,Africa,Sub-Saharan Africa,2.42439,1.7685741846600989,1960,Standard
Sierra Leone,SLE,1965,2468666.0,Africa,Sub-Saharan Africa,2.468666,1.8262738255808708,1960,Standard
Sierra Leone,SLE,1966,2514638.0,Africa,Sub-Saharan Africa,2.514638,1.862220324661168,1960,Standard
Sierra Leone,SLE,1967,2562384.0,Africa,Sub-Saharan Africa,2.562384,1.898722599435776,1960,Standard
Sierra Leone,SLE,1968,2611532.0,Africa,Sub-Saharan Africa,2.611532,1.9180575588982673,1960,Standard
Sierra Leone,SLE,1969,2661365.0,Africa,Sub-Saharan Africa,2.661365,1.9081902883058666,1960,Standard
Sierra Leone,SLE,1970,2712286.0,Africa,Sub-Saharan Africa,2.712286,1.9133414619941336,1970,Standard
Sierra Leone,SLE,1971,2763222.0,Africa,Sub-Saharan Africa,2.763222,1.8779730456153887,1970,Standard
Sierra Leone,SLE,1972,2814388.0,Africa,Sub-Saharan Africa,2.814388,1.8516789458103533,1970,Standard
Sierra Leone,SLE,1973,2866955.0,Africa,Sub-Saharan Africa,2.866955,1.8677950588191772,1970,Standard
Sierra Leone,SLE,1974,2920459.0,Africa,Sub-Saharan Africa,2.920459,1.8662308965435415,1970,Standard
Sierra Leone,SLE,1975,2974657.0,Africa,Sub-Saharan Africa,2.974657,1.85580417324811,1970,Standard
Sierra Leone,SLE,1976,3028820.0,Africa,Sub-Saharan Africa,3.02882,1.820814971272311,1970,Standard
Sierra Leone,SLE,1977,3085354.0,Africa,Sub-Saharan Africa,3.085354,1.8665354824651148,1970,Standard
Sierra Leone,SLE,1978,3145517.0,Africa,Sub-Saharan Africa,3.145517,1.94995452709803,1970,Standard
Sierra Leone,SLE,1979,3207499.0,Africa,Sub-Saharan Africa,3.207499,1.9704868865753955,1970,Standard
Sierra Leone,SLE,1980,3272089.0,Africa,Sub-Saharan Africa,3.272089,2.0137184766074734,1980,Standard
Sierra Leone,SLE,1981,3338940.0,Africa,Sub-Saharan Africa,3.33894,2.0430678994367124,1980,Standard
Sierra Leone,SLE,1982,3408183.0,Africa,Sub-Saharan Africa,3.408183,2.0738018652626256,1980,Standard
Sierra Leone,SLE,1983,3481646.0,Africa,Sub-Saharan Africa,3.481646,2.1554887164216163,1980,Standard
Sierra Leone,SLE,1984,3558758.0,Africa,Sub-Saharan Africa,3.558758,2.214814487170713,1980,Standard
Sierra Leone,SLE,1985,3638438.0,Africa,Sub-Saharan Africa,3.638438,2.2389833756608413,1980,Standard
Sierra Leone,SLE,1986,3728380.0,Africa,Sub-Saharan Africa,3.72838,2.4719948505375067,1980,Standard
Sierra Leone,SLE,1987,3829718.0,Africa,Sub-Saharan Africa,3.829718,2.7180169403333343,1980,Standard
Sierra Leone,SLE,1988,3934517.0,Africa,Sub-Saharan Africa,3.934517,2.736467802590159,1980,Standard
Sierra Leone,SLE,1989,4034037.0,Africa,Sub-Saharan Africa,4.034037,2.5294083111090826,1980,Standard
Sierra Leone,SLE,1990,4196828.0,Africa,Sub-Saharan Africa,4.196828,4.035436462283326,1990,Standard
Sierra Leone,SLE,1991,4246267.0,Africa,Sub-Saharan Africa,4.246267,1.178008724684454,1990,Standard
Sierra Leone,SLE,1992,4166366.0,Africa,Sub-Saharan Africa,4.166366,-1.8816763053288943,1990,Standard
Sierra Leone,SLE,1993,4157130.0,Africa,Sub-Saharan Africa,4.15713,-0.22167999642854763,1990,Standard
Sierra Leone,SLE,1994,4173105.0,Africa,Sub-Saharan Africa,4.173105,0.38427953900888046,1990,Standard
Sierra Leone,SLE,1995,4179179.0,Africa,Sub-Saharan Africa,4.179179,0.14555109444884806,1990,Standard
Sierra Leone,SLE,1996,4199210.0,Africa,Sub-Saharan Africa,4.19921,0.4793046672564083,1990,Standard
Sierra Leone,SLE,1997,4253716.0,Africa,Sub-Saharan Africa,4.253716,1.2980060535195959,1990,Standard
Sierra Leone,SLE,1998,4295785.0,Africa,Sub-Saharan Africa,4.295785,0.9889940936348429,1990,Standard
Sierra Leone,SLE,1999,4318043.0,Africa,Sub-Saharan Africa,4.318043,0.518135800557995,1990,Standard
Sierra Leone,SLE,2000,4423611.0,Africa,Sub-Saharan Africa,4.423611,2.444811225826138,2000,Standard
Sierra Leone,SLE,2001,4692716.0,Africa,Sub-Saharan Africa,4.692716,6.0833784887504905,2000,Standard
Sierra Leone,SLE,2002,4971435.0,Africa,Sub-Saharan Africa,4.971435,5.939396289909715,2000,Standard
Sierra Leone,SLE,2003,5177687.0,Africa,Sub-Saharan Africa,5.177687,4.1487417616844935,2000,Standard
Sierra Leone,SLE,2004,5355717.0,Africa,Sub-Saharan Africa,5.355717,3.438407922301989,2000,Standard
Sierra Leone,SLE,2005,5501712.0,Africa,Sub-Saharan Africa,5.501712,2.7259655429889174,2000,Standard
Sierra Leone,SLE,2006,5624466.0,Africa,Sub-Saharan Africa,5.624466,2.231196398502866,2000,Standard
Sierra Leone,SLE,2007,5749352.0,Africa,Sub-Saharan Africa,5.749352,2.220406346131343,2000,Standard
Sierra Leone,SLE,2008,5894722.0,Africa,Sub-Saharan Africa,5.894722,2.528458859363636,2000,Standard
Sierra Leone,SLE,2009,6055646.0,Africa,Sub-Saharan Africa,6.055646,2.7299675879540963,2000,Standard
Sierra Leone,SLE,2010,6222714.0,Africa,Sub-Saharan Africa,6.222714,2.7588798948947835,2010,Standard
Sierra Leone,SLE,2011,6387251.0,Africa,Sub-Saharan Africa,6.387251,2.644135661706448,2010,Standard
Sierra Leone,SLE,2012,6551080.0,Africa,Sub-Saharan Africa,6.55108,2.56493756077536,2010,Standard
Sierra Leone,SLE,2013,6714051.0,Africa,Sub-Saharan Africa,6.714051,2.487696685126717,2010,Standard
Sierra Leone,SLE,2014,6876385.0,Africa,Sub-Saharan Africa,6.876385,2.417824946518876,2010,Standard
Sierra Leone,SLE,2015,7037655.0,Africa,Sub-Saharan Africa,7.037655,2.3452729886415558,2010,Standard
Sierra Leone,SLE,2016,7205328.0,Africa,Sub-Saharan Africa,7.205328,2.3825123567438267,2010,Standard
Sierra Leone,SLE,2017,7379299.0,Africa,Sub-Saharan Africa,7.379299,2.4144771757788064,2010,Standard
Sierra Leone,SLE,2018,7554563.0,Africa,Sub-Saharan Africa,7.554563,2.3750765485989866,2010,Standard
Sierra Leone,SLE,2019,7731991.0,Africa,Sub-Saharan Africa,7.731991,2.3486202974281944,2010,Standard
Sierra Leone,SLE,2020,7912558.0,Africa,Sub-Saharan Africa,7.912558,2.3353234632580433,2020,Standard
Sierra Leone,SLE,2021,8094602.0,Africa,Sub-Saharan Africa,8.094602,2.3006971955213507,2020,Standard
Sierra Leone,SLE,2022,8276807.0,Africa,Sub-Saharan Africa,8.276807,2.2509445183345633,2020,Standard
Sierra Leone,SLE,2023,8460512.0,Africa,Sub-Saharan Africa,8.460512,2.219515327589483,2020,Standard
Sierra Leone,SLE,2024,8642022.0,Africa,Sub-Saharan Africa,8.642022,2.1453784357258865,2020,Standard
"Somalia, Fed. Rep.",SOM,1960,2876331.0,Africa,Sub-Saharan Africa,2.876331,,1960,Standard
"Somalia, Fed. Rep.",SOM,1961,2952054.0,Africa,Sub-Saharan Africa,2.952054,2.632624687492502,1960,Standard
"Somalia, Fed. Rep.",SOM,1962,3030091.0,Africa,Sub-Saharan Africa,3.030091,2.643481453930052,1960,Standard
"Somalia, Fed. Rep.",SOM,1963,3110361.0,Africa,Sub-Saharan Africa,3.110361,2.649095357202147,1960,Standard
"Somalia, Fed. Rep.",SOM,1964,3192796.0,Africa,Sub-Saharan Africa,3.192796,2.650335443377805,1960,Standard
"Somalia, Fed. Rep.",SOM,1965,3277874.0,Africa,Sub-Saharan Africa,3.277874,2.6646863752021632,1960,Standard
"Somalia, Fed. Rep.",SOM,1966,3365106.0,Africa,Sub-Saharan Africa,3.365106,2.6612371311404814,1960,Standard
"Somalia, Fed. Rep.",SOM,1967,3454537.0,Africa,Sub-Saharan Africa,3.454537,2.6575983044813345,1960,Standard
"Somalia, Fed. Rep.",SOM,1968,3546590.0,Africa,Sub-Saharan Africa,3.54659,2.6646986267624184,1960,Standard
"Somalia, Fed. Rep.",SOM,1969,3641015.0,Africa,Sub-Saharan Africa,3.641015,2.6624165747943795,1960,Standard
"Somalia, Fed. Rep.",SOM,1970,3738448.0,Africa,Sub-Saharan Africa,3.738448,2.6759845812225347,1970,Standard
"Somalia, Fed. Rep.",SOM,1971,3837691.0,Africa,Sub-Saharan Africa,3.837691,2.654657761723578,1970,Standard
"Somalia, Fed. Rep.",SOM,1972,3939436.0,Africa,Sub-Saharan Africa,3.939436,2.6512035492174846,1970,Standard
"Somalia, Fed. Rep.",SOM,1973,4045592.0,Africa,Sub-Saharan Africa,4.045592,2.6947004596597157,1970,Standard
"Somalia, Fed. Rep.",SOM,1974,4151842.0,Africa,Sub-Saharan Africa,4.151842,2.6263152586815552,1970,Standard
"Somalia, Fed. Rep.",SOM,1975,4257535.0,Africa,Sub-Saharan Africa,4.257535,2.54568935908448,1970,Standard
"Somalia, Fed. Rep.",SOM,1976,4365812.0,Africa,Sub-Saharan Africa,4.365812,2.5431851998867883,1970,Standard
"Somalia, Fed. Rep.",SOM,1977,4484050.0,Africa,Sub-Saharan Africa,4.48405,2.708270534782531,1970,Standard
"Somalia, Fed. Rep.",SOM,1978,4814892.0,Africa,Sub-Saharan Africa,4.814892,7.3781960504454736,1970,Standard
"Somalia, Fed. Rep.",SOM,1979,5449117.0,Africa,Sub-Saharan Africa,5.449117,13.17215422485074,1970,Standard
"Somalia, Fed. Rep.",SOM,1980,5936154.0,Africa,Sub-Saharan Africa,5.936154,8.937906820499531,1980,Standard
"Somalia, Fed. Rep.",SOM,1981,5982849.0,Africa,Sub-Saharan Africa,5.982849,0.7866204279740829,1980,Standard
"Somalia, Fed. Rep.",SOM,1982,6003840.0,Africa,Sub-Saharan Africa,6.00384,0.35085291305196886,1980,Standard
"Somalia, Fed. Rep.",SOM,1983,6198430.0,Africa,Sub-Saharan Africa,6.19843,3.2410923675514347,1980,Standard
"Somalia, Fed. Rep.",SOM,1984,6428389.0,Africa,Sub-Saharan Africa,6.428389,3.7099555855273136,1980,Standard
"Somalia, Fed. Rep.",SOM,1985,6693289.0,Africa,Sub-Saharan Africa,6.693289,4.120783605348088,1980,Standard
"Somalia, Fed. Rep.",SOM,1986,6974788.0,Africa,Sub-Saharan Africa,6.974788,4.205690207011825,1980,Standard
"Somalia, Fed. Rep.",SOM,1987,7228302.0,Africa,Sub-Saharan Africa,7.228302,3.634719793633878,1980,Standard
"Somalia, Fed. Rep.",SOM,1988,7235360.0,Africa,Sub-Saharan Africa,7.23536,0.0976439556620523,1980,Standard
"Somalia, Fed. Rep.",SOM,1989,7114817.0,Africa,Sub-Saharan Africa,7.114817,-1.666026293093914,1980,Standard
"Somalia, Fed. Rep.",SOM,1990,7082811.0,Africa,Sub-Saharan Africa,7.082811,-0.4498499399211542,1990,Standard
"Somalia, Fed. Rep.",SOM,1991,6813760.0,Africa,Sub-Saharan Africa,6.81376,-3.7986471755352524,1990,Standard
"Somalia, Fed. Rep.",SOM,1992,6495107.0,Africa,Sub-Saharan Africa,6.495107,-4.676610270981074,1990,Standard
"Somalia, Fed. Rep.",SOM,1993,6681399.0,Africa,Sub-Saharan Africa,6.681399,2.868189854301084,1990,Standard
"Somalia, Fed. Rep.",SOM,1994,7026797.0,Africa,Sub-Saharan Africa,7.026797,5.169546078598208,1990,Standard
"Somalia, Fed. Rep.",SOM,1995,7285007.0,Africa,Sub-Saharan Africa,7.285007,3.6746472112400674,1990,Standard
"Somalia, Fed. Rep.",SOM,1996,7554474.0,Africa,Sub-Saharan Africa,7.554474,3.6989257525764874,1990,Standard
"Somalia, Fed. Rep.",SOM,1997,7824525.0,Africa,Sub-Saharan Africa,7.824525,3.574716121863686,1990,Standard
"Somalia, Fed. Rep.",SOM,1998,8155417.0,Africa,Sub-Saharan Africa,8.155417,4.228908464092074,1990,Standard
"Somalia, Fed. Rep.",SOM,1999,8492059.0,Africa,Sub-Saharan Africa,8.492059,4.127833070951481,1990,Standard
"Somalia, Fed. Rep.",SOM,2000,8838713.0,Africa,Sub-Saharan Africa,8.838713,4.082095991090018,2000,Standard
"Somalia, Fed. Rep.",SOM,2001,9198493.0,Africa,Sub-Saharan Africa,9.198493,4.070502119482788,2000,Standard
"Somalia, Fed. Rep.",SOM,2002,9550063.0,Africa,Sub-Saharan Africa,9.550063,3.82203911010206,2000,Standard
"Somalia, Fed. Rep.",SOM,2003,9909157.0,Africa,Sub-Saharan Africa,9.909157,3.7601217918667107,2000,Standard
"Somalia, Fed. Rep.",SOM,2004,10280998.0,Africa,Sub-Saharan Africa,10.280998,3.7524988250766445,2000,Standard
"Somalia, Fed. Rep.",SOM,2005,10644228.0,Africa,Sub-Saharan Africa,10.644228,3.533022766855898,2000,Standard
"Somalia, Fed. Rep.",SOM,2006,10975502.0,Africa,Sub-Saharan Africa,10.975502,3.112240737421268,2000,Standard
"Somalia, Fed. Rep.",SOM,2007,11322582.0,Africa,Sub-Saharan Africa,11.322582,3.1623154913551943,2000,Standard
"Somalia, Fed. Rep.",SOM,2008,11663084.0,Africa,Sub-Saharan Africa,11.663084,3.0072822612368766,2000,Standard
"Somalia, Fed. Rep.",SOM,2009,11961201.0,Africa,Sub-Saharan Africa,11.961201,2.5560735050866423,2000,Standard
"Somalia, Fed. Rep.",SOM,2010,12261756.0,Africa,Sub-Saharan Africa,12.261756,2.5127493468256157,2010,Standard
"Somalia, Fed. Rep.",SOM,2011,12348830.0,Africa,Sub-Saharan Africa,12.34883,0.7101266735368039,2010,Standard
"Somalia, Fed. Rep.",SOM,2012,12461160.0,Africa,Sub-Saharan Africa,12.46116,0.9096408323703509,2010,Standard
"Somalia, Fed. Rep.",SOM,2013,12869594.0,Africa,Sub-Saharan Africa,12.869594,3.2776563337602704,2010,Standard
"Somalia, Fed. Rep.",SOM,2014,13339491.0,Africa,Sub-Saharan Africa,13.339491,3.651218523288313,2010,Standard
"Somalia, Fed. Rep.",SOM,2015,13806963.0,Africa,Sub-Saharan Africa,13.806963,3.5044215705082093,2010,Standard
"Somalia, Fed. Rep.",SOM,2016,14348740.0,Africa,Sub-Saharan Africa,14.34874,3.9239404060110727,2010,Standard
"Somalia, Fed. Rep.",SOM,2017,14916629.0,Africa,Sub-Saharan Africa,14.916629,3.957762144968835,2010,Standard
"Somalia, Fed. Rep.",SOM,2018,15452487.0,Africa,Sub-Saharan Africa,15.452487,3.592353205271781,2010,Standard
"Somalia, Fed. Rep.",SOM,2019,16030971.0,Africa,Sub-Saharan Africa,16.030971,3.74363039425305,2010,Standard
"Somalia, Fed. Rep.",SOM,2020,16651191.0,Africa,Sub-Saharan Africa,16.651191,3.868886045642528,2020,Standard
"Somalia, Fed. Rep.",SOM,2021,17271431.0,Africa,Sub-Saharan Africa,17.271431,3.7248987174551162,2020,Standard
"Somalia, Fed. Rep.",SOM,2022,17801897.0,Africa,Sub-Saharan Africa,17.801897,3.0713494440616884,2020,Standard
"Somalia, Fed. Rep.",SOM,2023,18358615.0,Africa,Sub-Saharan Africa,18.358615,3.127295928068796,2020,Standard
"Somalia, Fed. Rep.",SOM,2024,19009151.0,Africa,Sub-Saharan Africa,19.009151,3.5434917067545646,2020,Standard
South Africa,ZAF,1960,16440172.0,Africa,Southern Africa,16.440172,,1960,Standard
South Africa,ZAF,1961,16908035.0,Africa,Southern Africa,16.908035,2.845852221010836,1960,Standard
South Africa,ZAF,1962,17418522.0,Africa,Southern Africa,17.418522,3.0191976773173312,1960,Standard
South Africa,ZAF,1963,17954564.0,Africa,Southern Africa,17.954564,3.0774252832703075,1960,Standard
South Africa,ZAF,1964,18511361.0,Africa,Southern Africa,18.511361,3.1011446448936386,1960,Standard
South Africa,ZAF,1965,19089380.0,Africa,Southern Africa,19.08938,3.1225094686446964,1960,Standard
South Africa,ZAF,1966,19690087.0,Africa,Southern Africa,19.690087,3.1468125208885755,1960,Standard
South Africa,ZAF,1967,20314066.0,Africa,Southern Africa,20.314066,3.169000726101423,1960,Standard
South Africa,ZAF,1968,20957287.0,Africa,Southern Africa,20.957287,3.166382348073493,1960,Standard
South Africa,ZAF,1969,21614676.0,Africa,Southern Africa,21.614676,3.1368039193240937,1960,Standard
South Africa,ZAF,1970,22279984.0,Africa,Southern Africa,22.279984,3.078038273624828,1970,Standard
South Africa,ZAF,1971,22942143.0,Africa,Southern Africa,22.942143,2.971990464625107,1970,Standard
South Africa,ZAF,1972,23609456.0,Africa,Southern Africa,23.609456,2.9086777115808315,1970,Standard
South Africa,ZAF,1973,24294263.0,Africa,Southern Africa,24.294263,2.900562384834271,1970,Standard
South Africa,ZAF,1974,24989108.0,Africa,Southern Africa,24.989108,2.8601196916325566,1970,Standard
South Africa,ZAF,1975,25690940.0,Africa,Southern Africa,25.69094,2.80855162977407,1970,Standard
South Africa,ZAF,1976,26395450.0,Africa,Southern Africa,26.39545,2.7422507701158505,1970,Standard
South Africa,ZAF,1977,27118952.0,Africa,Southern Africa,27.118952,2.741010287757928,1970,Standard
South Africa,ZAF,1978,27869507.0,Africa,Southern Africa,27.869507,2.767640135946259,1970,Standard
South Africa,ZAF,1979,28634162.0,Africa,Southern Africa,28.634162,2.7436976190500895,1970,Standard
South Africa,ZAF,1980,29518857.0,Africa,Southern Africa,29.518857,3.0896486511461374,1980,Standard
South Africa,ZAF,1981,30541044.0,Africa,Southern Africa,30.541044,3.4628271684096656,1980,Large Population
South Africa,ZAF,1982,31615339.0,Africa,Southern Africa,31.615339,3.5175451107696265,1980,Large Population
South Africa,ZAF,1983,32739304.0,Africa,Southern Africa,32.739304,3.5551255673709425,1980,Large Population
South Africa,ZAF,1984,33892788.0,Africa,Southern Africa,33.892788,3.5232392234117116,1980,Large Population
South Africa,ZAF,1985,35042093.0,Africa,Southern Africa,35.042093,3.3910016490823924,1980,Large Population
South Africa,ZAF,1986,36180515.0,Africa,Southern Africa,36.180515,3.248727180765143,1980,Large Population
South Africa,ZAF,1987,37326190.0,Africa,Southern Africa,37.32619,3.1665524937939615,1980,Large Population
South Africa,ZAF,1988,38480649.0,Africa,Southern Africa,38.480649,3.0928926847342275,1980,Large Population
South Africa,ZAF,1989,39628575.0,Africa,Southern Africa,39.628575,2.983125362568595,1980,Large Population
South Africa,ZAF,1990,40746268.0,Africa,Southern Africa,40.746268,2.820421879918711,1990,Large Population
South Africa,ZAF,1991,41687898.0,Africa,Southern Africa,41.687898,2.3109601105063104,1990,Large Population
South Africa,ZAF,1992,42443509.0,Africa,Southern Africa,42.443509,1.8125428151834377,1990,Large Population
South Africa,ZAF,1993,43297156.0,Africa,Southern Africa,43.297156,2.01125453599984,1990,Large Population
South Africa,ZAF,1994,44004139.0,Africa,Southern Africa,44.004139,1.6328624448220141,1990,Large Population
South Africa,ZAF,1995,44541554.0,Africa,Southern Africa,44.541554,1.2212828434161604,1990,Large Population
South Africa,ZAF,1996,45123018.0,Africa,Southern Africa,45.123018,1.3054416556728121,1990,Large Population
South Africa,ZAF,1997,45666838.0,Africa,Southern Africa,45.666838,1.20519420930576,1990,Large Population
South Africa,ZAF,1998,46223880.0,Africa,Southern Africa,46.22388,1.2197954235412478,1990,Large Population
South Africa,ZAF,1999,46730335.0,Africa,Southern Africa,46.730335,1.0956566173155435,1990,Large Population
South Africa,ZAF,2000,47159719.0,Africa,Southern Africa,47.159719,0.9188549579197236,2000,Large Population
South Africa,ZAF,2001,47566800.0,Africa,Southern Africa,47.5668,0.8631964070863196,2000,Large Population
South Africa,ZAF,2002,48019415.0,Africa,Southern Africa,48.019415,0.9515355247777801,2000,Large Population
South Africa,ZAF,2003,48500348.0,Africa,Southern Africa,48.500348,1.0015386484820699,2000,Large Population
South Africa,ZAF,2004,48991421.0,Africa,Southern Africa,48.991421,1.012514384432861,2000,Large Population
South Africa,ZAF,2005,49490033.0,Africa,Southern Africa,49.490033,1.0177537001835546,2000,Large Population
South Africa,ZAF,2006,49998277.0,Africa,Southern Africa,49.998277,1.0269623380529946,2000,Large Population
South Africa,ZAF,2007,50528584.0,Africa,Southern Africa,50.528584,1.0606505500179608,2000,Large Population
South Africa,ZAF,2008,51114599.0,Africa,Southern Africa,51.114599,1.1597692901902823,2000,Large Population
South Africa,ZAF,2009,51728516.0,Africa,Southern Africa,51.728516,1.201059994621101,2000,Large Population
South Africa,ZAF,2010,52344051.0,Africa,Southern Africa,52.344051,1.1899336141790728,2010,Large Population
South Africa,ZAF,2011,52995205.0,Africa,Southern Africa,52.995205,1.2439885480013846,2010,Large Population
South Africa,ZAF,2012,53782567.0,Africa,Southern Africa,53.782567,1.4857230951366152,2010,Large Population
South Africa,ZAF,2013,54678791.0,Africa,Southern Africa,54.678791,1.6663838302846345,2010,Large Population
South Africa,ZAF,2014,55594838.0,Africa,Southern Africa,55.594838,1.6753241672808672,2010,Large Population
South Africa,ZAF,2015,56723537.0,Africa,Southern Africa,56.723537,2.030222662039227,2010,Large Population
South Africa,ZAF,2016,57259551.0,Africa,Southern Africa,57.259551,0.9449587038269591,2010,Large Population
South Africa,ZAF,2017,57635162.0,Africa,Southern Africa,57.635162,0.6559796460855916,2010,Large Population
South Africa,ZAF,2018,58613001.0,Africa,Southern Africa,58.613001,1.6966014600600987,2010,Large Population
South Africa,ZAF,2019,59587885.0,Africa,Southern Africa,59.587885,1.6632555633860235,2010,Large Population
South Africa,ZAF,2020,60562381.0,Africa,Southern Africa,60.562381,1.6353928319489786,2020,Large Population
South Africa,ZAF,2021,61502603.0,Africa,Southern Africa,61.502603,1.5524851970400544,2020,Large Population
South Africa,ZAF,2022,62378410.0,Africa,Southern Africa,62.37841,1.424016150991192,2020,Large Population
South Africa,ZAF,2023,63212384.0,Africa,Southern Africa,63.212384,1.336959374245028,2020,Large Population
South Africa,ZAF,2024,64007187.0,Africa,Southern Africa,64.007187,1.2573533059597963,2020,Large Population
South Sudan,SSD,1960,2931559.0,Africa,Sub-Saharan Africa,2.931559,,1960,Standard
South Sudan,SSD,1961,2976724.0,Africa,Sub-Saharan Africa,2.976724,1.5406478259520018,1960,Standard
South Sudan,SSD,1962,3024308.0,Africa,Sub-Saharan Africa,3.024308,1.5985358400711691,1960,Standard
South Sudan,SSD,1963,3072669.0,Africa,Sub-Saharan Africa,3.072669,1.599076549081646,1960,Standard
South Sudan,SSD,1964,3129918.0,Africa,Sub-Saharan Africa,3.129918,1.8631684701476248,1960,Standard
South Sudan,SSD,1965,3189835.0,Africa,Sub-Saharan Africa,3.189835,1.9143313019702068,1960,Standard
South Sudan,SSD,1966,3236423.0,Africa,Sub-Saharan Africa,3.236423,1.4605144153224225,1960,Standard
South Sudan,SSD,1967,3277648.0,Africa,Sub-Saharan Africa,3.277648,1.2737828151635266,1960,Standard
South Sudan,SSD,1968,3321528.0,Africa,Sub-Saharan Africa,3.321528,1.3387648704192845,1960,Standard
South Sudan,SSD,1969,3365533.0,Africa,Sub-Saharan Africa,3.365533,1.324842060641962,1960,Standard
South Sudan,SSD,1970,3409614.0,Africa,Sub-Saharan Africa,3.409614,1.309777678602475,1970,Standard
South Sudan,SSD,1971,3468646.0,Africa,Sub-Saharan Africa,3.468646,1.7313396765733513,1970,Standard
South Sudan,SSD,1972,3542497.0,Africa,Sub-Saharan Africa,3.542497,2.129101672525824,1970,Standard
South Sudan,SSD,1973,3627383.0,Africa,Sub-Saharan Africa,3.627383,2.396219389882326,1970,Standard
South Sudan,SSD,1974,3723259.0,Africa,Sub-Saharan Africa,3.723259,2.643117641561421,1970,Standard
South Sudan,SSD,1975,3821494.0,Africa,Sub-Saharan Africa,3.821494,2.638414356884655,1970,Standard
South Sudan,SSD,1976,3921910.0,Africa,Sub-Saharan Africa,3.92191,2.6276634216879646,1970,Standard
South Sudan,SSD,1977,4024032.0,Africa,Sub-Saharan Africa,4.024032,2.603884331868911,1970,Standard
South Sudan,SSD,1978,4127657.0,Africa,Sub-Saharan Africa,4.127657,2.575153477904757,1970,Standard
South Sudan,SSD,1979,4232605.0,Africa,Sub-Saharan Africa,4.232605,2.5425562249964173,1970,Standard
South Sudan,SSD,1980,4339030.0,Africa,Sub-Saharan Africa,4.33903,2.5144089750874565,1980,Standard
South Sudan,SSD,1981,4447272.0,Africa,Sub-Saharan Africa,4.447272,2.4946128512593813,1980,Standard
South Sudan,SSD,1982,4557686.0,Africa,Sub-Saharan Africa,4.557686,2.482735483685272,1980,Standard
South Sudan,SSD,1983,4661574.0,Africa,Sub-Saharan Africa,4.661574,2.2794023107340022,1980,Standard
South Sudan,SSD,1984,4750627.0,Africa,Sub-Saharan Africa,4.750627,1.9103633236327466,1980,Standard
South Sudan,SSD,1985,4834296.0,Africa,Sub-Saharan Africa,4.834296,1.7612201505190717,1980,Standard
South Sudan,SSD,1986,4921240.0,Africa,Sub-Saharan Africa,4.92124,1.798483171076004,1980,Standard
South Sudan,SSD,1987,4962395.0,Africa,Sub-Saharan Africa,4.962395,0.8362729718526252,1980,Standard
South Sudan,SSD,1988,4848029.0,Africa,Sub-Saharan Africa,4.848029,-2.304653297450121,1980,Standard
South Sudan,SSD,1989,4713229.0,Africa,Sub-Saharan Africa,4.713229,-2.780511420208087,1980,Standard
South Sudan,SSD,1990,4737633.0,Africa,Sub-Saharan Africa,4.737633,0.5177766664849148,1990,Standard
South Sudan,SSD,1991,4836677.0,Africa,Sub-Saharan Africa,4.836677,2.090579831742989,1990,Standard
South Sudan,SSD,1992,4909749.0,Africa,Sub-Saharan Africa,4.909749,1.5107893291199659,1990,Standard
South Sudan,SSD,1993,4956002.0,Africa,Sub-Saharan Africa,4.956002,0.9420644517672994,1990,Standard
South Sudan,SSD,1994,5071184.0,Africa,Sub-Saharan Africa,5.071184,2.3240910717953644,1990,Standard
South Sudan,SSD,1995,5225836.0,Africa,Sub-Saharan Africa,5.225836,3.0496231254870665,1990,Standard
South Sudan,SSD,1996,5356925.0,Africa,Sub-Saharan Africa,5.356925,2.5084790261309386,1990,Standard
South Sudan,SSD,1997,5509136.0,Africa,Sub-Saharan Africa,5.509136,2.8413875497603547,1990,Standard
South Sudan,SSD,1998,5620068.0,Africa,Sub-Saharan Africa,5.620068,2.013600680760108,1990,Standard
South Sudan,SSD,1999,5771628.0,Africa,Sub-Saharan Africa,5.771628,2.6967645231338766,1990,Standard
South Sudan,SSD,2000,6032267.0,Africa,Sub-Saharan Africa,6.032267,4.515866233929144,2000,Standard
South Sudan,SSD,2001,6308391.0,Africa,Sub-Saharan Africa,6.308391,4.577449903991315,2000,Standard
South Sudan,SSD,2002,6596806.0,Africa,Sub-Saharan Africa,6.596806,4.571926502336332,2000,Standard
South Sudan,SSD,2003,6903127.0,Africa,Sub-Saharan Africa,6.903127,4.643474432930117,2000,Standard
South Sudan,SSD,2004,7233041.0,Africa,Sub-Saharan Africa,7.233041,4.779196442423839,2000,Standard
South Sudan,SSD,2005,7590143.0,Africa,Sub-Saharan Africa,7.590143,4.937093540600701,2000,Standard
South Sudan,SSD,2006,7976526.0,Africa,Sub-Saharan Africa,7.976526,5.090589202337825,2000,Standard
South Sudan,SSD,2007,8388788.0,Africa,Sub-Saharan Africa,8.388788,5.168440496526938,2000,Standard
South Sudan,SSD,2008,8817647.0,Africa,Sub-Saharan Africa,8.817647,5.1122879729467385,2000,Standard
South Sudan,SSD,2009,9243556.0,Africa,Sub-Saharan Africa,9.243556,4.830188824751103,2000,Standard
South Sudan,SSD,2010,9745953.0,Africa,Sub-Saharan Africa,9.745953,5.435105277665864,2010,Standard
South Sudan,SSD,2011,10288109.0,Africa,Sub-Saharan Africa,10.288109,5.562883383492623,2010,Standard
South Sudan,SSD,2012,10756240.0,Africa,Sub-Saharan Africa,10.75624,4.55021423276134,2010,Standard
South Sudan,SSD,2013,11166275.0,Africa,Sub-Saharan Africa,11.166275,3.8120662982603637,2010,Standard
South Sudan,SSD,2014,11235073.0,Africa,Sub-Saharan Africa,11.235073,0.616123102825239,2010,Standard
South Sudan,SSD,2015,11107561.0,Africa,Sub-Saharan Africa,11.107561,-1.1349458966577242,2010,Standard
South Sudan,SSD,2016,10830102.0,Africa,Sub-Saharan Africa,10.830102,-2.497929113330999,2010,Standard
South Sudan,SSD,2017,10259154.0,Africa,Sub-Saharan Africa,10.259154,-5.271861705457626,2010,Standard
South Sudan,SSD,2018,10122977.0,Africa,Sub-Saharan Africa,10.122977,-1.3273706584383094,2010,Standard
South Sudan,SSD,2019,10423384.0,Africa,Sub-Saharan Africa,10.423384,2.9675756449905943,2010,Standard
South Sudan,SSD,2020,10698467.0,Africa,Sub-Saharan Africa,10.698467,2.639094942678888,2020,Standard
South Sudan,SSD,2021,10865780.0,Africa,Sub-Saharan Africa,10.86578,1.5638969583212203,2020,Standard
South Sudan,SSD,2022,11021177.0,Africa,Sub-Saharan Africa,11.021177,1.430150435587696,2020,Standard
South Sudan,SSD,2023,11483374.0,Africa,Sub-Saharan Africa,11.483374,4.1937172409081125,2020,Standard
South Sudan,SSD,2024,11943408.0,Africa,Sub-Saharan Africa,11.943408,4.0060874095017684,2020,Standard
Sudan,SDN,1960,8364489.0,Africa,Sub-Saharan Africa,8.364489,,1960,Standard
Sudan,SDN,1961,8634941.0,Africa,Sub-Saharan Africa,8.634941,3.233335592885589,1960,Standard
Sudan,SDN,1962,8919028.0,Africa,Sub-Saharan Africa,8.919028,3.289970365750028,1960,Standard
Sudan,SDN,1963,9218077.0,Africa,Sub-Saharan Africa,9.218077,3.352932628981553,1960,Standard
Sudan,SDN,1964,9531109.0,Africa,Sub-Saharan Africa,9.531109,3.395849264439854,1960,Standard
Sudan,SDN,1965,9858030.0,Africa,Sub-Saharan Africa,9.85803,3.4300415617951607,1960,Standard
Sudan,SDN,1966,10197578.0,Africa,Sub-Saharan Africa,10.197578,3.444379860884994,1960,Standard
Sudan,SDN,1967,10550597.0,Africa,Sub-Saharan Africa,10.550597,3.4617925942807215,1960,Standard
Sudan,SDN,1968,10917999.0,Africa,Sub-Saharan Africa,10.917999,3.482286357824105,1960,Standard
Sudan,SDN,1969,11298936.0,Africa,Sub-Saharan Africa,11.298936,3.4890734098803167,1960,Standard
Sudan,SDN,1970,11695771.0,Africa,Sub-Saharan Africa,11.695771,3.512144860365618,1970,Standard
Sudan,SDN,1971,12105539.0,Africa,Sub-Saharan Africa,12.105539,3.5035569694379376,1970,Standard
Sudan,SDN,1972,12527856.0,Africa,Sub-Saharan Africa,12.527856,3.488626157001362,1970,Standard
Sudan,SDN,1973,13049315.0,Africa,Sub-Saharan Africa,13.049315,4.162396183353323,1970,Standard
Sudan,SDN,1974,13580723.0,Africa,Sub-Saharan Africa,13.580723,4.072305711066049,1970,Standard
Sudan,SDN,1975,14064798.0,Africa,Sub-Saharan Africa,14.064798,3.564427313626828,1970,Standard
Sudan,SDN,1976,14569716.0,Africa,Sub-Saharan Africa,14.569716,3.589941355716597,1970,Standard
Sudan,SDN,1977,15086614.0,Africa,Sub-Saharan Africa,15.086614,3.547756181383366,1970,Standard
Sudan,SDN,1978,15695003.0,Africa,Sub-Saharan Africa,15.695003,4.032641121460379,1970,Standard
Sudan,SDN,1979,16355352.0,Africa,Sub-Saharan Africa,16.355352,4.207383713147417,1970,Standard
Sudan,SDN,1980,17058905.0,Africa,Sub-Saharan Africa,17.058905,4.301668346850618,1980,Standard
Sudan,SDN,1981,17780572.0,Africa,Sub-Saharan Africa,17.780572,4.230441520132744,1980,Standard
Sudan,SDN,1982,18486645.0,Africa,Sub-Saharan Africa,18.486645,3.9710364773416718,1980,Standard
Sudan,SDN,1983,19109770.0,Africa,Sub-Saharan Africa,19.10977,3.3706765072840428,1980,Standard
Sudan,SDN,1984,19546528.0,Africa,Sub-Saharan Africa,19.546528,2.2855220130854503,1980,Standard
Sudan,SDN,1985,19905872.0,Africa,Sub-Saharan Africa,19.905872,1.8384032192315658,1980,Standard
Sudan,SDN,1986,20288238.0,Africa,Sub-Saharan Africa,20.288238,1.920870384377027,1980,Standard
Sudan,SDN,1987,20704904.0,Africa,Sub-Saharan Africa,20.704904,2.0537318223494916,1980,Standard
Sudan,SDN,1988,21138431.0,Africa,Sub-Saharan Africa,21.138431,2.093837286084499,1980,Standard
Sudan,SDN,1989,21578022.0,Africa,Sub-Saharan Africa,21.578022,2.07958197086624,1980,Standard
Sudan,SDN,1990,22021481.0,Africa,Sub-Saharan Africa,22.021481,2.055142032944457,1990,Standard
Sudan,SDN,1991,22470676.0,Africa,Sub-Saharan Africa,22.470676,2.0398037715992023,1990,Standard
Sudan,SDN,1992,22927355.0,Africa,Sub-Saharan Africa,22.927355,2.0323331616725726,1990,Standard
Sudan,SDN,1993,23445592.0,Africa,Sub-Saharan Africa,23.445592,2.2603435939296146,1990,Standard
Sudan,SDN,1994,24043948.0,Africa,Sub-Saharan Africa,24.043948,2.5521044638156187,1990,Standard
Sudan,SDN,1995,24672143.0,Africa,Sub-Saharan Africa,24.672143,2.612694886879652,1990,Standard
Sudan,SDN,1996,25231528.0,Africa,Sub-Saharan Africa,25.231528,2.267273661635305,1990,Standard
Sudan,SDN,1997,25799821.0,Africa,Sub-Saharan Africa,25.799821,2.252313058487787,1990,Standard
Sudan,SDN,1998,26458999.0,Africa,Sub-Saharan Africa,26.458999,2.5549712147227677,1990,Standard
Sudan,SDN,1999,27130613.0,Africa,Sub-Saharan Africa,27.130613,2.5383197603204843,1990,Standard
Sudan,SDN,2000,27816745.0,Africa,Sub-Saharan Africa,27.816745,2.5289955667422648,2000,Standard
Sudan,SDN,2001,28516770.0,Africa,Sub-Saharan Africa,28.51677,2.5165597196940226,2000,Standard
Sudan,SDN,2002,29228727.0,Africa,Sub-Saharan Africa,29.228727,2.4966256697374956,2000,Standard
Sudan,SDN,2003,29896035.0,Africa,Sub-Saharan Africa,29.896035,2.283055296934422,2000,Standard
Sudan,SDN,2004,30556637.0,Africa,Sub-Saharan Africa,30.556637,2.209664258153299,2000,Large Population
Sudan,SDN,2005,31262444.0,Africa,Sub-Saharan Africa,31.262444,2.3098320669254324,2000,Large Population
Sudan,SDN,2006,31992435.0,Africa,Sub-Saharan Africa,31.992435,2.3350413678469906,2000,Large Population
Sudan,SDN,2007,32764135.0,Africa,Sub-Saharan Africa,32.764135,2.4121327432563344,2000,Large Population
Sudan,SDN,2008,33623980.0,Africa,Sub-Saharan Africa,33.62398,2.6243482393171647,2000,Large Population
Sudan,SDN,2009,34569113.0,Africa,Sub-Saharan Africa,34.569113,2.8108897281047707,2000,Large Population
Sudan,SDN,2010,35414399.0,Africa,Sub-Saharan Africa,35.414399,2.4452059270366533,2010,Large Population
Sudan,SDN,2011,36140806.0,Africa,Sub-Saharan Africa,36.140806,2.051162861750111,2010,Large Population
Sudan,SDN,2012,36923178.0,Africa,Sub-Saharan Africa,36.923178,2.1647884665328077,2010,Large Population
Sudan,SDN,2013,37785849.0,Africa,Sub-Saharan Africa,37.785849,2.3363942291207973,2010,Large Population
Sudan,SDN,2014,38823318.0,Africa,Sub-Saharan Africa,38.823318,2.7456548614270826,2010,Large Population
Sudan,SDN,2015,40024431.0,Africa,Sub-Saharan Africa,40.024431,3.0937927561987433,2010,Large Population
Sudan,SDN,2016,41259892.0,Africa,Sub-Saharan Africa,41.259892,3.0867671797757623,2010,Large Population
Sudan,SDN,2017,42714306.0,Africa,Sub-Saharan Africa,42.714306,3.5250068032170345,2010,Large Population
Sudan,SDN,2018,44230596.0,Africa,Sub-Saharan Africa,44.230596,3.549841123486819,2010,Large Population
Sudan,SDN,2019,45548175.0,Africa,Sub-Saharan Africa,45.548175,2.9788859277410706,2010,Large Population
Sudan,SDN,2020,46789231.0,Africa,Sub-Saharan Africa,46.789231,2.724710704655009,2020,Large Population
Sudan,SDN,2021,48066924.0,Africa,Sub-Saharan Africa,48.066924,2.730741610179477,2020,Large Population
Sudan,SDN,2022,49383346.0,Africa,Sub-Saharan Africa,49.383346,2.7387273627078823,2020,Large Population
Sudan,SDN,2023,50042791.0,Africa,Sub-Saharan Africa,50.042791,1.3353590904917612,2020,Large Population
Sudan,SDN,2024,50448963.0,Africa,Sub-Saharan Africa,50.448963,0.8116493742325481,2020,Large Population
Tanzania,TZA,1960,9901419.0,Africa,Sub-Saharan Africa,9.901419,,1960,Standard
Tanzania,TZA,1961,10187886.0,Africa,Sub-Saharan Africa,10.187886,2.893191369843051,1960,Standard
Tanzania,TZA,1962,10487756.0,Africa,Sub-Saharan Africa,10.487756,2.9433976783799887,1960,Standard
Tanzania,TZA,1963,10799528.0,Africa,Sub-Saharan Africa,10.799528,2.972723621716611,1960,Standard
Tanzania,TZA,1964,11127826.0,Africa,Sub-Saharan Africa,11.127826,3.039929152459253,1960,Standard
Tanzania,TZA,1965,11470728.0,Africa,Sub-Saharan Africa,11.470728,3.0814824027622256,1960,Standard
Tanzania,TZA,1966,11827459.0,Africa,Sub-Saharan Africa,11.827459,3.1099246708665707,1960,Standard
Tanzania,TZA,1967,12200109.0,Africa,Sub-Saharan Africa,12.200109,3.150719017499881,1960,Standard
Tanzania,TZA,1968,12602076.0,Africa,Sub-Saharan Africa,12.602076,3.294782038422772,1960,Standard
Tanzania,TZA,1969,13036700.0,Africa,Sub-Saharan Africa,13.0367,3.448828589829178,1960,Standard
Tanzania,TZA,1970,13492677.0,Africa,Sub-Saharan Africa,13.492677,3.4976412742488527,1970,Standard
Tanzania,TZA,1971,13971451.0,Africa,Sub-Saharan Africa,13.971451,3.548398883335002,1970,Standard
Tanzania,TZA,1972,14479308.0,Africa,Sub-Saharan Africa,14.479308,3.634962467391545,1970,Standard
Tanzania,TZA,1973,15010101.0,Africa,Sub-Saharan Africa,15.010101,3.6658727060713048,1970,Standard
Tanzania,TZA,1974,15561630.0,Africa,Sub-Saharan Africa,15.56163,3.674385668690694,1970,Standard
Tanzania,TZA,1975,16138361.0,Africa,Sub-Saharan Africa,16.138361,3.706109192931595,1970,Standard
Tanzania,TZA,1976,16736211.0,Africa,Sub-Saharan Africa,16.736211,3.704527368051802,1970,Standard
Tanzania,TZA,1977,17352929.0,Africa,Sub-Saharan Africa,17.352929,3.6849320315093914,1970,Standard
Tanzania,TZA,1978,17976566.0,Africa,Sub-Saharan Africa,17.976566,3.593842860764318,1970,Standard
Tanzania,TZA,1979,18592038.0,Africa,Sub-Saharan Africa,18.592038,3.4237462260589657,1970,Standard
Tanzania,TZA,1980,19189769.0,Africa,Sub-Saharan Africa,19.189769,3.2149837473438803,1980,Standard
Tanzania,TZA,1981,19784703.0,Africa,Sub-Saharan Africa,19.784703,3.100266605606361,1980,Standard
Tanzania,TZA,1982,20398571.0,Africa,Sub-Saharan Africa,20.398571,3.102740536463955,1980,Standard
Tanzania,TZA,1983,21079874.0,Africa,Sub-Saharan Africa,21.079874,3.33995454877698,1980,Standard
Tanzania,TZA,1984,21779066.0,Africa,Sub-Saharan Africa,21.779066,3.3168699205697427,1980,Standard
Tanzania,TZA,1985,22501693.0,Africa,Sub-Saharan Africa,22.501693,3.3179889348790237,1980,Standard
Tanzania,TZA,1986,23258959.0,Africa,Sub-Saharan Africa,23.258959,3.365373441011754,1980,Standard
Tanzania,TZA,1987,24030378.0,Africa,Sub-Saharan Africa,24.030378,3.316653165775829,1980,Standard
Tanzania,TZA,1988,24769686.0,Africa,Sub-Saharan Africa,24.769686,3.076555849433582,1980,Standard
Tanzania,TZA,1989,25438759.0,Africa,Sub-Saharan Africa,25.438759,2.701176752906753,1980,Standard
Tanzania,TZA,1990,26110207.0,Africa,Sub-Saharan Africa,26.110207,2.6394683797271723,1990,Standard
Tanzania,TZA,1991,26780436.0,Africa,Sub-Saharan Africa,26.780436,2.566923349171457,1990,Standard
Tanzania,TZA,1992,27457588.0,Africa,Sub-Saharan Africa,27.457588,2.528532395813121,1990,Standard
Tanzania,TZA,1993,28332692.0,Africa,Sub-Saharan Africa,28.332692,3.1871117011443184,1990,Standard
Tanzania,TZA,1994,29442356.0,Africa,Sub-Saharan Africa,29.442356,3.916549828727889,1990,Standard
Tanzania,TZA,1995,30383497.0,Africa,Sub-Saharan Africa,30.383497,3.1965546507215725,1990,Large Population
Tanzania,TZA,1996,30945762.0,Africa,Sub-Saharan Africa,30.945762,1.8505605197453034,1990,Large Population
Tanzania,TZA,1997,31578089.0,Africa,Sub-Saharan Africa,31.578089,2.0433395694053447,1990,Large Population
Tanzania,TZA,1998,32420458.0,Africa,Sub-Saharan Africa,32.420458,2.6675743424499077,1990,Large Population
Tanzania,TZA,1999,33300330.0,Africa,Sub-Saharan Africa,33.30033,2.7139406852302983,1990,Large Population
Tanzania,TZA,2000,34260139.0,Africa,Sub-Saharan Africa,34.260139,2.8822807461667876,2000,Large Population
Tanzania,TZA,2001,35198299.0,Africa,Sub-Saharan Africa,35.198299,2.738342655293957,2000,Large Population
Tanzania,TZA,2002,36121304.0,Africa,Sub-Saharan Africa,36.121304,2.6223000151228915,2000,Large Population
Tanzania,TZA,2003,37089555.0,Africa,Sub-Saharan Africa,37.089555,2.680553836040911,2000,Large Population
Tanzania,TZA,2004,38109668.0,Africa,Sub-Saharan Africa,38.109668,2.750405066871253,2000,Large Population
Tanzania,TZA,2005,39182076.0,Africa,Sub-Saharan Africa,39.182076,2.8140050970792974,2000,Large Population
Tanzania,TZA,2006,40294902.0,Africa,Sub-Saharan Africa,40.294902,2.840140476477049,2000,Large Population
Tanzania,TZA,2007,41435512.0,Africa,Sub-Saharan Africa,41.435512,2.8306558482261712,2000,Large Population
Tanzania,TZA,2008,42570728.0,Africa,Sub-Saharan Africa,42.570728,2.7397175640064386,2000,Large Population
Tanzania,TZA,2009,43633982.0,Africa,Sub-Saharan Africa,43.633982,2.4976176118012283,2000,Large Population
Tanzania,TZA,2010,44758488.0,Africa,Sub-Saharan Africa,44.758488,2.577133574469559,2010,Large Population
Tanzania,TZA,2011,46029367.0,Africa,Sub-Saharan Africa,46.029367,2.8394145039037033,2010,Large Population
Tanzania,TZA,2012,47374260.0,Africa,Sub-Saharan Africa,47.37426,2.921815109905812,2010,Large Population
Tanzania,TZA,2013,48824128.0,Africa,Sub-Saharan Africa,48.824128,3.060455192334399,2010,Large Population
Tanzania,TZA,2014,50351512.0,Africa,Sub-Saharan Africa,50.351512,3.1283385132858887,2010,Large Population
Tanzania,TZA,2015,52020962.0,Africa,Sub-Saharan Africa,52.020962,3.3155906023239146,2010,Large Population
Tanzania,TZA,2016,53824013.0,Africa,Sub-Saharan Africa,53.824013,3.466008567853862,2010,Large Population
Tanzania,TZA,2017,55652890.0,Africa,Sub-Saharan Africa,55.65289,3.3978830229548285,2010,Large Population
Tanzania,TZA,2018,57437145.0,Africa,Sub-Saharan Africa,57.437145,3.206041950382099,2010,Large Population
Tanzania,TZA,2019,59174891.0,Africa,Sub-Saharan Africa,59.174891,3.025474194443345,2010,Large Population
Tanzania,TZA,2020,60972798.0,Africa,Sub-Saharan Africa,60.972798,3.0382937249516795,2020,Large Population
Tanzania,TZA,2021,62830412.0,Africa,Sub-Saharan Africa,62.830412,3.046627448522199,2020,Large Population
Tanzania,TZA,2022,64711821.0,Africa,Sub-Saharan Africa,64.711821,2.9944241015003925,2020,Large Population
Tanzania,TZA,2023,66617606.0,Africa,Sub-Saharan Africa,66.617606,2.9450337983843777,2020,Large Population
Tanzania,TZA,2024,68560157.0,Africa,Sub-Saharan Africa,68.560157,2.915972393243904,2020,Large Population
Togo,TGO,1960,1673110.0,Africa,Sub-Saharan Africa,1.67311,,1960,Standard
Togo,TGO,1961,1702717.0,Africa,Sub-Saharan Africa,1.702717,1.7695788083269992,1960,Standard
Togo,TGO,1962,1732959.0,Africa,Sub-Saharan Africa,1.732959,1.7761025466944913,1960,Standard
Togo,TGO,1963,1765072.0,Africa,Sub-Saharan Africa,1.765072,1.8530732694772345,1960,Standard
Togo,TGO,1964,1803440.0,Africa,Sub-Saharan Africa,1.80344,2.1737356889690584,1960,Standard
Togo,TGO,1965,1853771.0,Africa,Sub-Saharan Africa,1.853771,2.7908330745685994,1960,Standard
Togo,TGO,1966,1918513.0,Africa,Sub-Saharan Africa,1.918513,3.4924486357807982,1960,Standard
Togo,TGO,1967,1995890.0,Africa,Sub-Saharan Africa,1.99589,4.03317569388375,1960,Standard
Togo,TGO,1968,2080226.0,Africa,Sub-Saharan Africa,2.080226,4.225483368321892,1960,Standard
Togo,TGO,1969,2164814.0,Africa,Sub-Saharan Africa,2.164814,4.066288951296637,1960,Standard
Togo,TGO,1970,2244773.0,Africa,Sub-Saharan Africa,2.244773,3.6935736742279124,1970,Standard
Togo,TGO,1971,2317976.0,Africa,Sub-Saharan Africa,2.317976,3.2610424305709262,1970,Standard
Togo,TGO,1972,2384994.0,Africa,Sub-Saharan Africa,2.384994,2.891229244823923,1970,Standard
Togo,TGO,1973,2448749.0,Africa,Sub-Saharan Africa,2.448749,2.6731723434105126,1970,Standard
Togo,TGO,1974,2511760.0,Africa,Sub-Saharan Africa,2.51176,2.573191454085322,1970,Standard
Togo,TGO,1975,2574622.0,Africa,Sub-Saharan Africa,2.574622,2.502707265025328,1970,Standard
Togo,TGO,1976,2637796.0,Africa,Sub-Saharan Africa,2.637796,2.453719419782785,1970,Standard
Togo,TGO,1977,2701894.0,Africa,Sub-Saharan Africa,2.701894,2.4299832132583354,1970,Standard
Togo,TGO,1978,2768148.0,Africa,Sub-Saharan Africa,2.768148,2.4521317268553,1970,Standard
Togo,TGO,1979,2839854.0,Africa,Sub-Saharan Africa,2.839854,2.5903961782390184,1970,Standard
Togo,TGO,1980,2920894.0,Africa,Sub-Saharan Africa,2.920894,2.8536678294025064,1980,Standard
Togo,TGO,1981,3013043.0,Africa,Sub-Saharan Africa,3.013043,3.154821777168215,1980,Standard
Togo,TGO,1982,3115042.0,Africa,Sub-Saharan Africa,3.115042,3.3852487335892745,1980,Standard
Togo,TGO,1983,3222899.0,Africa,Sub-Saharan Africa,3.222899,3.462457328023194,1980,Standard
Togo,TGO,1984,3332837.0,Africa,Sub-Saharan Africa,3.332837,3.411152505865056,1980,Standard
Togo,TGO,1985,3441091.0,Africa,Sub-Saharan Africa,3.441091,3.248103642632394,1980,Standard
Togo,TGO,1986,3547952.0,Africa,Sub-Saharan Africa,3.547952,3.1054395248483635,1980,Standard
Togo,TGO,1987,3657508.0,Africa,Sub-Saharan Africa,3.657508,3.0878659012297804,1980,Standard
Togo,TGO,1988,3769742.0,Africa,Sub-Saharan Africa,3.769742,3.068592057761732,1980,Standard
Togo,TGO,1989,3883411.0,Africa,Sub-Saharan Africa,3.883411,3.0152991902363535,1980,Standard
Togo,TGO,1990,3998761.0,Africa,Sub-Saharan Africa,3.998761,2.9703268595572263,1990,Standard
Togo,TGO,1991,4115560.0,Africa,Sub-Saharan Africa,4.11556,2.9208797425002375,1990,Standard
Togo,TGO,1992,4233617.0,Africa,Sub-Saharan Africa,4.233617,2.8685525177618576,1990,Standard
Togo,TGO,1993,4207453.0,Africa,Sub-Saharan Africa,4.207453,-0.6180058328374982,1990,Standard
Togo,TGO,1994,4222940.0,Africa,Sub-Saharan Africa,4.22294,0.3680849197840175,1990,Standard
Togo,TGO,1995,4410832.0,Africa,Sub-Saharan Africa,4.410832,4.449317300269473,1990,Standard
Togo,TGO,1996,4577860.0,Africa,Sub-Saharan Africa,4.57786,3.786768573366661,1990,Standard
Togo,TGO,1997,4725030.0,Africa,Sub-Saharan Africa,4.72503,3.2148208988479254,1990,Standard
Togo,TGO,1998,4860913.0,Africa,Sub-Saharan Africa,4.860913,2.875812428704161,1990,Standard
Togo,TGO,1999,5000269.0,Africa,Sub-Saharan Africa,5.000269,2.866868837191694,1990,Standard
Togo,TGO,2000,5140037.0,Africa,Sub-Saharan Africa,5.140037,2.7952096177225716,2000,Standard
Togo,TGO,2001,5277382.0,Africa,Sub-Saharan Africa,5.277382,2.672062477371262,2000,Standard
Togo,TGO,2002,5413274.0,Africa,Sub-Saharan Africa,5.413274,2.5749888865350234,2000,Standard
Togo,TGO,2003,5552167.0,Africa,Sub-Saharan Africa,5.552167,2.56578551168849,2000,Standard
Togo,TGO,2004,5696508.0,Africa,Sub-Saharan Africa,5.696508,2.5997236754585984,2000,Standard
Togo,TGO,2005,5844631.0,Africa,Sub-Saharan Africa,5.844631,2.6002421132385045,2000,Standard
Togo,TGO,2006,6010668.0,Africa,Sub-Saharan Africa,6.010668,2.840846582102441,2000,Standard
Togo,TGO,2007,6188344.0,Africa,Sub-Saharan Africa,6.188344,2.956010879323223,2000,Standard
Togo,TGO,2008,6368812.0,Africa,Sub-Saharan Africa,6.368812,2.916256756250135,2000,Standard
Togo,TGO,2009,6551865.0,Africa,Sub-Saharan Africa,6.551865,2.8742095072048057,2000,Standard
Togo,TGO,2010,6732590.0,Africa,Sub-Saharan Africa,6.73259,2.7583749054658435,2010,Standard
Togo,TGO,2011,6916474.0,Africa,Sub-Saharan Africa,6.916474,2.7312520144550545,2010,Standard
Togo,TGO,2012,7100736.0,Africa,Sub-Saharan Africa,7.100736,2.664103125378614,2010,Standard
Togo,TGO,2013,7285442.0,Africa,Sub-Saharan Africa,7.285442,2.6012233098090087,2010,Standard
Togo,TGO,2014,7472450.0,Africa,Sub-Saharan Africa,7.47245,2.5668724011528754,2010,Standard
Togo,TGO,2015,7663195.0,Africa,Sub-Saharan Africa,7.663195,2.552643376670294,2010,Standard
Togo,TGO,2016,7858289.0,Africa,Sub-Saharan Africa,7.858289,2.5458571783701256,2010,Standard
Togo,TGO,2017,8057140.0,Africa,Sub-Saharan Africa,8.05714,2.5304617837292653,2010,Standard
Togo,TGO,2018,8258778.0,Africa,Sub-Saharan Africa,8.258778,2.50260017822701,2010,Standard
Togo,TGO,2019,8463068.0,Africa,Sub-Saharan Africa,8.463068,2.473610502667589,2010,Standard
Togo,TGO,2020,8669720.0,Africa,Sub-Saharan Africa,8.66972,2.4418095187229927,2020,Standard
Togo,TGO,2021,8878379.0,Africa,Sub-Saharan Africa,8.878379,2.4067559275270822,2020,Standard
Togo,TGO,2022,9089738.0,Africa,Sub-Saharan Africa,9.089738,2.3806034862895675,2020,Standard
Togo,TGO,2023,9304337.0,Africa,Sub-Saharan Africa,9.304337,2.36089313025305,2020,Standard
Togo,TGO,2024,9515236.0,Africa,Sub-Saharan Africa,9.515236,2.266674132718971,2020,Standard
Tunisia,TUN,1960,4267288.0,Africa,Sub-Saharan Africa,4.267288,,1960,Standard
Tunisia,TUN,1961,4316278.0,Africa,Sub-Saharan Africa,4.316278,1.1480359422659125,1960,Standard
Tunisia,TUN,1962,4369136.0,Africa,Sub-Saharan Africa,4.369136,1.2246199155846682,1960,Standard
Tunisia,TUN,1963,4427131.0,Africa,Sub-Saharan Africa,4.427131,1.32737914315324,1960,Standard
Tunisia,TUN,1964,4489869.0,Africa,Sub-Saharan Africa,4.489869,1.417125447609302,1960,Standard
Tunisia,TUN,1965,4561385.0,Africa,Sub-Saharan Africa,4.561385,1.5928304367009316,1960,Standard
Tunisia,TUN,1966,4652287.0,Africa,Sub-Saharan Africa,4.652287,1.9928596248727004,1960,Standard
Tunisia,TUN,1967,4760970.0,Africa,Sub-Saharan Africa,4.76097,2.336119848152096,1960,Standard
Tunisia,TUN,1968,4879899.0,Africa,Sub-Saharan Africa,4.879899,2.497999357273839,1960,Standard
Tunisia,TUN,1969,5004697.0,Africa,Sub-Saharan Africa,5.004697,2.5573889951410855,1960,Standard
Tunisia,TUN,1970,5131396.0,Africa,Sub-Saharan Africa,5.131396,2.531601813256623,1970,Standard
Tunisia,TUN,1971,5261658.0,Africa,Sub-Saharan Africa,5.261658,2.538529476189333,1970,Standard
Tunisia,TUN,1972,5396557.0,Africa,Sub-Saharan Africa,5.396557,2.563811635039759,1970,Standard
Tunisia,TUN,1973,5537242.0,Africa,Sub-Saharan Africa,5.537242,2.6069399433749973,1970,Standard
Tunisia,TUN,1974,5684674.0,Africa,Sub-Saharan Africa,5.684674,2.662552946033414,1970,Standard
Tunisia,TUN,1975,5839262.0,Africa,Sub-Saharan Africa,5.839262,2.7193819733550173,1970,Standard
Tunisia,TUN,1976,5996994.0,Africa,Sub-Saharan Africa,5.996994,2.7012317652470363,1970,Standard
Tunisia,TUN,1977,6155931.0,Africa,Sub-Saharan Africa,6.155931,2.6502777891723728,1970,Standard
Tunisia,TUN,1978,6309390.0,Africa,Sub-Saharan Africa,6.30939,2.4928641987702616,1970,Standard
Tunisia,TUN,1979,6456419.0,Africa,Sub-Saharan Africa,6.456419,2.330320363775251,1970,Standard
Tunisia,TUN,1980,6606195.0,Africa,Sub-Saharan Africa,6.606195,2.3197998766808725,1980,Standard
Tunisia,TUN,1981,6758284.0,Africa,Sub-Saharan Africa,6.758284,2.3022178424948025,1980,Standard
Tunisia,TUN,1982,6908642.0,Africa,Sub-Saharan Africa,6.908642,2.2247955250178864,1980,Standard
Tunisia,TUN,1983,7053800.0,Africa,Sub-Saharan Africa,7.0538,2.101107569331284,1980,Standard
Tunisia,TUN,1984,7220044.0,Africa,Sub-Saharan Africa,7.220044,2.3568005897530497,1980,Standard
Tunisia,TUN,1985,7409903.0,Africa,Sub-Saharan Africa,7.409903,2.6296100134569844,1980,Standard
Tunisia,TUN,1986,7600301.0,Africa,Sub-Saharan Africa,7.600301,2.5695073201362995,1980,Standard
Tunisia,TUN,1987,7789987.0,Africa,Sub-Saharan Africa,7.789987,2.4957695754418197,1980,Standard
Tunisia,TUN,1988,7974440.0,Africa,Sub-Saharan Africa,7.97444,2.367821666454639,1980,Standard
Tunisia,TUN,1989,8151660.0,Africa,Sub-Saharan Africa,8.15166,2.222350409558538,1980,Standard
Tunisia,TUN,1990,8324509.0,Africa,Sub-Saharan Africa,8.324509,2.120414737611731,1990,Standard
Tunisia,TUN,1991,8501827.0,Africa,Sub-Saharan Africa,8.501827,2.1300715753926225,1990,Standard
Tunisia,TUN,1992,8682512.0,Africa,Sub-Saharan Africa,8.682512,2.1252490788156386,1990,Standard
Tunisia,TUN,1993,8857910.0,Africa,Sub-Saharan Africa,8.85791,2.020129658329295,1990,Standard
Tunisia,TUN,1994,9018448.0,Africa,Sub-Saharan Africa,9.018448,1.8123688319253706,1990,Standard
Tunisia,TUN,1995,9161258.0,Africa,Sub-Saharan Africa,9.161258,1.5835318893006933,1990,Standard
Tunisia,TUN,1996,9294432.0,Africa,Sub-Saharan Africa,9.294432,1.4536649879306918,1990,Standard
Tunisia,TUN,1997,9421270.0,Africa,Sub-Saharan Africa,9.42127,1.3646665014064308,1990,Standard
Tunisia,TUN,1998,9541667.0,Africa,Sub-Saharan Africa,9.541667,1.2779274980973865,1990,Standard
Tunisia,TUN,1999,9655963.0,Africa,Sub-Saharan Africa,9.655963,1.197861966886915,1990,Standard
Tunisia,TUN,2000,9764935.0,Africa,Sub-Saharan Africa,9.764935,1.128546163650368,2000,Standard
Tunisia,TUN,2001,9869677.0,Africa,Sub-Saharan Africa,9.869677,1.0726338680185687,2000,Standard
Tunisia,TUN,2002,9971515.0,Africa,Sub-Saharan Africa,9.971515,1.031827080055403,2000,Standard
Tunisia,TUN,2003,10071632.0,Africa,Sub-Saharan Africa,10.071632,1.0040299793963037,2000,Standard
Tunisia,TUN,2004,10166163.0,Africa,Sub-Saharan Africa,10.166163,0.9385867156385341,2000,Standard
Tunisia,TUN,2005,10255472.0,Africa,Sub-Saharan Africa,10.255472,0.8784927017204014,2000,Standard
Tunisia,TUN,2006,10346410.0,Africa,Sub-Saharan Africa,10.34641,0.8867266177509991,2000,Standard
Tunisia,TUN,2007,10441702.0,Africa,Sub-Saharan Africa,10.441702,0.9210151153878465,2000,Standard
Tunisia,TUN,2008,10542635.0,Africa,Sub-Saharan Africa,10.542635,0.9666336005375475,2000,Standard
Tunisia,TUN,2009,10650681.0,Africa,Sub-Saharan Africa,10.650681,1.0248481522882935,2000,Standard
Tunisia,TUN,2010,10765980.0,Africa,Sub-Saharan Africa,10.76598,1.0825504960668697,2010,Standard
Tunisia,TUN,2011,10886035.0,Africa,Sub-Saharan Africa,10.886035,1.1151330394446157,2010,Standard
Tunisia,TUN,2012,11009647.0,Africa,Sub-Saharan Africa,11.009647,1.1355098527608964,2010,Standard
Tunisia,TUN,2013,11141361.0,Africa,Sub-Saharan Africa,11.141361,1.1963508003481005,2010,Standard
Tunisia,TUN,2014,11274288.0,Africa,Sub-Saharan Africa,11.274288,1.1930948113071604,2010,Standard
Tunisia,TUN,2015,11402264.0,Africa,Sub-Saharan Africa,11.402264,1.1351138094041868,2010,Standard
Tunisia,TUN,2016,11528674.0,Africa,Sub-Saharan Africa,11.528674,1.108639477212603,2010,Standard
Tunisia,TUN,2017,11650498.0,Africa,Sub-Saharan Africa,11.650498,1.056704352989768,2010,Standard
Tunisia,TUN,2018,11765514.0,Africa,Sub-Saharan Africa,11.765514,0.9872196021148527,2010,Standard
Tunisia,TUN,2019,11875081.0,Africa,Sub-Saharan Africa,11.875081,0.9312555320575067,2010,Standard
Tunisia,TUN,2020,11974057.0,Africa,Sub-Saharan Africa,11.974057,0.8334764200766287,2020,Standard
Tunisia,TUN,2021,12048622.0,Africa,Sub-Saharan Africa,12.048622,0.622721271495541,2020,Standard
Tunisia,TUN,2022,12119334.0,Africa,Sub-Saharan Africa,12.119334,0.5868886915034732,2020,Standard
Tunisia,TUN,2023,12200431.0,Africa,Sub-Saharan Africa,12.200431,0.6691539320559992,2020,Standard
Tunisia,TUN,2024,12277109.0,Africa,Sub-Saharan Africa,12.277109,0.6284859936505516,2020,Standard
Uganda,UGA,1960,7640973.0,Africa,Sub-Saharan Africa,7.640973,,1960,Standard
Uganda,UGA,1961,7862217.0,Africa,Sub-Saharan Africa,7.862217,2.8954951156089592,1960,Standard
Uganda,UGA,1962,8092231.0,Africa,Sub-Saharan Africa,8.092231,2.925561581421632,1960,Standard
Uganda,UGA,1963,8333663.0,Africa,Sub-Saharan Africa,8.333663,2.9835035603902105,1960,Standard
Uganda,UGA,1964,8586363.0,Africa,Sub-Saharan Africa,8.586363,3.0322800430014896,1960,Standard
Uganda,UGA,1965,8849203.0,Africa,Sub-Saharan Africa,8.849203,3.0611331014074317,1960,Standard
Uganda,UGA,1966,9122864.0,Africa,Sub-Saharan Africa,9.122864,3.092493188369616,1960,Standard
Uganda,UGA,1967,9408924.0,Africa,Sub-Saharan Africa,9.408924,3.135638106629668,1960,Standard
Uganda,UGA,1968,9708632.0,Africa,Sub-Saharan Africa,9.708632,3.185358920956327,1960,Standard
Uganda,UGA,1969,10014858.0,Africa,Sub-Saharan Africa,10.014858,3.1541621929845443,1960,Standard
Uganda,UGA,1970,10321603.0,Africa,Sub-Saharan Africa,10.321603,3.06289914445117,1970,Standard
Uganda,UGA,1971,10618206.0,Africa,Sub-Saharan Africa,10.618206,2.8736137206594847,1970,Standard
Uganda,UGA,1972,10885796.0,Africa,Sub-Saharan Africa,10.885796,2.5201055620883706,1970,Standard
Uganda,UGA,1973,11144236.0,Africa,Sub-Saharan Africa,11.144236,2.3741029135581737,1970,Standard
Uganda,UGA,1974,11424846.0,Africa,Sub-Saharan Africa,11.424846,2.5179832875039665,1970,Standard
Uganda,UGA,1975,11725240.0,Africa,Sub-Saharan Africa,11.72524,2.6293045875629417,1970,Standard
Uganda,UGA,1976,12037294.0,Africa,Sub-Saharan Africa,12.037294,2.6613868884560077,1970,Standard
Uganda,UGA,1977,12359669.0,Africa,Sub-Saharan Africa,12.359669,2.678135135687465,1970,Standard
Uganda,UGA,1978,12692113.0,Africa,Sub-Saharan Africa,12.692113,2.68974840669276,1970,Standard
Uganda,UGA,1979,13002163.0,Africa,Sub-Saharan Africa,13.002163,2.442855653743381,1970,Standard
Uganda,UGA,1980,13275741.0,Africa,Sub-Saharan Africa,13.275741,2.104096064631711,1980,Standard
Uganda,UGA,1981,13556452.0,Africa,Sub-Saharan Africa,13.556452,2.114465776335961,1980,Standard
Uganda,UGA,1982,13873631.0,Africa,Sub-Saharan Africa,13.873631,2.3396903555590987,1980,Standard
Uganda,UGA,1983,14221881.0,Africa,Sub-Saharan Africa,14.221881,2.510157578791028,1980,Standard
Uganda,UGA,1984,14607677.0,Africa,Sub-Saharan Africa,14.607677,2.7126932084440947,1980,Standard
Uganda,UGA,1985,15023681.0,Africa,Sub-Saharan Africa,15.023681,2.847845006430516,1980,Standard
Uganda,UGA,1986,15467579.0,Africa,Sub-Saharan Africa,15.467579,2.954655387051952,1980,Standard
Uganda,UGA,1987,15954170.0,Africa,Sub-Saharan Africa,15.95417,3.1458769339403503,1980,Standard
Uganda,UGA,1988,16470483.0,Africa,Sub-Saharan Africa,16.470483,3.236226014891397,1980,Standard
Uganda,UGA,1989,17010698.0,Africa,Sub-Saharan Africa,17.010698,3.279897741918081,1980,Standard
Uganda,UGA,1990,17569897.0,Africa,Sub-Saharan Africa,17.569897,3.287337180402594,1990,Standard
Uganda,UGA,1991,18155901.0,Africa,Sub-Saharan Africa,18.155901,3.3352728248776886,1990,Standard
Uganda,UGA,1992,18785032.0,Africa,Sub-Saharan Africa,18.785032,3.4651598948463036,1990,Standard
Uganda,UGA,1993,19445161.0,Africa,Sub-Saharan Africa,19.445161,3.514122307590428,1990,Standard
Uganda,UGA,1994,20108801.0,Africa,Sub-Saharan Africa,20.108801,3.4128799447842084,1990,Standard
Uganda,UGA,1995,20665667.0,Africa,Sub-Saharan Africa,20.665667,2.769265059612458,1990,Standard
Uganda,UGA,1996,21231550.0,Africa,Sub-Saharan Africa,21.23155,2.7382760014472263,1990,Standard
Uganda,UGA,1997,21856046.0,Africa,Sub-Saharan Africa,21.856046,2.9413584971422324,1990,Standard
Uganda,UGA,1998,22515806.0,Africa,Sub-Saharan Africa,22.515806,3.0186612894207876,1990,Standard
Uganda,UGA,1999,23257281.0,Africa,Sub-Saharan Africa,23.257281,3.293131056467624,1990,Standard
Uganda,UGA,2000,24000150.0,Africa,Sub-Saharan Africa,24.00015,3.1941352043689086,2000,Standard
Uganda,UGA,2001,24745676.0,Africa,Sub-Saharan Africa,24.745676,3.1063389187151014,2000,Standard
Uganda,UGA,2002,25532870.0,Africa,Sub-Saharan Africa,25.53287,3.181137585410876,2000,Standard
Uganda,UGA,2003,26352124.0,Africa,Sub-Saharan Africa,26.352124,3.208624804027127,2000,Standard
Uganda,UGA,2004,27154515.0,Africa,Sub-Saharan Africa,27.154515,3.044881695304702,2000,Standard
Uganda,UGA,2005,27963289.0,Africa,Sub-Saharan Africa,27.963289,2.9784144552020164,2000,Standard
Uganda,UGA,2006,28794003.0,Africa,Sub-Saharan Africa,28.794003,2.9707306604741746,2000,Standard
Uganda,UGA,2007,29653430.0,Africa,Sub-Saharan Africa,29.65343,2.9847430383333595,2000,Standard
Uganda,UGA,2008,30539553.0,Africa,Sub-Saharan Africa,30.539553,2.9882647639750237,2000,Large Population
Uganda,UGA,2009,31451151.0,Africa,Sub-Saharan Africa,31.451151,2.9849749274326376,2000,Large Population
Uganda,UGA,2010,32390802.0,Africa,Sub-Saharan Africa,32.390802,2.9876521848119397,2010,Large Population
Uganda,UGA,2011,33354543.0,Africa,Sub-Saharan Africa,33.354543,2.975353929180269,2010,Large Population
Uganda,UGA,2012,34337438.0,Africa,Sub-Saharan Africa,34.337438,2.9468099742814724,2010,Large Population
Uganda,UGA,2013,35337042.0,Africa,Sub-Saharan Africa,35.337042,2.9111199268856414,2010,Large Population
Uganda,UGA,2014,36395539.0,Africa,Sub-Saharan Africa,36.395539,2.99543181910924,2010,Large Population
Uganda,UGA,2015,37531446.0,Africa,Sub-Saharan Africa,37.531446,3.121006121107306,2010,Large Population
Uganda,UGA,2016,38799152.0,Africa,Sub-Saharan Africa,38.799152,3.3777169150370545,2010,Large Population
Uganda,UGA,2017,40177388.0,Africa,Sub-Saharan Africa,40.177388,3.5522322755920044,2010,Large Population
Uganda,UGA,2018,41565831.0,Africa,Sub-Saharan Africa,41.565831,3.455782142930741,2010,Large Population
Uganda,UGA,2019,42999637.0,Africa,Sub-Saharan Africa,42.999637,3.449482340434873,2010,Large Population
Uganda,UGA,2020,44457152.0,Africa,Sub-Saharan Africa,44.457152,3.389598381958425,2020,Large Population
Uganda,UGA,2021,45910930.0,Africa,Sub-Saharan Africa,45.91093,3.270065522865706,2020,Large Population
Uganda,UGA,2022,47312719.0,Africa,Sub-Saharan Africa,47.312719,3.0532794696164878,2020,Large Population
Uganda,UGA,2023,48656601.0,Africa,Sub-Saharan Africa,48.656601,2.84042436876224,2020,Large Population
Uganda,UGA,2024,50015092.0,Africa,Sub-Saharan Africa,50.015092,2.7919973283789368,2020,Large Population
Zambia,ZMB,1960,3153729.0,Africa,Sub-Saharan Africa,3.153729,,1960,Standard
Zambia,ZMB,1961,3254086.0,Africa,Sub-Saharan Africa,3.254086,3.1821694254642763,1960,Standard
Zambia,ZMB,1962,3358099.0,Africa,Sub-Saharan Africa,3.358099,3.1963814109399635,1960,Standard
Zambia,ZMB,1963,3465907.0,Africa,Sub-Saharan Africa,3.465907,3.2103877818968396,1960,Standard
Zambia,ZMB,1964,3577017.0,Africa,Sub-Saharan Africa,3.577017,3.205798655301484,1960,Standard
Zambia,ZMB,1965,3692086.0,Africa,Sub-Saharan Africa,3.692086,3.2168983261751327,1960,Standard
Zambia,ZMB,1966,3812003.0,Africa,Sub-Saharan Africa,3.812003,3.247947095490189,1960,Standard
Zambia,ZMB,1967,3936343.0,Africa,Sub-Saharan Africa,3.936343,3.2618022598618124,1960,Standard
Zambia,ZMB,1968,4065593.0,Africa,Sub-Saharan Africa,4.065593,3.2835045116749173,1960,Standard
Zambia,ZMB,1969,4197116.0,Africa,Sub-Saharan Africa,4.197116,3.2350262311057643,1960,Standard
Zambia,ZMB,1970,4321718.0,Africa,Sub-Saharan Africa,4.321718,2.968752829323762,1970,Standard
Zambia,ZMB,1971,4442525.0,Africa,Sub-Saharan Africa,4.442525,2.795346665377063,1970,Standard
Zambia,ZMB,1972,4569309.0,Africa,Sub-Saharan Africa,4.569309,2.8538725161929346,1970,Standard
Zambia,ZMB,1973,4702693.0,Africa,Sub-Saharan Africa,4.702693,2.9191284721606703,1970,Standard
Zambia,ZMB,1974,4842746.0,Africa,Sub-Saharan Africa,4.842746,2.978144650309944,1970,Standard
Zambia,ZMB,1975,4990086.0,Africa,Sub-Saharan Africa,4.990086,3.0424887037230564,1970,Standard
Zambia,ZMB,1976,5143842.0,Africa,Sub-Saharan Africa,5.143842,3.081229461776802,1970,Standard
Zambia,ZMB,1977,5302480.0,Africa,Sub-Saharan Africa,5.30248,3.084037184656907,1970,Standard
Zambia,ZMB,1978,5465374.0,Africa,Sub-Saharan Africa,5.465374,3.0720342179508364,1970,Standard
Zambia,ZMB,1979,5631728.0,Africa,Sub-Saharan Africa,5.631728,3.0437807183918197,1970,Standard
Zambia,ZMB,1980,5802833.0,Africa,Sub-Saharan Africa,5.802833,3.038232670327834,1980,Standard
Zambia,ZMB,1981,5983289.0,Africa,Sub-Saharan Africa,5.983289,3.1097913725933513,1980,Standard
Zambia,ZMB,1982,6178637.0,Africa,Sub-Saharan Africa,6.178637,3.264893271911151,1980,Standard
Zambia,ZMB,1983,6381038.0,Africa,Sub-Saharan Africa,6.381038,3.2758195699148507,1980,Standard
Zambia,ZMB,1984,6580490.0,Africa,Sub-Saharan Africa,6.58049,3.1256983581668063,1980,Standard
Zambia,ZMB,1985,6780953.0,Africa,Sub-Saharan Africa,6.780953,3.0463232981130517,1980,Standard
Zambia,ZMB,1986,6986471.0,Africa,Sub-Saharan Africa,6.986471,3.030812925557802,1980,Standard
Zambia,ZMB,1987,7191282.0,Africa,Sub-Saharan Africa,7.191282,2.9315372524984395,1980,Standard
Zambia,ZMB,1988,7391440.0,Africa,Sub-Saharan Africa,7.39144,2.7833423859612294,1980,Standard
Zambia,ZMB,1989,7589216.0,Africa,Sub-Saharan Africa,7.589216,2.675743833407296,1980,Standard
Zambia,ZMB,1990,7786169.0,Africa,Sub-Saharan Africa,7.786169,2.595169250684126,1990,Standard
Zambia,ZMB,1991,7981650.0,Africa,Sub-Saharan Africa,7.98165,2.5106185082805155,1990,Standard
Zambia,ZMB,1992,8176680.0,Africa,Sub-Saharan Africa,8.17668,2.4434797316344348,1990,Standard
Zambia,ZMB,1993,8373921.0,Africa,Sub-Saharan Africa,8.373921,2.4122382189348146,1990,Standard
Zambia,ZMB,1994,8576269.0,Africa,Sub-Saharan Africa,8.576269,2.4164068421471896,1990,Standard
Zambia,ZMB,1995,8785763.0,Africa,Sub-Saharan Africa,8.785763,2.442717223538571,1990,Standard
Zambia,ZMB,1996,9004053.0,Africa,Sub-Saharan Africa,9.004053,2.4845878496836393,1990,Standard
Zambia,ZMB,1997,9237063.0,Africa,Sub-Saharan Africa,9.237063,2.5878346118131557,1990,Standard
Zambia,ZMB,1998,9482408.0,Africa,Sub-Saharan Africa,9.482408,2.65609317593698,1990,Standard
Zambia,ZMB,1999,9740005.0,Africa,Sub-Saharan Africa,9.740005,2.7165778987784606,1990,Standard
Zambia,ZMB,2000,10017631.0,Africa,Sub-Saharan Africa,10.017631,2.850368146628268,2000,Standard
Zambia,ZMB,2001,10325185.0,Africa,Sub-Saharan Africa,10.325185,3.070127058982308,2000,Standard
Zambia,ZMB,2002,10647949.0,Africa,Sub-Saharan Africa,10.647949,3.1259875731040276,2000,Standard
Zambia,ZMB,2003,10983595.0,Africa,Sub-Saharan Africa,10.983595,3.1522126937309602,2000,Standard
Zambia,ZMB,2004,11338198.0,Africa,Sub-Saharan Africa,11.338198,3.2284784717572013,2000,Standard
Zambia,ZMB,2005,11718819.0,Africa,Sub-Saharan Africa,11.718819,3.356979654086123,2000,Standard
Zambia,ZMB,2006,12129553.0,Africa,Sub-Saharan Africa,12.129553,3.5049094964262117,2000,Standard
Zambia,ZMB,2007,12565085.0,Africa,Sub-Saharan Africa,12.565085,3.5906681804350082,2000,Standard
Zambia,ZMB,2008,13021324.0,Africa,Sub-Saharan Africa,13.021324,3.6310060775553765,2000,Standard
Zambia,ZMB,2009,13490389.0,Africa,Sub-Saharan Africa,13.490389,3.6022834544321203,2000,Standard
Zambia,ZMB,2010,13965594.0,Africa,Sub-Saharan Africa,13.965594,3.5225448280253424,2010,Standard
Zambia,ZMB,2011,14437796.0,Africa,Sub-Saharan Africa,14.437796,3.381180922200655,2010,Standard
Zambia,ZMB,2012,14913629.0,Africa,Sub-Saharan Africa,14.913629,3.2957454170982947,2010,Standard
Zambia,ZMB,2013,15398997.0,Africa,Sub-Saharan Africa,15.398997,3.254526446916439,2010,Standard
Zambia,ZMB,2014,15895315.0,Africa,Sub-Saharan Africa,15.895315,3.223054072937348,2010,Standard
Zambia,ZMB,2015,16399089.0,Africa,Sub-Saharan Africa,16.399089,3.169323791318379,2010,Standard
Zambia,ZMB,2016,16914423.0,Africa,Sub-Saharan Africa,16.914423,3.1424550473504897,2010,Standard
Zambia,ZMB,2017,17441320.0,Africa,Sub-Saharan Africa,17.44132,3.1150752230803214,2010,Standard
Zambia,ZMB,2018,17973569.0,Africa,Sub-Saharan Africa,17.973569,3.051655493964911,2010,Standard
Zambia,ZMB,2019,18513839.0,Africa,Sub-Saharan Africa,18.513839,3.00591385049902,2010,Standard
Zambia,ZMB,2020,19059395.0,Africa,Sub-Saharan Africa,19.059395,2.9467470252928063,2020,Standard
Zambia,ZMB,2021,19603607.0,Africa,Sub-Saharan Africa,19.603607,2.855347716965828,2020,Standard
Zambia,ZMB,2022,20152938.0,Africa,Sub-Saharan Africa,20.152938,2.802193494289096,2020,Standard
Zambia,ZMB,2023,20723965.0,Africa,Sub-Saharan Africa,20.723965,2.8334677554210597,2020,Standard
Zambia,ZMB,2024,21314956.0,Africa,Sub-Saharan Africa,21.314956,2.851727456594344,2020,Standard
Zimbabwe,ZWE,1960,3809389.0,Africa,Sub-Saharan Africa,3.809389,,1960,Standard
Zimbabwe,ZWE,1961,3930401.0,Africa,Sub-Saharan Africa,3.930401,3.1766774146720023,1960,Standard
Zimbabwe,ZWE,1962,4055959.0,Africa,Sub-Saharan Africa,4.055959,3.1945340946127443,1960,Standard
Zimbabwe,ZWE,1963,4185877.0,Africa,Sub-Saharan Africa,4.185877,3.2031388877451716,1960,Standard
Zimbabwe,ZWE,1964,4320006.0,Africa,Sub-Saharan Africa,4.320006,3.2043225350386617,1960,Standard
Zimbabwe,ZWE,1965,4458462.0,Africa,Sub-Saharan Africa,4.458462,3.2049955486172843,1960,Standard
Zimbabwe,ZWE,1966,4601217.0,Africa,Sub-Saharan Africa,4.601217,3.201888902495975,1960,Standard
Zimbabwe,ZWE,1967,4748307.0,Africa,Sub-Saharan Africa,4.748307,3.1967629433691025,1960,Standard
Zimbabwe,ZWE,1968,4900440.0,Africa,Sub-Saharan Africa,4.90044,3.203941952363243,1960,Standard
Zimbabwe,ZWE,1969,5058181.0,Africa,Sub-Saharan Africa,5.058181,3.21891503620082,1960,Standard
Zimbabwe,ZWE,1970,5215918.0,Africa,Sub-Saharan Africa,5.215918,3.1184530565434576,1970,Standard
Zimbabwe,ZWE,1971,5374712.0,Africa,Sub-Saharan Africa,5.374712,3.044411357693888,1970,Standard
Zimbabwe,ZWE,1972,5542445.0,Africa,Sub-Saharan Africa,5.542445,3.1207811692979925,1970,Standard
Zimbabwe,ZWE,1973,5720404.0,Africa,Sub-Saharan Africa,5.720404,3.2108392595686652,1970,Standard
Zimbabwe,ZWE,1974,5908328.0,Africa,Sub-Saharan Africa,5.908328,3.285152587124962,1970,Standard
Zimbabwe,ZWE,1975,6098658.0,Africa,Sub-Saharan Africa,6.098658,3.221385136370225,1970,Standard
Zimbabwe,ZWE,1976,6287105.0,Africa,Sub-Saharan Africa,6.287105,3.089974876440027,1970,Standard
Zimbabwe,ZWE,1977,6449512.0,Africa,Sub-Saharan Africa,6.449512,2.583176199538584,1970,Standard
Zimbabwe,ZWE,1978,6543575.0,Africa,Sub-Saharan Africa,6.543575,1.4584514301237084,1970,Standard
Zimbabwe,ZWE,1979,6647556.0,Africa,Sub-Saharan Africa,6.647556,1.5890549126433173,1970,Standard
Zimbabwe,ZWE,1980,7041303.0,Africa,Sub-Saharan Africa,7.041303,5.923184400402204,1980,Standard
Zimbabwe,ZWE,1981,7498635.0,Africa,Sub-Saharan Africa,7.498635,6.494991054922639,1980,Standard
Zimbabwe,ZWE,1982,7796496.0,Africa,Sub-Saharan Africa,7.796496,3.9722029409352544,1980,Standard
Zimbabwe,ZWE,1983,8098404.0,Africa,Sub-Saharan Africa,8.098404,3.872354965615332,1980,Standard
Zimbabwe,ZWE,1984,8391488.0,Africa,Sub-Saharan Africa,8.391488,3.619034071404692,1980,Standard
Zimbabwe,ZWE,1985,8686813.0,Africa,Sub-Saharan Africa,8.686813,3.51934007413226,1980,Standard
Zimbabwe,ZWE,1986,8982578.0,Africa,Sub-Saharan Africa,8.982578,3.404758453992285,1980,Standard
Zimbabwe,ZWE,1987,9284644.0,Africa,Sub-Saharan Africa,9.284644,3.362798519534138,1980,Standard
Zimbabwe,ZWE,1988,9583094.0,Africa,Sub-Saharan Africa,9.583094,3.2144474252324695,1980,Standard
Zimbabwe,ZWE,1989,9864798.0,Africa,Sub-Saharan Africa,9.864798,2.9395934131502877,1980,Standard
Zimbabwe,ZWE,1990,10137281.0,Africa,Sub-Saharan Africa,10.137281,2.7621751606064393,1990,Standard
Zimbabwe,ZWE,1991,10404816.0,Africa,Sub-Saharan Africa,10.404816,2.6391198981265296,1990,Standard
Zimbabwe,ZWE,1992,10702700.0,Africa,Sub-Saharan Africa,10.7027,2.8629434677172494,1990,Standard
Zimbabwe,ZWE,1993,10860288.0,Africa,Sub-Saharan Africa,10.860288,1.4724135031347174,1990,Standard
Zimbabwe,ZWE,1994,10873148.0,Africa,Sub-Saharan Africa,10.873148,0.11841306602551338,1990,Standard
Zimbabwe,ZWE,1995,10974599.0,Africa,Sub-Saharan Africa,10.974599,0.9330416545419995,1990,Standard
Zimbabwe,ZWE,1996,11158360.0,Africa,Sub-Saharan Africa,11.15836,1.6744210881873611,1990,Standard
Zimbabwe,ZWE,1997,11369827.0,Africa,Sub-Saharan Africa,11.369827,1.8951440892747584,1990,Standard
Zimbabwe,ZWE,1998,11594297.0,Africa,Sub-Saharan Africa,11.594297,1.9742604702780442,1990,Standard
Zimbabwe,ZWE,1999,11783458.0,Africa,Sub-Saharan Africa,11.783458,1.6315003833350161,1990,Standard
Zimbabwe,ZWE,2000,11892055.0,Africa,Sub-Saharan Africa,11.892055,0.921605525305047,2000,Standard
Zimbabwe,ZWE,2001,11971901.0,Africa,Sub-Saharan Africa,11.971901,0.6714230635495699,2000,Standard
Zimbabwe,ZWE,2002,12087653.0,Africa,Sub-Saharan Africa,12.087653,0.9668639926107003,2000,Standard
Zimbabwe,ZWE,2003,12232323.0,Africa,Sub-Saharan Africa,12.232323,1.1968411072025287,2000,Standard
Zimbabwe,ZWE,2004,12365896.0,Africa,Sub-Saharan Africa,12.365896,1.0919675682206975,2000,Standard
Zimbabwe,ZWE,2005,12483432.0,Africa,Sub-Saharan Africa,12.483432,0.9504851083981247,2000,Standard
Zimbabwe,ZWE,2006,12636445.0,Africa,Sub-Saharan Africa,12.636445,1.2257286297550296,2000,Standard
Zimbabwe,ZWE,2007,12804058.0,Africa,Sub-Saharan Africa,12.804058,1.3264252722977155,2000,Standard
Zimbabwe,ZWE,2008,12959149.0,Africa,Sub-Saharan Africa,12.959149,1.2112644288240437,2000,Standard
Zimbabwe,ZWE,2009,13142790.0,Africa,Sub-Saharan Africa,13.14279,1.4170760749799172,2000,Standard
Zimbabwe,ZWE,2010,13356548.0,Africa,Sub-Saharan Africa,13.356548,1.6264278741423999,2010,Standard
Zimbabwe,ZWE,2011,13595424.0,Africa,Sub-Saharan Africa,13.595424,1.7884561190511183,2010,Standard
Zimbabwe,ZWE,2012,13817887.0,Africa,Sub-Saharan Africa,13.817887,1.636307922430369,2010,Standard
Zimbabwe,ZWE,2013,14013808.0,Africa,Sub-Saharan Africa,14.013808,1.417879593312632,2010,Standard
Zimbabwe,ZWE,2014,14207359.0,Africa,Sub-Saharan Africa,14.207359,1.3811449393341224,2010,Standard
Zimbabwe,ZWE,2015,14399013.0,Africa,Sub-Saharan Africa,14.399013,1.3489769632765602,2010,Standard
Zimbabwe,ZWE,2016,14600294.0,Africa,Sub-Saharan Africa,14.600294,1.397880535283913,2010,Standard
Zimbabwe,ZWE,2017,14812482.0,Africa,Sub-Saharan Africa,14.812482,1.453313200405426,2010,Standard
Zimbabwe,ZWE,2018,15034452.0,Africa,Sub-Saharan Africa,15.034452,1.498533466572316,2010,Standard
Zimbabwe,ZWE,2019,15271368.0,Africa,Sub-Saharan Africa,15.271368,1.57582065511932,2010,Standard
Zimbabwe,ZWE,2020,15526888.0,Africa,Sub-Saharan Africa,15.526888,1.6731965335391008,2020,Standard
Zimbabwe,ZWE,2021,15797210.0,Africa,Sub-Saharan Africa,15.79721,1.7409927861912866,2020,Standard
Zimbabwe,ZWE,2022,16069056.0,Africa,Sub-Saharan Africa,16.069056,1.7208481750891513,2020,Standard
Zimbabwe,ZWE,2023,16340822.0,Africa,Sub-Saharan Africa,16.340822,1.6912381162900836,2020,Standard
Zimbabwe,ZWE,2024,16634373.0,Africa,Sub-Saharan Africa,16.634373,1.7964273767868022,2020,Standard
